--
-- PostgreSQL database dump
--

-- Dumped from database version 12.22 (Ubuntu 12.22-0ubuntu0.20.04.2)
-- Dumped by pg_dump version 12.22 (Ubuntu 12.22-0ubuntu0.20.04.2)

SET statement_timeout = 0;
SET lock_timeout = 0;
SET idle_in_transaction_session_timeout = 0;
SET client_encoding = 'UTF8';
SET standard_conforming_strings = on;
SELECT pg_catalog.set_config('search_path', '', false);
SET check_function_bodies = false;
SET xmloption = content;
SET client_min_messages = warning;
SET row_security = off;

SET default_tablespace = '';

SET default_table_access_method = heap;

--
-- Name: appointments_appointment; Type: TABLE; Schema: public; Owner: postgres
--

CREATE TABLE public.appointments_appointment (
    id bigint NOT NULL,
    created_at timestamp with time zone NOT NULL,
    modified_at timestamp with time zone NOT NULL,
    schedule timestamp with time zone NOT NULL,
    description character varying(255) NOT NULL,
    created_by_id bigint,
    modified_by_id bigint,
    order_id bigint,
    person_id bigint,
    status_id bigint NOT NULL,
    with_person_id bigint
);


ALTER TABLE public.appointments_appointment OWNER TO postgres;

--
-- Name: appointments_appointment_id_seq; Type: SEQUENCE; Schema: public; Owner: postgres
--

ALTER TABLE public.appointments_appointment ALTER COLUMN id ADD GENERATED BY DEFAULT AS IDENTITY (
    SEQUENCE NAME public.appointments_appointment_id_seq
    START WITH 1
    INCREMENT BY 1
    NO MINVALUE
    NO MAXVALUE
    CACHE 1
);


--
-- Name: auth_group; Type: TABLE; Schema: public; Owner: postgres
--

CREATE TABLE public.auth_group (
    id integer NOT NULL,
    name character varying(150) NOT NULL
);


ALTER TABLE public.auth_group OWNER TO postgres;

--
-- Name: auth_group_id_seq; Type: SEQUENCE; Schema: public; Owner: postgres
--

ALTER TABLE public.auth_group ALTER COLUMN id ADD GENERATED BY DEFAULT AS IDENTITY (
    SEQUENCE NAME public.auth_group_id_seq
    START WITH 1
    INCREMENT BY 1
    NO MINVALUE
    NO MAXVALUE
    CACHE 1
);


--
-- Name: auth_group_permissions; Type: TABLE; Schema: public; Owner: postgres
--

CREATE TABLE public.auth_group_permissions (
    id bigint NOT NULL,
    group_id integer NOT NULL,
    permission_id integer NOT NULL
);


ALTER TABLE public.auth_group_permissions OWNER TO postgres;

--
-- Name: auth_group_permissions_id_seq; Type: SEQUENCE; Schema: public; Owner: postgres
--

ALTER TABLE public.auth_group_permissions ALTER COLUMN id ADD GENERATED BY DEFAULT AS IDENTITY (
    SEQUENCE NAME public.auth_group_permissions_id_seq
    START WITH 1
    INCREMENT BY 1
    NO MINVALUE
    NO MAXVALUE
    CACHE 1
);


--
-- Name: auth_permission; Type: TABLE; Schema: public; Owner: postgres
--

CREATE TABLE public.auth_permission (
    id integer NOT NULL,
    name character varying(255) NOT NULL,
    codename character varying(100) NOT NULL,
    content_type_id integer NOT NULL
);


ALTER TABLE public.auth_permission OWNER TO postgres;

--
-- Name: auth_permission_id_seq; Type: SEQUENCE; Schema: public; Owner: postgres
--

ALTER TABLE public.auth_permission ALTER COLUMN id ADD GENERATED BY DEFAULT AS IDENTITY (
    SEQUENCE NAME public.auth_permission_id_seq
    START WITH 1
    INCREMENT BY 1
    NO MINVALUE
    NO MAXVALUE
    CACHE 1
);


--
-- Name: django_admin_log; Type: TABLE; Schema: public; Owner: postgres
--

CREATE TABLE public.django_admin_log (
    id integer NOT NULL,
    action_time timestamp with time zone NOT NULL,
    object_id text,
    object_repr character varying(200) NOT NULL,
    action_flag smallint NOT NULL,
    change_message text NOT NULL,
    content_type_id integer,
    user_id bigint NOT NULL,
    CONSTRAINT django_admin_log_action_flag_check CHECK ((action_flag >= 0))
);


ALTER TABLE public.django_admin_log OWNER TO postgres;

--
-- Name: django_admin_log_id_seq; Type: SEQUENCE; Schema: public; Owner: postgres
--

ALTER TABLE public.django_admin_log ALTER COLUMN id ADD GENERATED BY DEFAULT AS IDENTITY (
    SEQUENCE NAME public.django_admin_log_id_seq
    START WITH 1
    INCREMENT BY 1
    NO MINVALUE
    NO MAXVALUE
    CACHE 1
);


--
-- Name: django_content_type; Type: TABLE; Schema: public; Owner: postgres
--

CREATE TABLE public.django_content_type (
    id integer NOT NULL,
    app_label character varying(100) NOT NULL,
    model character varying(100) NOT NULL
);


ALTER TABLE public.django_content_type OWNER TO postgres;

--
-- Name: django_content_type_id_seq; Type: SEQUENCE; Schema: public; Owner: postgres
--

ALTER TABLE public.django_content_type ALTER COLUMN id ADD GENERATED BY DEFAULT AS IDENTITY (
    SEQUENCE NAME public.django_content_type_id_seq
    START WITH 1
    INCREMENT BY 1
    NO MINVALUE
    NO MAXVALUE
    CACHE 1
);


--
-- Name: django_migrations; Type: TABLE; Schema: public; Owner: postgres
--

CREATE TABLE public.django_migrations (
    id bigint NOT NULL,
    app character varying(255) NOT NULL,
    name character varying(255) NOT NULL,
    applied timestamp with time zone NOT NULL
);


ALTER TABLE public.django_migrations OWNER TO postgres;

--
-- Name: django_migrations_id_seq; Type: SEQUENCE; Schema: public; Owner: postgres
--

ALTER TABLE public.django_migrations ALTER COLUMN id ADD GENERATED BY DEFAULT AS IDENTITY (
    SEQUENCE NAME public.django_migrations_id_seq
    START WITH 1
    INCREMENT BY 1
    NO MINVALUE
    NO MAXVALUE
    CACHE 1
);


--
-- Name: django_session; Type: TABLE; Schema: public; Owner: postgres
--

CREATE TABLE public.django_session (
    session_key character varying(40) NOT NULL,
    session_data text NOT NULL,
    expire_date timestamp with time zone NOT NULL
);


ALTER TABLE public.django_session OWNER TO postgres;

--
-- Name: invoices_invoice; Type: TABLE; Schema: public; Owner: postgres
--

CREATE TABLE public.invoices_invoice (
    id bigint NOT NULL,
    created_at timestamp with time zone NOT NULL,
    modified_at timestamp with time zone NOT NULL,
    is_client boolean NOT NULL,
    serial character varying(10) NOT NULL,
    number character varying(20) NOT NULL,
    deadline date NOT NULL,
    value numeric(10,2) NOT NULL,
    description character varying(255),
    cancellation_to_id bigint,
    cancelled_from_id bigint,
    created_by_id bigint,
    currency_id bigint,
    modified_by_id bigint,
    person_id bigint NOT NULL,
    is_recurrent boolean NOT NULL,
    payed numeric(10,2) NOT NULL
);


ALTER TABLE public.invoices_invoice OWNER TO postgres;

--
-- Name: invoices_invoice_id_seq; Type: SEQUENCE; Schema: public; Owner: postgres
--

ALTER TABLE public.invoices_invoice ALTER COLUMN id ADD GENERATED BY DEFAULT AS IDENTITY (
    SEQUENCE NAME public.invoices_invoice_id_seq
    START WITH 1
    INCREMENT BY 1
    NO MINVALUE
    NO MAXVALUE
    CACHE 1
);


--
-- Name: invoices_invoiceelement; Type: TABLE; Schema: public; Owner: postgres
--

CREATE TABLE public.invoices_invoiceelement (
    id bigint NOT NULL,
    element_id bigint NOT NULL,
    invoice_id bigint NOT NULL
);


ALTER TABLE public.invoices_invoiceelement OWNER TO postgres;

--
-- Name: invoices_invoiceelement_id_seq; Type: SEQUENCE; Schema: public; Owner: postgres
--

ALTER TABLE public.invoices_invoiceelement ALTER COLUMN id ADD GENERATED BY DEFAULT AS IDENTITY (
    SEQUENCE NAME public.invoices_invoiceelement_id_seq
    START WITH 1
    INCREMENT BY 1
    NO MINVALUE
    NO MAXVALUE
    CACHE 1
);


--
-- Name: invoices_proforma; Type: TABLE; Schema: public; Owner: postgres
--

CREATE TABLE public.invoices_proforma (
    id bigint NOT NULL,
    created_at timestamp with time zone NOT NULL,
    modified_at timestamp with time zone NOT NULL,
    is_client boolean NOT NULL,
    serial character varying(10) NOT NULL,
    number character varying(20) NOT NULL,
    deadline date NOT NULL,
    value numeric(10,2) NOT NULL,
    description character varying(255),
    created_by_id bigint,
    currency_id bigint,
    invoice_id bigint,
    modified_by_id bigint,
    person_id bigint NOT NULL
);


ALTER TABLE public.invoices_proforma OWNER TO postgres;

--
-- Name: invoices_proforma_id_seq; Type: SEQUENCE; Schema: public; Owner: postgres
--

ALTER TABLE public.invoices_proforma ALTER COLUMN id ADD GENERATED BY DEFAULT AS IDENTITY (
    SEQUENCE NAME public.invoices_proforma_id_seq
    START WITH 1
    INCREMENT BY 1
    NO MINVALUE
    NO MAXVALUE
    CACHE 1
);


--
-- Name: invoices_proformaelement; Type: TABLE; Schema: public; Owner: postgres
--

CREATE TABLE public.invoices_proformaelement (
    id bigint NOT NULL,
    element_id bigint NOT NULL,
    proforma_id bigint NOT NULL
);


ALTER TABLE public.invoices_proformaelement OWNER TO postgres;

--
-- Name: invoices_proformaelement_id_seq; Type: SEQUENCE; Schema: public; Owner: postgres
--

ALTER TABLE public.invoices_proformaelement ALTER COLUMN id ADD GENERATED BY DEFAULT AS IDENTITY (
    SEQUENCE NAME public.invoices_proformaelement_id_seq
    START WITH 1
    INCREMENT BY 1
    NO MINVALUE
    NO MAXVALUE
    CACHE 1
);


--
-- Name: orders_offer; Type: TABLE; Schema: public; Owner: postgres
--

CREATE TABLE public.orders_offer (
    id bigint NOT NULL,
    created_at timestamp with time zone NOT NULL,
    modified_at timestamp with time zone NOT NULL,
    deadline timestamp with time zone NOT NULL,
    serial character varying(10) NOT NULL,
    number character varying(20) NOT NULL,
    value numeric(10,2) NOT NULL,
    description character varying(255),
    created_by_id bigint,
    currency_id bigint,
    modified_by_id bigint,
    order_id bigint,
    person_id bigint NOT NULL,
    status_id bigint NOT NULL,
    is_client boolean NOT NULL
);


ALTER TABLE public.orders_offer OWNER TO postgres;

--
-- Name: orders_offer_id_seq; Type: SEQUENCE; Schema: public; Owner: postgres
--

ALTER TABLE public.orders_offer ALTER COLUMN id ADD GENERATED BY DEFAULT AS IDENTITY (
    SEQUENCE NAME public.orders_offer_id_seq
    START WITH 1
    INCREMENT BY 1
    NO MINVALUE
    NO MAXVALUE
    CACHE 1
);


--
-- Name: orders_offerelement; Type: TABLE; Schema: public; Owner: postgres
--

CREATE TABLE public.orders_offerelement (
    id bigint NOT NULL,
    description character varying(255),
    quantity smallint NOT NULL,
    price numeric(10,2) NOT NULL,
    offer_id bigint NOT NULL,
    service_id bigint,
    um_id bigint
);


ALTER TABLE public.orders_offerelement OWNER TO postgres;

--
-- Name: orders_offerelement_id_seq; Type: SEQUENCE; Schema: public; Owner: postgres
--

ALTER TABLE public.orders_offerelement ALTER COLUMN id ADD GENERATED BY DEFAULT AS IDENTITY (
    SEQUENCE NAME public.orders_offerelement_id_seq
    START WITH 1
    INCREMENT BY 1
    NO MINVALUE
    NO MAXVALUE
    CACHE 1
);


--
-- Name: orders_order; Type: TABLE; Schema: public; Owner: postgres
--

CREATE TABLE public.orders_order (
    id bigint NOT NULL,
    created_at timestamp with time zone NOT NULL,
    modified_at timestamp with time zone NOT NULL,
    is_client boolean NOT NULL,
    deadline timestamp with time zone NOT NULL,
    serial character varying(10) NOT NULL,
    number character varying(20) NOT NULL,
    value numeric(10,2) NOT NULL,
    description character varying(255),
    created_by_id bigint,
    currency_id bigint,
    modified_by_id bigint,
    person_id bigint NOT NULL,
    status_id bigint NOT NULL,
    invoiced numeric(10,2) NOT NULL
);


ALTER TABLE public.orders_order OWNER TO postgres;

--
-- Name: orders_order_id_seq; Type: SEQUENCE; Schema: public; Owner: postgres
--

ALTER TABLE public.orders_order ALTER COLUMN id ADD GENERATED BY DEFAULT AS IDENTITY (
    SEQUENCE NAME public.orders_order_id_seq
    START WITH 1
    INCREMENT BY 1
    NO MINVALUE
    NO MAXVALUE
    CACHE 1
);


--
-- Name: orders_orderelement; Type: TABLE; Schema: public; Owner: postgres
--

CREATE TABLE public.orders_orderelement (
    id bigint NOT NULL,
    description character varying(255),
    quantity smallint NOT NULL,
    price numeric(10,2) NOT NULL,
    order_id bigint NOT NULL,
    service_id bigint,
    status_id bigint NOT NULL,
    um_id bigint
);


ALTER TABLE public.orders_orderelement OWNER TO postgres;

--
-- Name: orders_orderelement_id_seq; Type: SEQUENCE; Schema: public; Owner: postgres
--

ALTER TABLE public.orders_orderelement ALTER COLUMN id ADD GENERATED BY DEFAULT AS IDENTITY (
    SEQUENCE NAME public.orders_orderelement_id_seq
    START WITH 1
    INCREMENT BY 1
    NO MINVALUE
    NO MAXVALUE
    CACHE 1
);


--
-- Name: payments_payment; Type: TABLE; Schema: public; Owner: postgres
--

CREATE TABLE public.payments_payment (
    id bigint NOT NULL,
    created_at timestamp with time zone NOT NULL,
    modified_at timestamp with time zone NOT NULL,
    type character varying(6) NOT NULL,
    is_client boolean NOT NULL,
    serial character varying(10) NOT NULL,
    number character varying(20) NOT NULL,
    value numeric(10,2) NOT NULL,
    payment_date date NOT NULL,
    description character varying(255),
    created_by_id bigint,
    currency_id bigint,
    modified_by_id bigint,
    person_id bigint NOT NULL,
    cancellation_to_id bigint,
    cancelled_from_id bigint,
    is_recurrent boolean NOT NULL
);


ALTER TABLE public.payments_payment OWNER TO postgres;

--
-- Name: payments_payment_id_seq; Type: SEQUENCE; Schema: public; Owner: postgres
--

ALTER TABLE public.payments_payment ALTER COLUMN id ADD GENERATED BY DEFAULT AS IDENTITY (
    SEQUENCE NAME public.payments_payment_id_seq
    START WITH 1
    INCREMENT BY 1
    NO MINVALUE
    NO MAXVALUE
    CACHE 1
);


--
-- Name: payments_paymentelement; Type: TABLE; Schema: public; Owner: postgres
--

CREATE TABLE public.payments_paymentelement (
    id bigint NOT NULL,
    invoice_id bigint NOT NULL,
    payment_id bigint NOT NULL
);


ALTER TABLE public.payments_paymentelement OWNER TO postgres;

--
-- Name: payments_paymentelement_id_seq; Type: SEQUENCE; Schema: public; Owner: postgres
--

ALTER TABLE public.payments_paymentelement ALTER COLUMN id ADD GENERATED BY DEFAULT AS IDENTITY (
    SEQUENCE NAME public.payments_paymentelement_id_seq
    START WITH 1
    INCREMENT BY 1
    NO MINVALUE
    NO MAXVALUE
    CACHE 1
);


--
-- Name: persons_person; Type: TABLE; Schema: public; Owner: postgres
--

CREATE TABLE public.persons_person (
    id bigint NOT NULL,
    created_at timestamp with time zone NOT NULL,
    modified_at timestamp with time zone NOT NULL,
    entity character varying(2) NOT NULL,
    gender character varying(2) NOT NULL,
    firstname character varying(100) NOT NULL,
    lastname character varying(100) NOT NULL,
    identity_card character varying(30) NOT NULL,
    company_name character varying(100) NOT NULL,
    company_tax_code character varying(30) NOT NULL,
    company_iban character varying(34) NOT NULL,
    phone character varying(100) NOT NULL,
    email character varying(255) NOT NULL,
    address character varying(255) NOT NULL,
    services character varying(255) NOT NULL,
    created_by_id bigint,
    modified_by_id bigint,
    token character varying(20) NOT NULL
);


ALTER TABLE public.persons_person OWNER TO postgres;

--
-- Name: persons_person_id_seq; Type: SEQUENCE; Schema: public; Owner: postgres
--

ALTER TABLE public.persons_person ALTER COLUMN id ADD GENERATED BY DEFAULT AS IDENTITY (
    SEQUENCE NAME public.persons_person_id_seq
    START WITH 1
    INCREMENT BY 1
    NO MINVALUE
    NO MAXVALUE
    CACHE 1
);


--
-- Name: services_currency; Type: TABLE; Schema: public; Owner: postgres
--

CREATE TABLE public.services_currency (
    id bigint NOT NULL,
    name character varying(20) NOT NULL,
    symbol character varying(3) NOT NULL
);


ALTER TABLE public.services_currency OWNER TO postgres;

--
-- Name: services_currency_id_seq; Type: SEQUENCE; Schema: public; Owner: postgres
--

ALTER TABLE public.services_currency ALTER COLUMN id ADD GENERATED BY DEFAULT AS IDENTITY (
    SEQUENCE NAME public.services_currency_id_seq
    START WITH 1
    INCREMENT BY 1
    NO MINVALUE
    NO MAXVALUE
    CACHE 1
);


--
-- Name: services_serial; Type: TABLE; Schema: public; Owner: postgres
--

CREATE TABLE public.services_serial (
    id bigint NOT NULL,
    offer_serial character varying(10) NOT NULL,
    offer_number integer NOT NULL,
    order_serial character varying(10) NOT NULL,
    order_number integer NOT NULL,
    p_order_serial character varying(10) NOT NULL,
    p_order_number integer NOT NULL,
    proforma_serial character varying(10) NOT NULL,
    proforma_number integer NOT NULL,
    invoice_serial character varying(10) NOT NULL,
    invoice_number integer NOT NULL,
    receipt_serial character varying(10) NOT NULL,
    receipt_number integer NOT NULL,
    CONSTRAINT services_serial_invoice_number_check CHECK ((invoice_number >= 0)),
    CONSTRAINT services_serial_offer_number_check CHECK ((offer_number >= 0)),
    CONSTRAINT services_serial_order_number_check CHECK ((order_number >= 0)),
    CONSTRAINT services_serial_p_order_number_check CHECK ((p_order_number >= 0)),
    CONSTRAINT services_serial_proforma_number_check CHECK ((proforma_number >= 0)),
    CONSTRAINT services_serial_receipt_number_check CHECK ((receipt_number >= 0))
);


ALTER TABLE public.services_serial OWNER TO postgres;

--
-- Name: services_serial_id_seq; Type: SEQUENCE; Schema: public; Owner: postgres
--

ALTER TABLE public.services_serial ALTER COLUMN id ADD GENERATED BY DEFAULT AS IDENTITY (
    SEQUENCE NAME public.services_serial_id_seq
    START WITH 1
    INCREMENT BY 1
    NO MINVALUE
    NO MAXVALUE
    CACHE 1
);


--
-- Name: services_service; Type: TABLE; Schema: public; Owner: postgres
--

CREATE TABLE public.services_service (
    id bigint NOT NULL,
    name character varying(200) NOT NULL,
    price_min numeric(8,2) NOT NULL,
    price_max numeric(8,2) NOT NULL,
    icon character varying(100) NOT NULL,
    currency_id bigint NOT NULL,
    um_id bigint NOT NULL
);


ALTER TABLE public.services_service OWNER TO postgres;

--
-- Name: services_service_id_seq; Type: SEQUENCE; Schema: public; Owner: postgres
--

ALTER TABLE public.services_service ALTER COLUMN id ADD GENERATED BY DEFAULT AS IDENTITY (
    SEQUENCE NAME public.services_service_id_seq
    START WITH 1
    INCREMENT BY 1
    NO MINVALUE
    NO MAXVALUE
    CACHE 1
);


--
-- Name: services_status; Type: TABLE; Schema: public; Owner: postgres
--

CREATE TABLE public.services_status (
    id bigint NOT NULL,
    name character varying(25) NOT NULL,
    style character varying(25) NOT NULL,
    percent smallint NOT NULL
);


ALTER TABLE public.services_status OWNER TO postgres;

--
-- Name: services_status_id_seq; Type: SEQUENCE; Schema: public; Owner: postgres
--

ALTER TABLE public.services_status ALTER COLUMN id ADD GENERATED BY DEFAULT AS IDENTITY (
    SEQUENCE NAME public.services_status_id_seq
    START WITH 1
    INCREMENT BY 1
    NO MINVALUE
    NO MAXVALUE
    CACHE 1
);


--
-- Name: services_um; Type: TABLE; Schema: public; Owner: postgres
--

CREATE TABLE public.services_um (
    id bigint NOT NULL,
    name character varying(15) NOT NULL
);


ALTER TABLE public.services_um OWNER TO postgres;

--
-- Name: services_um_id_seq; Type: SEQUENCE; Schema: public; Owner: postgres
--

ALTER TABLE public.services_um ALTER COLUMN id ADD GENERATED BY DEFAULT AS IDENTITY (
    SEQUENCE NAME public.services_um_id_seq
    START WITH 1
    INCREMENT BY 1
    NO MINVALUE
    NO MAXVALUE
    CACHE 1
);


--
-- Name: users_customuser; Type: TABLE; Schema: public; Owner: postgres
--

CREATE TABLE public.users_customuser (
    id bigint NOT NULL,
    password character varying(128) NOT NULL,
    last_login timestamp with time zone,
    is_superuser boolean NOT NULL,
    username character varying(150) NOT NULL,
    first_name character varying(150) NOT NULL,
    last_name character varying(150) NOT NULL,
    email character varying(254) NOT NULL,
    is_staff boolean NOT NULL,
    is_active boolean NOT NULL,
    date_joined timestamp with time zone NOT NULL,
    date_of_birth date,
    profile_picture character varying(100) NOT NULL,
    phone character varying(20),
    address character varying(255)
);


ALTER TABLE public.users_customuser OWNER TO postgres;

--
-- Name: users_customuser_groups; Type: TABLE; Schema: public; Owner: postgres
--

CREATE TABLE public.users_customuser_groups (
    id bigint NOT NULL,
    customuser_id bigint NOT NULL,
    group_id integer NOT NULL
);


ALTER TABLE public.users_customuser_groups OWNER TO postgres;

--
-- Name: users_customuser_groups_id_seq; Type: SEQUENCE; Schema: public; Owner: postgres
--

ALTER TABLE public.users_customuser_groups ALTER COLUMN id ADD GENERATED BY DEFAULT AS IDENTITY (
    SEQUENCE NAME public.users_customuser_groups_id_seq
    START WITH 1
    INCREMENT BY 1
    NO MINVALUE
    NO MAXVALUE
    CACHE 1
);


--
-- Name: users_customuser_id_seq; Type: SEQUENCE; Schema: public; Owner: postgres
--

ALTER TABLE public.users_customuser ALTER COLUMN id ADD GENERATED BY DEFAULT AS IDENTITY (
    SEQUENCE NAME public.users_customuser_id_seq
    START WITH 1
    INCREMENT BY 1
    NO MINVALUE
    NO MAXVALUE
    CACHE 1
);


--
-- Name: users_customuser_user_permissions; Type: TABLE; Schema: public; Owner: postgres
--

CREATE TABLE public.users_customuser_user_permissions (
    id bigint NOT NULL,
    customuser_id bigint NOT NULL,
    permission_id integer NOT NULL
);


ALTER TABLE public.users_customuser_user_permissions OWNER TO postgres;

--
-- Name: users_customuser_user_permissions_id_seq; Type: SEQUENCE; Schema: public; Owner: postgres
--

ALTER TABLE public.users_customuser_user_permissions ALTER COLUMN id ADD GENERATED BY DEFAULT AS IDENTITY (
    SEQUENCE NAME public.users_customuser_user_permissions_id_seq
    START WITH 1
    INCREMENT BY 1
    NO MINVALUE
    NO MAXVALUE
    CACHE 1
);


--
-- Data for Name: appointments_appointment; Type: TABLE DATA; Schema: public; Owner: postgres
--

COPY public.appointments_appointment (id, created_at, modified_at, schedule, description, created_by_id, modified_by_id, order_id, person_id, status_id, with_person_id) FROM stdin;
2	2024-05-23 14:14:12.000003+02	2024-05-23 14:14:12.000042+02	2024-05-29 10:45:00+02	Legalizare declaratie corectata	1	1	\N	9	2	10
1	2024-05-23 13:09:20.635469+02	2024-05-23 13:09:20.63551+02	2024-05-27 16:30:00+02	Procura radiere si vanzare auto	1	1	1	1	2	5
3	2024-05-27 10:49:56.766596+02	2024-05-27 10:49:56.766644+02	2024-05-29 11:30:00+02	Vollmacht für Anwalt	1	1	4	16	2	17
49	2024-08-28 11:29:05.706289+02	2024-08-28 11:29:05.706345+02	2024-08-29 14:00:00+02		1	1	132	175	2	176
52	2024-09-05 15:13:09.684946+02	2024-09-05 15:13:09.685011+02	2024-09-10 16:30:00+02		1	1	136	181	2	56
4	2024-05-27 10:52:00.167935+02	2024-05-27 10:52:00.167975+02	2024-05-29 08:52:00+02	Vollmacht - Ledigkeitsbescheinigung	1	1	2	8	2	12
25	2024-06-20 10:22:19.800097+02	2024-06-20 10:22:19.800143+02	2024-06-21 14:30:00+02	2 Vollmachten und 1 Erklärung	1	1	41	75	2	77
50	2024-09-04 12:29:28.510251+02	2024-09-04 12:29:28.510329+02	2024-09-05 09:30:00+02		1	1	139	183	2	189
5	2024-05-29 06:52:58.056204+02	2024-05-29 06:52:58.05625+02	2024-06-11 16:30:00+02	Einverständniserklärung - Minderjährige	1	1	3	14	2	15
33	2024-07-22 11:27:05.603038+02	2024-07-22 11:27:05.603091+02	2024-08-01 10:15:00+02	1 Erklärung + 1 Vollmacht	1	1	67	105	2	15
24	2024-06-19 11:23:41.860815+02	2024-06-19 11:23:41.860859+02	2024-06-24 10:00:00+02		1	1	40	72	2	76
20	2024-06-17 13:50:25.875862+02	2024-06-17 13:50:25.875904+02	2024-06-19 09:30:00+02	Einverständniserklärung - Minderjährige	1	1	36	65	2	69
7	2024-05-30 08:11:01.483072+02	2024-05-30 08:11:01.483112+02	2024-05-30 14:30:00+02		1	1	12	35	2	31
26	2024-06-26 09:36:47.860657+02	2024-06-26 09:36:47.860701+02	2024-06-27 08:45:00+02	Einverständniserklärung - Minderjährige	1	1	45	81	2	83
51	2024-09-05 12:20:10.416147+02	2024-09-05 12:20:10.41621+02	2024-09-05 16:00:00+02	Vollmacht Auto	1	1	138	182	2	190
40	2024-08-09 11:47:13.067645+02	2024-08-09 11:47:13.067691+02	2024-08-14 15:00:00+02		1	1	108	146	2	150
8	2024-06-10 12:42:01.876516+02	2024-06-10 12:42:01.876556+02	2024-06-10 15:00:00+02	Vollmacht  Einschulung	1	1	17	39	2	49
27	2024-06-26 09:50:19.343063+02	2024-06-26 09:50:19.343104+02	2024-06-26 13:30:00+02	Vollmacht Kennzeichnen	1	1	46	82	2	84
9	2024-06-10 13:12:41.252085+02	2024-06-10 13:12:41.252121+02	2024-06-11 11:00:00+02	Erklärung	1	1	21	43	2	51
28	2024-06-27 05:14:59.511352+02	2024-06-27 05:14:59.511394+02	2024-06-27 11:00:00+02	Einverständniserklärung - Minderjährige	1	1	44	80	2	85
10	2024-06-10 13:56:28.654786+02	2024-06-10 13:56:28.654827+02	2024-06-13 09:30:00+02	Vollmacht Vertretung	1	1	22	44	2	52
6	2024-05-29 09:27:39.114605+02	2024-05-29 09:27:39.114645+02	2024-06-06 10:00:00+02	Vollmacht Kindergeld, Vollmacht Vertretung	1	1	\N	32	6	33
53	2024-09-10 11:11:54.132746+02	2024-09-10 11:11:54.132812+02	2024-09-18 15:00:00+02		1	1	135	180	2	199
34	2024-07-24 09:56:17.489736+02	2024-07-24 09:56:17.489809+02	2024-08-01 15:00:00+02	Einverständniserklärung - Minderjährige	1	1	82	117	2	118
11	2024-06-11 18:04:44.205646+02	2024-06-11 18:04:44.205684+02	2024-06-12 08:45:00+02		1	1	\N	55	2	56
29	2024-07-01 15:08:16.277381+02	2024-07-01 15:08:16.277429+02	2024-07-04 13:45:00+02		1	1	50	91	2	93
54	2024-09-11 11:44:14.197767+02	2024-09-11 11:44:14.197812+02	2024-09-18 11:00:00+02		1	1	148	193	2	201
22	2024-06-17 15:31:24.722675+02	2024-06-17 15:31:24.722719+02	2024-06-18 14:30:00+02	Einverständniserklärung - Minderjährige	1	1	39	68	2	70
30	2024-07-01 17:40:07.859846+02	2024-07-01 17:40:07.859893+02	2024-07-15 13:30:00+02	Einverständniserklärung - Minderjährige	1	1	47	86	2	95
14	2024-06-12 17:37:48.605724+02	2024-06-12 17:37:48.60577+02	2024-06-14 11:30:00+02	Einverständniserklärung - Minderjährige	1	1	31	57	2	59
55	2024-09-12 14:58:12.206983+02	2024-09-12 14:58:12.207049+02	2024-09-16 14:45:00+02		1	1	157	202	2	203
31	2024-07-09 11:00:56.809962+02	2024-07-09 11:00:56.810014+02	2024-07-11 09:00:00+02	Einverständniserklärung - Minderjährige	1	1	56	55	2	56
32	2024-07-22 11:10:14.191801+02	2024-07-22 11:10:14.191858+02	2024-07-24 15:00:00+02	Einverständniserklärung - Minderjährige	1	1	71	109	2	113
57	2024-09-17 09:01:40.359561+02	2024-09-17 09:01:40.359605+02	2024-09-17 11:00:00+02		1	1	167	208	2	211
56	2024-09-16 08:27:05.32657+02	2024-09-16 08:27:05.326621+02	2024-09-26 13:45:00+02		1	1	147	192	2	93
19	2024-06-13 11:01:49.56869+02	2024-06-13 11:01:49.568731+02	2024-06-13 16:00:00+02		1	1	29	54	2	60
23	2024-06-18 09:58:51.231017+02	2024-06-18 09:58:51.231058+02	2024-06-18 14:50:00+02		1	1	38	67	2	71
36	2024-07-26 08:35:58.78615+02	2024-07-26 08:35:58.786192+02	2024-07-26 09:30:00+02	Einverständniserklärung - Minderjährige	1	1	80	115	2	126
35	2024-07-26 08:33:22.261848+02	2024-07-26 08:33:22.261891+02	2024-08-05 16:00:00+02	Vollmacht - Vertretung	1	1	81	116	2	125
41	2024-08-09 14:25:34.745967+02	2024-08-09 14:25:34.746005+02	2024-08-27 14:30:00+02		1	1	87	122	2	151
21	2024-06-17 14:10:50.679157+02	2024-06-17 14:10:50.679212+02	2024-06-19 14:30:00+02		1	1	37	66	2	74
37	2024-07-31 10:34:30.640585+02	2024-07-31 10:34:30.640637+02	2024-08-01 15:00:00+02		1	1	92	127	2	133
59	2024-09-19 16:09:03.484589+02	2024-09-19 16:09:03.484656+02	2024-09-26 16:30:00+02		1	1	168	209	2	223
58	2024-09-17 16:03:52.286683+02	2024-09-17 16:03:52.286732+02	2024-09-26 08:45:00+02		1	1	158	158	2	213
38	2024-07-31 11:26:50.333554+02	2024-07-31 11:26:50.333625+02	2024-08-05 15:30:00+02		1	1	91	124	2	134
39	2024-08-09 08:21:48.680955+02	2024-08-09 08:21:48.681001+02	2024-08-14 09:30:00+02		1	1	106	144	2	133
42	2024-08-12 08:52:17.638298+02	2024-08-12 08:52:17.63834+02	2024-08-13 11:30:00+02		1	1	103	141	2	154
45	2024-08-16 09:21:06.828714+02	2024-08-16 09:21:06.828762+02	2024-08-19 14:30:00+02		1	1	118	160	2	164
43	2024-08-12 15:20:31.656075+02	2024-08-12 15:20:31.656118+02	2024-08-13 11:30:00+02		1	1	114	152	2	155
44	2024-08-15 10:28:21.266704+02	2024-08-15 10:28:21.266765+02	2024-08-19 13:45:00+02		1	1	116	157	2	93
46	2024-08-20 11:32:13.769231+02	2024-08-20 11:32:13.769295+02	2024-08-27 11:00:00+02		1	1	121	163	2	166
47	2024-08-27 10:01:37.941655+02	2024-08-27 10:01:37.941707+02	2024-09-10 16:00:00+02		1	1	123	72	2	171
48	2024-08-27 11:27:46.342496+02	2024-08-27 11:27:46.342551+02	2024-08-28 11:30:00+02		1	1	129	170	2	172
60	2024-09-24 11:21:56.768981+02	2024-09-24 11:21:56.769057+02	2024-09-24 17:00:00+02		1	1	184	222	2	227
61	2024-09-30 10:19:18.138121+02	2024-09-30 10:19:18.138184+02	2024-09-30 17:30:00+02		1	1	197	237	2	243
62	2024-10-01 12:14:27.003751+02	2024-10-01 12:14:27.003817+02	2024-10-07 12:00:00+02		1	1	204	245	2	250
63	2024-10-04 11:52:36.010905+02	2024-10-04 11:52:36.010946+02	2024-10-04 15:30:00+02		1	1	206	247	2	211
64	2024-10-09 09:04:11.343166+02	2024-10-09 09:04:11.343208+02	2024-10-10 10:00:00+02		1	1	210	256	2	258
65	2024-10-10 13:44:38.965316+02	2024-10-10 13:44:38.965364+02	2024-10-14 15:00:00+02		1	1	214	260	2	262
66	2024-10-14 10:00:16.479546+02	2024-10-14 10:00:16.479599+02	2024-10-16 11:00:00+02		1	1	209	254	2	201
67	2024-10-14 15:26:00.219777+02	2024-10-14 15:26:00.219837+02	2024-10-15 13:30:00+02		1	1	215	263	2	266
68	2024-10-16 10:49:23.225879+02	2024-10-16 10:49:23.225931+02	2024-10-17 16:00:00+02		1	1	217	265	2	271
81	2024-11-19 15:32:29.476384+01	2024-11-19 15:32:29.476456+01	2024-11-22 14:45:00+01	Vollmacht Reisepass und Einverständniserklärung - Minderjährige	1	1	263	318	2	321
104	2025-02-10 12:18:53.032114+01	2025-02-10 12:18:53.032156+01	2025-02-12 10:00:00+01		1	1	343	408	2	413
69	2024-10-16 13:57:04.407264+02	2024-10-16 13:57:04.407317+02	2024-11-07 11:30:00+01		1	1	223	270	2	272
82	2024-11-21 13:44:26.063287+01	2024-11-21 13:44:26.063335+01	2024-11-25 16:40:00+01		1	1	261	317	2	323
70	2024-10-17 14:21:34.623262+02	2024-10-17 14:21:34.623313+02	2024-10-22 16:00:00+02		1	1	216	264	2	276
83	2024-11-25 11:22:51.573036+01	2024-11-25 11:22:51.573102+01	2024-11-27 11:00:00+01		1	1	267	322	2	325
105	2025-02-11 11:15:56.4737+01	2025-02-11 11:15:56.47374+01	2025-02-13 13:15:00+01		1	1	330	392	2	416
71	2024-10-18 11:10:53.01087+02	2024-10-18 11:10:53.010923+02	2024-10-23 14:00:00+02		1	1	225	275	2	278
84	2024-11-26 16:31:59.605581+01	2024-11-26 16:31:59.605628+01	2024-12-05 14:00:00+01		1	1	233	287	2	327
106	2025-02-14 13:53:43.781291+01	2025-02-14 13:53:43.781345+01	2025-02-20 14:30:00+01		1	1	355	423	2	426
72	2024-10-21 16:17:49.461422+02	2024-10-21 16:17:49.461488+02	2024-10-23 11:00:00+02		1	1	221	269	2	281
85	2024-11-27 09:24:48.525606+01	2024-11-27 09:24:48.525674+01	2024-11-29 14:55:00+01		1	1	269	318	2	321
73	2024-10-21 17:13:46.882264+02	2024-10-21 17:13:46.882325+02	2024-10-24 09:00:00+02		1	1	224	274	2	154
86	2024-12-03 10:05:59.995466+01	2024-12-03 10:05:59.995529+01	2024-12-04 11:00:00+01		1	1	264	319	2	84
107	2025-02-17 11:55:58.500533+01	2025-02-17 11:55:58.500578+01	2025-02-20 16:00:00+01		1	1	354	422	2	427
74	2024-10-23 09:17:33.524187+02	2024-10-23 09:17:33.524245+02	2024-10-31 11:00:00+01		1	1	220	268	2	284
87	2024-12-03 11:26:43.630604+01	2024-12-03 11:26:43.630647+01	2024-12-05 13:00:00+01		1	1	278	334	2	339
108	2025-02-17 12:50:25.435172+01	2025-02-17 12:50:25.435211+01	2025-02-18 15:00:00+01		1	1	353	421	2	428
75	2024-10-23 09:20:02.945955+02	2024-10-23 09:20:02.946002+02	2024-10-23 12:30:00+02	Abholung 28.10.2024 um 08:00 Uhr	1	1	227	280	2	285
88	2024-12-04 11:15:46.992469+01	2024-12-04 11:15:46.992509+01	2024-12-06 14:00:00+01		1	1	280	338	2	341
76	2024-10-24 15:01:43.961171+02	2024-10-24 15:01:43.961223+02	2024-10-29 08:30:00+01		1	1	231	286	2	290
89	2024-12-10 16:50:12.161636+01	2024-12-10 16:50:12.161685+01	2024-12-13 10:00:00+01		1	1	282	344	2	341
109	2025-02-21 09:12:19.591626+01	2025-02-21 09:12:19.591688+01	2025-02-21 13:00:00+01		1	1	361	432	2	437
77	2024-10-28 10:41:08.743974+01	2024-10-28 10:41:08.744043+01	2024-10-29 16:00:00+01		1	1	236	291	2	294
90	2024-12-11 11:49:53.699703+01	2024-12-11 11:49:53.699743+01	2024-12-16 12:00:00+01		1	1	283	345	2	348
110	2025-02-21 15:54:20.06401+01	2025-02-21 15:54:20.064053+01	2025-02-25 09:00:00+01		1	1	359	430	2	440
91	2024-12-12 13:47:05.116994+01	2024-12-12 13:47:05.117039+01	2024-12-16 10:00:00+01		1	1	286	349	2	350
78	2024-11-08 16:18:07.409852+01	2024-11-08 16:18:07.409906+01	2024-11-19 15:15:00+01		1	1	246	300	2	308
111	2025-02-27 11:52:39.644977+01	2025-02-27 11:52:39.64502+01	2025-03-03 17:00:00+01		1	1	367	441	2	445
79	2024-11-14 08:09:54.585349+01	2024-11-14 08:09:54.585419+01	2024-11-18 14:45:00+01		1	1	253	307	2	314
93	2025-01-15 12:08:38.536953+01	2025-01-15 12:08:38.537004+01	2025-01-20 12:00:00+01	Termin pentru Sergiu Gheorghe	1	1	288	334	2	339
112	2025-02-28 10:41:17.828253+01	2025-02-28 10:41:17.828293+01	2025-03-05 17:00:00+01		1	1	370	443	2	448
80	2024-11-18 10:08:48.767081+01	2024-11-18 10:08:48.767134+01	2024-11-20 09:45:00+01		1	1	258	312	2	315
96	2025-01-21 16:13:29.57105+01	2025-01-21 16:13:29.571103+01	2025-01-23 11:00:00+01		1	1	316	370	2	375
113	2025-02-28 10:53:52.57127+01	2025-02-28 10:53:52.571315+01	2025-03-06 09:00:00+01		1	1	371	444	2	449
97	2025-01-21 16:40:36.595671+01	2025-01-21 16:40:36.595713+01	2025-01-27 15:00:00+01		1	1	318	373	2	376
94	2025-01-16 14:48:28.429124+01	2025-01-16 14:48:28.429167+01	2025-01-24 10:00:00+01		1	1	309	366	2	369
114	2025-03-03 14:29:55.555186+01	2025-03-03 14:29:55.555236+01	2025-03-04 08:30:00+01		1	1	373	446	2	455
95	2025-01-18 16:13:28.587361+01	2025-01-18 16:13:28.587403+01	2025-01-20 09:00:00+01		1	1	314	368	2	371
92	2025-01-14 15:30:27.749534+01	2025-01-14 15:30:27.749587+01	2025-01-24 12:00:00+01	Einverständniserklärung - Minderjährige	1	1	302	318	2	321
115	2025-03-05 09:52:45.750022+01	2025-03-05 09:52:45.750071+01	2025-03-06 15:15:00+01		1	1	374	447	2	459
98	2025-01-24 15:03:08.652465+01	2025-01-24 15:03:08.652506+01	2025-01-28 10:00:00+01		1	1	322	382	2	386
99	2025-01-31 11:42:13.765092+01	2025-01-31 11:42:13.765141+01	2025-02-04 14:30:00+01		1	1	334	396	2	397
116	2025-03-05 10:37:15.345818+01	2025-03-05 10:37:15.345896+01	2025-03-07 12:00:00+01		1	1	381	456	2	460
100	2025-01-31 12:05:18.635045+01	2025-01-31 12:05:18.635089+01	2025-02-04 11:00:00+01		1	1	328	388	2	398
117	2025-03-07 11:16:33.434922+01	2025-03-07 11:16:33.434977+01	2025-03-10 14:00:00+01		1	1	385	466	2	468
101	2025-02-03 16:31:46.073524+01	2025-02-03 16:31:46.073574+01	2025-02-04 11:00:00+01		1	1	331	393	2	400
102	2025-02-04 16:09:39.940194+01	2025-02-04 16:09:39.940254+01	2025-02-05 14:00:00+01		1	1	338	402	2	404
118	2025-03-07 11:24:47.499365+01	2025-03-07 11:24:47.499422+01	2025-03-11 14:45:00+01		1	1	383	461	2	469
103	2025-02-06 11:51:37.945303+01	2025-02-06 11:51:37.945352+01	2025-02-10 13:00:00+01		1	1	342	406	2	407
119	2025-03-07 12:55:32.56992+01	2025-03-07 12:55:32.569968+01	2025-03-11 09:30:00+01		1	1	382	458	2	472
120	2025-03-10 16:46:07.464493+01	2025-03-10 16:46:07.464544+01	2025-03-12 14:30:00+01		1	1	384	465	2	477
121	2025-03-11 09:28:18.73005+01	2025-03-11 09:28:18.730099+01	2025-03-13 11:30:00+01		1	1	386	471	2	479
122	2025-03-12 11:28:19.707033+01	2025-03-12 11:28:19.707088+01	2025-03-12 17:15:00+01		1	1	381	456	2	477
123	2025-03-13 08:17:07.300524+01	2025-03-13 08:17:07.300588+01	2025-03-17 10:00:00+01		1	1	380	454	2	481
124	2025-03-20 09:45:51.784099+01	2025-03-20 09:45:51.784141+01	2025-03-25 15:15:00+01		1	1	409	495	2	503
\.


--
-- Data for Name: auth_group; Type: TABLE DATA; Schema: public; Owner: postgres
--

COPY public.auth_group (id, name) FROM stdin;
\.


--
-- Data for Name: auth_group_permissions; Type: TABLE DATA; Schema: public; Owner: postgres
--

COPY public.auth_group_permissions (id, group_id, permission_id) FROM stdin;
\.


--
-- Data for Name: auth_permission; Type: TABLE DATA; Schema: public; Owner: postgres
--

COPY public.auth_permission (id, name, codename, content_type_id) FROM stdin;
1	Can add log entry	add_logentry	1
2	Can change log entry	change_logentry	1
3	Can delete log entry	delete_logentry	1
4	Can view log entry	view_logentry	1
5	Can add permission	add_permission	2
6	Can change permission	change_permission	2
7	Can delete permission	delete_permission	2
8	Can view permission	view_permission	2
9	Can add group	add_group	3
10	Can change group	change_group	3
11	Can delete group	delete_group	3
12	Can view group	view_group	3
13	Can add content type	add_contenttype	4
14	Can change content type	change_contenttype	4
15	Can delete content type	delete_contenttype	4
16	Can view content type	view_contenttype	4
17	Can add session	add_session	5
18	Can change session	change_session	5
19	Can delete session	delete_session	5
20	Can view session	view_session	5
21	Can add invoice element	add_invoiceelement	6
22	Can change invoice element	change_invoiceelement	6
23	Can delete invoice element	delete_invoiceelement	6
24	Can view invoice element	view_invoiceelement	6
25	Can add proforma element	add_proformaelement	7
26	Can change proforma element	change_proformaelement	7
27	Can delete proforma element	delete_proformaelement	7
28	Can view proforma element	view_proformaelement	7
29	Can add proforma	add_proforma	8
30	Can change proforma	change_proforma	8
31	Can delete proforma	delete_proforma	8
32	Can view proforma	view_proforma	8
33	Can add invoice	add_invoice	9
34	Can change invoice	change_invoice	9
35	Can delete invoice	delete_invoice	9
36	Can view invoice	view_invoice	9
37	Can add payment	add_payment	10
38	Can change payment	change_payment	10
39	Can delete payment	delete_payment	10
40	Can view payment	view_payment	10
41	Can add payment element	add_paymentelement	11
42	Can change payment element	change_paymentelement	11
43	Can delete payment element	delete_paymentelement	11
44	Can view payment element	view_paymentelement	11
45	Can add order element	add_orderelement	12
46	Can change order element	change_orderelement	12
47	Can delete order element	delete_orderelement	12
48	Can view order element	view_orderelement	12
49	Can add offer	add_offer	13
50	Can change offer	change_offer	13
51	Can delete offer	delete_offer	13
52	Can view offer	view_offer	13
53	Can add offer element	add_offerelement	14
54	Can change offer element	change_offerelement	14
55	Can delete offer element	delete_offerelement	14
56	Can view offer element	view_offerelement	14
57	Can add order	add_order	15
58	Can change order	change_order	15
59	Can delete order	delete_order	15
60	Can view order	view_order	15
61	Can add person	add_person	16
62	Can change person	change_person	16
63	Can delete person	delete_person	16
64	Can view person	view_person	16
65	Can add serial	add_serial	17
66	Can change serial	change_serial	17
67	Can delete serial	delete_serial	17
68	Can view serial	view_serial	17
69	Can add currency	add_currency	18
70	Can change currency	change_currency	18
71	Can delete currency	delete_currency	18
72	Can view currency	view_currency	18
73	Can add service	add_service	19
74	Can change service	change_service	19
75	Can delete service	delete_service	19
76	Can view service	view_service	19
77	Can add status	add_status	20
78	Can change status	change_status	20
79	Can delete status	delete_status	20
80	Can view status	view_status	20
81	Can add um	add_um	21
82	Can change um	change_um	21
83	Can delete um	delete_um	21
84	Can view um	view_um	21
85	Can add user	add_customuser	22
86	Can change user	change_customuser	22
87	Can delete user	delete_customuser	22
88	Can view user	view_customuser	22
89	Can add appointment	add_appointment	23
90	Can change appointment	change_appointment	23
91	Can delete appointment	delete_appointment	23
92	Can view appointment	view_appointment	23
\.


--
-- Data for Name: django_admin_log; Type: TABLE DATA; Schema: public; Owner: postgres
--

COPY public.django_admin_log (id, action_time, object_id, object_repr, action_flag, change_message, content_type_id, user_id) FROM stdin;
1	2024-06-12 18:07:53.77859+02	13	Lidia Grosu - pi with None on 12.06.2024 15:37 - 	3		23	1
2	2024-06-12 18:11:11.536781+02	17	None with Adrian George Radu / Sprachen Express - sp on 12.06.2024 16:10 - 	3		23	1
3	2024-06-12 18:11:11.539843+02	16	Adrian George Radu / Sprachen Express - sp with None on 12.06.2024 16:10 - 	3		23	1
4	2024-06-12 18:11:11.541379+02	15	Adrian George Radu / Sprachen Express - sp with Adrian George Radu / Sprachen Express - sp on 13.06.2024 16:08 - 	3		23	1
5	2024-06-12 19:10:44.841376+02	12	None with Jochen Keßler / Keßler | Hardt | Notare - pi on 12.06.2024 15:37 - 	3		23	1
6	2024-06-12 19:11:48.107243+02	18	Adrian George Radu / Sprachen Express - sp with Adrian George Radu / Sprachen Express - sp on 12.06.2024 17:11 - 	3		23	1
7	2024-08-05 10:17:55.825204+02	98	Order B77 - Cosmina Anghel - pi - 08.08.2024 12:37 - Einverständniserklärung für Minderjährige (0.00€)	3		15	1
8	2024-08-05 10:18:30.095102+02	136	Cosmina Anghel - pi	3		16	1
9	2024-08-16 09:25:19.906932+02	159	Dinu-Ghoerghe Cucerzan - pi	3		16	1
10	2024-09-02 09:36:43.511346+02	20	Invoice RE18 from 13.06.2024 15:03 - Ioana-Roxana Căruță - pi - 	3		9	1
11	2024-09-02 09:36:43.517968+02	19	Invoice 1203-608492-2 from 11.06.2024 14:58 - Landgericht Magdeburg - co - 	3		9	1
12	2024-09-02 09:36:43.519456+02	18	Invoice RE17 from 07.06.2024 13:55 - George Isopescu - pi - 	3		9	1
13	2024-09-02 09:36:43.521072+02	17	Invoice RE16 from 07.06.2024 13:55 - Amalia Dumbrava - pi - 	3		9	1
14	2024-09-02 09:36:43.522731+02	16	Invoice RE15 from 07.06.2024 13:54 - Maria-Lorena Badea - pi - 	3		9	1
15	2024-09-02 09:36:43.524106+02	15	Invoice RE14 from 07.06.2024 13:53 - Oleg Vlas / Bau Netzwerk OV GmbH - pi - 	3		9	1
16	2024-09-02 09:36:43.525798+02	14	Invoice RE13 from 07.06.2024 13:52 - Constantin Lipan - pi - 	3		9	1
17	2024-09-02 09:36:43.52712+02	13	Invoice RE12 from 07.06.2024 13:46 - Denis-Adrian Aldea - pi - 	3		9	1
18	2024-09-02 09:36:43.528425+02	12	Invoice RE11 from 06.06.2024 16:26 - Gabriel-Grigore Lupoae - pi - 	3		9	1
19	2024-09-02 09:36:43.529721+02	11	Invoice 104/06/2024 from 06.06.2024 10:45 - Swetlana Donnerstag - sp - 	3		9	1
20	2024-09-02 09:36:43.531009+02	10	Invoice RE10 from 06.06.2024 05:03 - Simona Sava - pi - 	3		9	1
21	2024-09-02 09:36:43.532272+02	9	Invoice RE9 from 04.06.2024 17:47 - Cătălin Munteanu - pi - 	3		9	1
22	2024-09-02 09:36:43.533566+02	8	Invoice RE8 from 03.06.2024 17:09 - Silvia-Viorica Vladutu - pi - 	3		9	1
23	2024-09-02 09:36:43.534845+02	7	Invoice RE7 from 28.05.2024 11:43 - Georgeta-Denisa Ungureanu - pi - Ledigkeitsbescheinigung	3		9	1
24	2024-09-02 09:36:43.536086+02	6	Invoice RE6 from 28.05.2024 10:36 - Sandu Alexa - pi - 2 Geburtsurkunden	3		9	1
25	2024-09-02 09:36:43.537356+02	5	Invoice RE5 from 27.05.2024 10:53 - Adina-Adriana Aostăcioae - pi - 	3		9	1
26	2024-09-02 09:36:43.538604+02	4	Invoice RE4 from 24.05.2024 09:43 - Petronela-Florentina Mușinoiu - pi - 	3		9	1
27	2024-09-02 09:36:43.539852+02	3	Invoice RE3 from 24.05.2024 09:42 - Florina-Mădălina Păunescu - pi - 	3		9	1
28	2024-09-02 09:36:43.541121+02	2	Invoice RE2 from 23.05.2024 10:22 - Marian Ifrim - pi - 	3		9	1
29	2024-09-02 09:36:43.542483+02	1	Invoice RE1 from 22.05.2024 06:28 - Daniel Decher - pi - Vollmacht - Verkauf des Autos	3		9	1
30	2024-09-02 09:37:22.341492+02	18	Paymant  (bank) from Silvia-Viorica Vladutu - pi - 01.07.2024 06:50 (135.00€)	3		10	1
31	2024-09-02 09:37:22.34515+02	17	Paymant  (bank) from Ioana-Roxana Căruță - pi - 13.06.2024 15:04 (40.00€)	3		10	1
32	2024-09-02 09:37:22.346823+02	16	Paymant  (bank) from Landgericht Magdeburg - co - 13.06.2024 14:58 (25.00€)	3		10	1
33	2024-09-02 09:37:22.348354+02	15	Paymant  (bank) from Oleg Vlas / Bau Netzwerk OV GmbH - pi - 07.06.2024 14:20 (175.00€)	3		10	1
34	2024-09-02 09:37:22.349865+02	14	Paymant  (bank) from Constantin Lipan - pi - 07.06.2024 14:20 (60.00€)	3		10	1
35	2024-09-02 09:37:22.35143+02	13	Paymant  (bank) from Denis-Adrian Aldea - pi - 07.06.2024 14:20 (75.00€)	3		10	1
36	2024-09-02 09:37:22.352907+02	12	Paymant  (bank) from Gabriel-Grigore Lupoae - pi - 06.06.2024 16:27 (125.00€)	3		10	1
37	2024-09-02 09:37:22.354378+02	11	Paymant  (bank) from Swetlana Donnerstag - sp - 06.06.2024 10:46 (110.00€)	3		10	1
38	2024-09-02 09:37:22.355804+02	10	Paymant  (bank) from Simona Sava - pi - 06.06.2024 05:03 (75.00€)	3		10	1
39	2024-09-02 09:37:22.357271+02	9	Paymant  (bank) from Cătălin Munteanu - pi - 04.06.2024 17:48 (220.00€)	3		10	1
40	2024-09-02 09:37:22.358765+02	8	Paymant  (bank) from Silvia-Viorica Vladutu - pi - 03.06.2024 17:09 (50.00€)	3		10	1
41	2024-09-02 09:37:22.360515+02	7	Paymant  (bank) from Georgeta-Denisa Ungureanu - pi - 28.05.2024 08:23 (45.00€)	3		10	1
42	2024-09-02 09:37:22.362021+02	6	Paymant BE1 (cash) from Sandu Alexa - pi - 28.05.2024 08:06 (100.00€)	3		10	1
43	2024-09-02 09:37:22.36348+02	5	Paymant  (bank) from Adina-Adriana Aostăcioae - pi - 27.05.2024 10:53 (40.00€)	3		10	1
44	2024-09-02 09:37:22.364941+02	4	Paymant  (bank) from Petronela-Florentina Mușinoiu - pi - 25.05.2024 09:43 (70.50€)	3		10	1
45	2024-09-02 09:37:22.366377+02	3	Paymant  (bank) from Florina-Mădălina Păunescu - pi - 25.05.2024 09:42 (75.00€)	3		10	1
46	2024-09-02 09:37:22.367844+02	2	Paymant  (bank) from Marian Ifrim - pi - 23.05.2024 10:23 (75.00€)	3		10	1
47	2024-09-02 09:37:22.36941+02	1	Paymant  (bank) from Daniel Decher - pi - 23.05.2024 08:18 (75.00€)	3		10	1
48	2024-09-02 09:40:40.049861+02	1	Serial numbers of all entries	2	[{"changed": {"fields": ["Invoice number", "Receipt number"]}}]	17	1
49	2024-09-03 08:30:57.472786+02	19	Paymant  (bank) from Vasilica Moraru - pi - 03.09.2024 06:28 (60.00€)	3		10	1
50	2024-09-03 08:31:19.296333+02	1	Serial numbers of all entries	2	[]	17	1
51	2024-09-09 11:35:25.31482+02	32	Invoice 164/09/2024 from 09.09.2024 09:33 - Swetlana Donnerstag - sp - 	3		9	1
52	2024-09-09 19:51:31.918115+02	35	Invoice RE11 from 09.09.2024 17:47 - Antonia Gheorghiu - pi - 	3		9	1
53	2024-09-09 19:51:53.942709+02	1	Serial numbers of all entries	2	[{"changed": {"fields": ["Invoice number"]}}]	17	1
54	2024-10-14 15:59:27.337594+02	219	Order B161 - Vlăduț Ignat - pi - 18.10.2024 13:57 - Geburtsurkunde (50.00€)	3		15	1
55	2024-10-14 15:59:44.34125+02	1	Serial numbers of all entries	2	[{"changed": {"fields": ["Order number"]}}]	17	1
56	2024-10-15 09:04:49.939853+02	11	Proforma PRO11 from 02.10.2024 10:32 - Carolina Șerban  - pi - None	2	[{"changed": {"fields": ["Invoice"]}}]	8	1
57	2024-10-15 09:11:07.981979+02	6	Proforma PRO6 from 19.09.2024 15:59 - Florina Ciulei - pi - None	2	[{"changed": {"fields": ["Invoice"]}}]	8	1
58	2024-10-17 16:56:02.136091+02	97	Invoice RE54 from 17.10.2024 14:53 - Florin Pestrițiu - pi - 	3		9	1
59	2024-10-17 16:56:23.291908+02	1	Serial numbers of all entries	2	[{"changed": {"fields": ["Invoice number"]}}]	17	1
60	2024-10-17 17:00:34.430272+02	96	Inv. RE54 from payment #94 (85.00€)	1	[{"added": {}}]	11	1
61	2024-11-07 15:34:48.930012+01	251	Order B192 - Alexandru Obada - pi - 14.11.2024 14:32 - Geburtsurkunde (50.00€)	3		15	1
62	2024-11-07 15:35:05.676894+01	1	Serial numbers of all entries	2	[{"changed": {"fields": ["Order number"]}}]	17	1
63	2024-11-18 13:35:39.937059+01	127	Paymant BE4 (cash) from Marcel Damean - pi - 18.11.2024 13:34 (100.00€)	2	[{"changed": {"fields": ["Number"]}}]	10	1
64	2024-11-18 13:42:09.638473+01	1	Serial numbers of all entries	2	[{"changed": {"fields": ["Receipt number"]}}]	17	1
65	2024-11-18 13:43:44.74356+01	127	Paymant BE4 (cash) from Marcel Damean - pi - 18.11.2024 13:34 (100.00€)	2	[]	10	1
66	2024-12-02 10:58:39.386152+01	11	Offer A11 - Larysa Shynkarova - pi - 31.01.2025 13:18 - None (795.00€)	2	[{"changed": {"fields": ["Deadline"]}}]	13	1
67	2024-12-13 16:20:01.274144+01	151	Paymant BE5 (cash) from Augustina OGBEIDE - pi - 13.12.2024 15:17 (50.00€)	3		10	1
68	2024-12-13 16:20:16.527788+01	1	Serial numbers of all entries	2	[{"changed": {"fields": ["Receipt number"]}}]	17	1
69	2025-01-21 11:28:14.987322+01	73	Proforma PRO73 from 18.01.2025 16:06 - Elena-Aida Lolică - pi - None	2	[{"changed": {"fields": ["Invoice"]}}]	8	1
70	2025-01-21 11:31:18.415887+01	168	Proforma Elm. #316 - Redaktionsservice (70.00€ * 1) from proforma PRO73	2	[]	7	1
71	2025-01-30 11:16:52.151104+01	395	Anișoara Brîndușa - pi	3		16	1
72	2025-01-30 15:05:13.058273+01	334	Order B273 - Alina-Larisa Șerban - pi - 07.02.2025 15:02 - Einverständniserklärung für Minderjährige (100.00€)	2	[{"changed": {"fields": ["Number"]}}]	15	1
73	2025-01-30 15:05:29.74207+01	1	Serial numbers of all entries	2	[{"changed": {"fields": ["Order number"]}}]	17	1
74	2025-01-30 15:06:30.900722+01	1	Serial numbers of all entries	2	[{"changed": {"fields": ["Proforma number"]}}]	17	1
75	2025-01-30 19:11:59.588993+01	331	Order B271 - Lenuța Zorilescu - pi - 07.02.2025 16:32 - Einverständniserklärung für Minderjährige (0.00€)	2	[]	15	1
76	2025-02-03 10:31:15.481631+01	201	Proforma Elm. #327 - Übersetzung (50.00€ * 2) from proforma PRO79	1	[{"added": {}}]	7	1
77	2025-02-05 18:12:21.978062+01	341	Order B280 - Dumitru Edi Chitan - pi - 05.02.2025 18:04 - Storno (-70€)	2	[{"changed": {"fields": ["Value"]}}, {"changed": {"name": "order element", "object": "Elm. #341 - Sonstiges (-70\\u20ac * 1)", "fields": ["Price"]}}]	15	1
78	2025-02-07 09:00:55.164699+01	200	Invoice RE156 from 05.02.2025 18:13 - Dumitru Edi Chitan - pi - None	2	[{"changed": {"fields": ["Cancellation to"]}}]	9	1
79	2025-02-07 09:02:09.434928+01	191	Invoice RE147 from 28.01.2025 13:42 - Dumitru Edi Chitan - pi - None	2	[{"changed": {"fields": ["Cancelled from"]}}]	9	1
80	2025-02-07 09:11:20.071748+01	200	Invoice RE156 from 05.02.2025 09:08 - Dumitru Edi Chitan - pi - None	2	[{"changed": {"fields": ["Description"]}}]	9	1
81	2025-02-07 11:01:55.602695+01	200	Invoice RE156 from 05.02.2025 09:15 - Dumitru Edi Chitan - pi - None	2	[]	9	1
82	2025-02-07 11:02:32.423917+01	200	Invoice RE156 from 05.02.2025 09:15 - Dumitru Edi Chitan - pi - None	2	[{"changed": {"fields": ["Description"]}}]	9	1
83	2025-02-07 11:16:43.441236+01	204	Invoice RE160 from 07.02.2025 10:16 - Irina Miron - pi - 	3		9	1
84	2025-02-07 11:16:57.531858+01	1	Serial numbers of all entries	2	[{"changed": {"fields": ["Invoice number"]}}]	17	1
85	2025-02-07 11:35:45.937418+01	10	Erkundung	2	[{"changed": {"fields": ["Percent"]}}]	20	1
86	2025-02-07 11:55:31.868226+01	423	Invoice element Elm. #326 - Redaktionsservice (35.00€ * 1) from invoice RE156	2	[{"changed": {"fields": ["Element"]}}]	6	1
87	2025-02-07 11:57:04.411753+01	435	Invoice element Elm. #326 - Übersetzung (35.00€ * 1) from invoice RE156	1	[{"added": {}}]	6	1
88	2025-02-07 12:57:01.695272+01	200	Invoice RE156 from 05.02.2025 11:34 - Dumitru Edi Chitan - pi - Stornorechnung	2	[{"changed": {"fields": ["Description"]}}]	9	1
89	2025-02-14 10:23:42.240723+01	212	Invoice RE167 from 14.02.2025 09:22 - Ilie-Sandocan Pavel - pi - 	3		9	1
90	2025-02-14 10:24:11.839784+01	1	Serial numbers of all entries	2	[{"changed": {"fields": ["Invoice number"]}}]	17	1
91	2025-02-14 10:26:11.711095+01	210	Paymant  (bank) from Ilie-Sandocan Pavel - pi - 14.02.2025 09:22 (45.00€)	3		10	1
92	2025-02-14 10:56:41.559306+01	356	Order B295 - Laura Maria Voicu - pi - 19.02.2025 09:50 - Geburtsurkunde (50.00€)	3		15	1
93	2025-02-14 10:57:08.270709+01	1	Serial numbers of all entries	2	[{"changed": {"fields": ["Order number", "Invoice number"]}}]	17	1
94	2025-02-14 10:57:37.897286+01	214	Invoice RE168 from 14.02.2025 09:54 - Laura Maria Voicu - pi - 	3		9	1
95	2025-02-14 11:01:25.343227+01	92	Proforma PRO91 from 06.02.2025 16:48 - Ilie-Sandocan Pavel - pi - None	2	[{"changed": {"fields": ["Value"]}}]	8	1
96	2025-03-24 14:02:31.764281+01	414	Order P65 - Cătălin Dănuț Moraru - sp - 10.03.2025 13:55 - Certificat casatorie Iordan - colationare (15.00€)	2	[{"changed": {"fields": ["Created at", "Deadline"]}}]	15	1
97	2025-03-24 14:03:06.444852+01	415	Order P66 - Cătălin Dănuț Moraru - sp - 10.03.2025 13:56 - Certificat de casatorie cu mentiune si divort - Cobilas - colationare (30.00€)	2	[{"changed": {"fields": ["Created at", "Deadline"]}}]	15	1
98	2025-03-24 14:03:27.732123+01	416	Order P67 - Cătălin Dănuț Moraru - sp - 17.03.2025 13:57 - Permis auto Polivenco - colationare (15.00€)	2	[{"changed": {"fields": ["Created at", "Deadline"]}}]	15	1
99	2025-03-24 14:03:59.762261+01	417	Order P68 - Cătălin Dănuț Moraru - sp - 20.03.2025 13:58 - 2 certificate Hariuc - colationare (30.00€)	2	[{"changed": {"fields": ["Created at", "Deadline"]}}]	15	1
100	2025-03-24 14:04:42.315741+01	418	Order P69 - Cătălin Dănuț Moraru - sp - 24.03.2025 13:59 - Decizie alocatie Timofte - colationare (15.00€)	2	[{"changed": {"fields": ["Created at"]}}]	15	1
101	2025-03-24 16:08:40.875774+01	419	Order P70 - Ana Clețiu - pi - 24.03.2025 16:03 - Bestätigung Botschaft Rumäniens in Berlin (55.00€)	2	[{"changed": {"fields": ["Created at"]}}]	15	1
\.


--
-- Data for Name: django_content_type; Type: TABLE DATA; Schema: public; Owner: postgres
--

COPY public.django_content_type (id, app_label, model) FROM stdin;
1	admin	logentry
2	auth	permission
3	auth	group
4	contenttypes	contenttype
5	sessions	session
6	invoices	invoiceelement
7	invoices	proformaelement
8	invoices	proforma
9	invoices	invoice
10	payments	payment
11	payments	paymentelement
12	orders	orderelement
13	orders	offer
14	orders	offerelement
15	orders	order
16	persons	person
17	services	serial
18	services	currency
19	services	service
20	services	status
21	services	um
22	users	customuser
23	appointments	appointment
\.


--
-- Data for Name: django_migrations; Type: TABLE DATA; Schema: public; Owner: postgres
--

COPY public.django_migrations (id, app, name, applied) FROM stdin;
1	contenttypes	0001_initial	2024-05-23 10:09:15.498071+02
2	auth	0001_initial	2024-05-23 10:09:15.543536+02
3	users	0001_initial	2024-05-23 10:09:15.591068+02
4	admin	0001_initial	2024-05-23 10:09:15.614296+02
5	services	0001_initial	2024-05-23 10:09:15.650367+02
6	persons	0001_initial	2024-05-23 10:09:15.676762+02
7	orders	0001_initial	2024-05-23 10:09:15.841231+02
8	appointments	0001_initial	2024-05-23 10:09:15.885172+02
9	invoices	0001_initial	2024-05-23 10:09:16.020052+02
10	payments	0001_initial	2024-05-23 10:09:16.090209+02
11	sessions	0001_initial	2024-05-23 10:09:16.108346+02
12	invoices	0002_invoice_comments	2024-09-20 20:47:46.015588+02
13	invoices	0003_remove_invoice_comments_invoice_is_recurrent	2024-09-20 20:47:46.053401+02
14	payments	0002_payment_cancellation_to_payment_cancelled_from	2025-02-07 13:10:41.473567+01
15	services	0002_serialul	2025-02-15 17:53:57.648643+01
16	services	0003_delete_serialul	2025-02-15 17:53:57.659434+01
17	invoices	0004_alter_invoice_currency_alter_proforma_currency	2025-02-15 17:53:57.71216+01
18	orders	0002_alter_order_currency_alter_orderelement_service_and_more	2025-02-15 17:53:57.777546+01
19	orders	0003_alter_offer_currency_alter_offerelement_service_and_more	2025-02-15 17:53:57.84286+01
20	payments	0003_alter_payment_currency	2025-02-15 17:53:57.86683+01
21	payments	0004_payment_is_recurrent	2025-02-15 17:53:57.884278+01
22	orders	0004_offer_is_client	2025-03-15 11:33:07.304834+01
23	invoices	0005_invoice_payed	2025-03-15 13:19:15.230465+01
24	orders	0005_order_invoiced	2025-03-15 13:19:15.253146+01
25	persons	0002_person_token	2025-03-20 16:26:34.681514+01
26	persons	0003_alter_person_token	2025-03-20 16:26:34.701703+01
\.


--
-- Data for Name: django_session; Type: TABLE DATA; Schema: public; Owner: postgres
--

COPY public.django_session (session_key, session_data, expire_date) FROM stdin;
pny0uvciytusnx9r7y5hayckkg7gsf70	.eJxVjEEOwiAQRe_C2hAEylCX7nsGMjCDVA0kpV0Z765NutDtf-_9lwi4rSVsnZcwk7iIszj9bhHTg-sO6I711mRqdV3mKHdFHrTLqRE_r4f7d1Cwl29twOVReTIRLIBjHjNqo3XOWmlQSH5ASwxeJWVsHJCctp4VQc4WLYr3B9NQN9U:1sA3WY:FMr704zGhs6h62HTVHEec59CsT9M3PLMrsXhwfiHGY4	2024-06-06 10:10:06.080391+02
vfxrmirafvrf7dgahkuy3eny62aclqut	.eJxVjEEOwiAQRe_C2hAEylCX7nsGMjCDVA0kpV0Z765NutDtf-_9lwi4rSVsnZcwk7iIszj9bhHTg-sO6I711mRqdV3mKHdFHrTLqRE_r4f7d1Cwl29twOVReTIRLIBjHjNqo3XOWmlQSH5ASwxeJWVsHJCctp4VQc4WLYr3B9NQN9U:1sHQOI:aAaVLnNrSciiJTLi3Sjx4vYfDicybuETufiodqPZgxU	2024-06-26 18:00:02.749304+02
ktz3nnwfjqiv857q39blsxlk1miz2k4u	.eJxVjEEOwiAQRe_C2hAEylCX7nsGMjCDVA0kpV0Z765NutDtf-_9lwi4rSVsnZcwk7iIszj9bhHTg-sO6I711mRqdV3mKHdFHrTLqRE_r4f7d1Cwl29twOVReTIRLIBjHjNqo3XOWmlQSH5ASwxeJWVsHJCctp4VQc4WLYr3B9NQN9U:1sMNX7:PRginQwRufplna9NFCzv6EwkH1W_VbQlsx3kR6PJT4w	2024-07-10 09:57:37.044332+02
c3yr9l2l358skpabmrytggjordti72ht	.eJxVjEEOwiAQRe_C2hAEylCX7nsGMjCDVA0kpV0Z765NutDtf-_9lwi4rSVsnZcwk7iIszj9bhHTg-sO6I711mRqdV3mKHdFHrTLqRE_r4f7d1Cwl29twOVReTIRLIBjHjNqo3XOWmlQSH5ASwxeJWVsHJCctp4VQc4WLYr3B9NQN9U:1sPznS:IXQ3QBGrmcAFvcoIPoTNWkPK35PBgOurr34PGxBRnXA	2024-07-20 09:25:26.883828+02
9bdkjz9ghkume4b2hh4tnd6e5qncraha	.eJxVjEEOwiAQRe_C2hAEylCX7nsGMjCDVA0kpV0Z765NutDtf-_9lwi4rSVsnZcwk7iIszj9bhHTg-sO6I711mRqdV3mKHdFHrTLqRE_r4f7d1Cwl29twOVReTIRLIBjHjNqo3XOWmlQSH5ASwxeJWVsHJCctp4VQc4WLYr3B9NQN9U:1sV4VX:CfFg4jgRXoBVWNWRZYDPuk0pIrEEdlokq5BEpWuT4Cg	2024-08-03 09:27:55.189118+02
jbiz4m0cpfhshz8xy2v1t2484ww12sgf	.eJxVjEEOwiAQRe_C2hAEylCX7nsGMjCDVA0kpV0Z765NutDtf-_9lwi4rSVsnZcwk7iIszj9bhHTg-sO6I711mRqdV3mKHdFHrTLqRE_r4f7d1Cwl29twOVReTIRLIBjHjNqo3XOWmlQSH5ASwxeJWVsHJCctp4VQc4WLYr3B9NQN9U:1saeAT:vQpLBu-s_QbbXG4vC1_yBqrbSIl1YkYqdqcU2LxDEBk	2024-08-18 18:33:13.331436+02
k6g6peiluqkfsczxv5htj40tbv6oe7be	.eJxVjEEOwiAQRe_C2hAEylCX7nsGMjCDVA0kpV0Z765NutDtf-_9lwi4rSVsnZcwk7iIszj9bhHTg-sO6I711mRqdV3mKHdFHrTLqRE_r4f7d1Cwl29twOVReTIRLIBjHjNqo3XOWmlQSH5ASwxeJWVsHJCctp4VQc4WLYr3B9NQN9U:1scUmR:kZ81avtiQkPuVT4DBFKqs0_f3OCICb6DrpU3HhboIig	2024-08-23 20:56:03.579008+02
xpnbdw9ic5o7ysnq3wpzn9bhyrrejxiu	.eJxVjEEOwiAQRe_C2hAEylCX7nsGMjCDVA0kpV0Z765NutDtf-_9lwi4rSVsnZcwk7iIszj9bhHTg-sO6I711mRqdV3mKHdFHrTLqRE_r4f7d1Cwl29twOVReTIRLIBjHjNqo3XOWmlQSH5ASwxeJWVsHJCctp4VQc4WLYr3B9NQN9U:1sdPST:2YbOiDvDUn_PGWKPcEgQWPvhacEe90SqyhAfE5kWfY0	2024-08-26 09:27:13.996614+02
3d97j4g5i5p688zmo6j9fj0sleq7hzvi	.eJxVjEEOwiAQRe_C2hAEylCX7nsGMjCDVA0kpV0Z765NutDtf-_9lwi4rSVsnZcwk7iIszj9bhHTg-sO6I711mRqdV3mKHdFHrTLqRE_r4f7d1Cwl29twOVReTIRLIBjHjNqo3XOWmlQSH5ASwxeJWVsHJCctp4VQc4WLYr3B9NQN9U:1siUWW:442PNSFqkRE962M9BbXzK6J_eoypjMSMYdDaqBaqdys	2024-09-09 09:52:24.0945+02
kvvgz2dfh5lt7y3bc3h79p4m2xq5kwyj	.eJxVjEEOwiAQRe_C2hAEylCX7nsGMjCDVA0kpV0Z765NutDtf-_9lwi4rSVsnZcwk7iIszj9bhHTg-sO6I711mRqdV3mKHdFHrTLqRE_r4f7d1Cwl29twOVReTIRLIBjHjNqo3XOWmlQSH5ASwxeJWVsHJCctp4VQc4WLYr3B9NQN9U:1snaIz:pQGEazUtBIi9feUO3QRHg7-vW9w_5t1hTvahMjb9fnc	2024-09-23 11:03:29.687269+02
8lm7h9v90tdryc1bh97ojh5x85k99igz	.eJxVjEEOwiAQRe_C2hAEylCX7nsGMjCDVA0kpV0Z765NutDtf-_9lwi4rSVsnZcwk7iIszj9bhHTg-sO6I711mRqdV3mKHdFHrTLqRE_r4f7d1Cwl29twOVReTIRLIBjHjNqo3XOWmlQSH5ASwxeJWVsHJCctp4VQc4WLYr3B9NQN9U:1spUyZ:tRaTqe_m10DRz31KqtXIIub3W-eUPBHvnO1BULrD8Yw	2024-09-28 17:46:19.468914+02
nsyfhgbc2cdzhmm1k4gyf6qri0xkgvm9	.eJxVjEEOwiAQRe_C2hAEylCX7nsGMjCDVA0kpV0Z765NutDtf-_9lwi4rSVsnZcwk7iIszj9bhHTg-sO6I711mRqdV3mKHdFHrTLqRE_r4f7d1Cwl29twOVReTIRLIBjHjNqo3XOWmlQSH5ASwxeJWVsHJCctp4VQc4WLYr3B9NQN9U:1srhuJ:_RQu0wgO1yTpm-9tEE4l3lZjV1V69EsTs0uKSHw7tjo	2024-10-04 19:59:03.04767+02
08asto87w4zant3thi24x2z0noxdebdk	.eJxVjEEOwiAQRe_C2hAEylCX7nsGMjCDVA0kpV0Z765NutDtf-_9lwi4rSVsnZcwk7iIszj9bhHTg-sO6I711mRqdV3mKHdFHrTLqRE_r4f7d1Cwl29twOVReTIRLIBjHjNqo3XOWmlQSH5ASwxeJWVsHJCctp4VQc4WLYr3B9NQN9U:1svugt:RQoKgC6zjFxMvrGiKwJD_lSAW-5XLLkcdHlI2b6X3yU	2024-10-16 10:26:35.097398+02
fi4c2pwa9w1g0kqztyyfy593oapxpm7o	.eJxVjEEOwiAQRe_C2hAEylCX7nsGMjCDVA0kpV0Z765NutDtf-_9lwi4rSVsnZcwk7iIszj9bhHTg-sO6I711mRqdV3mKHdFHrTLqRE_r4f7d1Cwl29twOVReTIRLIBjHjNqo3XOWmlQSH5ASwxeJWVsHJCctp4VQc4WLYr3B9NQN9U:1t0bte:Eh2fGxlbfDHzacJ82VjR6iknuVWPWhUIZLqGFV0LxIc	2024-10-29 08:23:10.808422+01
itl4k7ehogwflqioqt6htuezqn1ayvvf	.eJxVjEEOwiAQRe_C2hAEylCX7nsGMjCDVA0kpV0Z765NutDtf-_9lwi4rSVsnZcwk7iIszj9bhHTg-sO6I711mRqdV3mKHdFHrTLqRE_r4f7d1Cwl29twOVReTIRLIBjHjNqo3XOWmlQSH5ASwxeJWVsHJCctp4VQc4WLYr3B9NQN9U:1t4LzT:Tzsrn2nu-T8Z1W3sJdnennen-lTRtFx-x2EDFAGISdM	2024-11-08 16:12:39.607074+01
xtjklzlktg7kzbplfqxwkyfb260x3wvp	.eJxVjEEOwiAQRe_C2hAEylCX7nsGMjCDVA0kpV0Z765NutDtf-_9lwi4rSVsnZcwk7iIszj9bhHTg-sO6I711mRqdV3mKHdFHrTLqRE_r4f7d1Cwl29twOVReTIRLIBjHjNqo3XOWmlQSH5ASwxeJWVsHJCctp4VQc4WLYr3B9NQN9U:1t5m4G:qimLRbAKR54ZcIi-AbDR6bS6e3QjPhjfb14SX5JDF7s	2024-11-12 14:15:28.690772+01
ncyc0xt6q15p2ruqv9edwgccczn5epks	.eJxVjEEOwiAQRe_C2hAEylCX7nsGMjCDVA0kpV0Z765NutDtf-_9lwi4rSVsnZcwk7iIszj9bhHTg-sO6I711mRqdV3mKHdFHrTLqRE_r4f7d1Cwl29twOVReTIRLIBjHjNqo3XOWmlQSH5ASwxeJWVsHJCctp4VQc4WLYr3B9NQN9U:1tAYhe:k4ioq3FLePw7LA6OrMrmfhSbXoHHk16ZiQdma5uGuyA	2024-11-25 18:59:54.411423+01
2xbqndpb1j8h8pih61rxuegplekso4m9	.eJxVjEEOwiAQRe_C2hAEylCX7nsGMjCDVA0kpV0Z765NutDtf-_9lwi4rSVsnZcwk7iIszj9bhHTg-sO6I711mRqdV3mKHdFHrTLqRE_r4f7d1Cwl29twOVReTIRLIBjHjNqo3XOWmlQSH5ASwxeJWVsHJCctp4VQc4WLYr3B9NQN9U:1tD20D:jsfhlxiI0TAiIUwPsUAqZFiXrHO1Y2DIxFstOMrm9fI	2024-12-02 14:41:17.488408+01
dnfbqvulyrwe4ibfbned4n29o5u5cnto	.eJxVjEEOwiAQRe_C2hAEylCX7nsGMjCDVA0kpV0Z765NutDtf-_9lwi4rSVsnZcwk7iIszj9bhHTg-sO6I711mRqdV3mKHdFHrTLqRE_r4f7d1Cwl29twOVReTIRLIBjHjNqo3XOWmlQSH5ASwxeJWVsHJCctp4VQc4WLYr3B9NQN9U:1tI8HT:OAjYsuqPbs4E1U511mFgissOlZ3gXP-ruerVhVLXxEI	2024-12-16 16:24:11.18918+01
qdz0ucx3im8kt1inr8laezw9woeou30u	.eJxVjEEOwiAQRe_C2hAEylCX7nsGMjCDVA0kpV0Z765NutDtf-_9lwi4rSVsnZcwk7iIszj9bhHTg-sO6I711mRqdV3mKHdFHrTLqRE_r4f7d1Cwl29twOVReTIRLIBjHjNqo3XOWmlQSH5ASwxeJWVsHJCctp4VQc4WLYr3B9NQN9U:1tJYWB:6OysDCK0kpzNkiYc7J2AfF4EM6U2lUC4hLRdw0ziLVw	2024-12-20 14:37:15.423383+01
2h4kjgcrqwv33oiupg3gh6aakuf9imvh	.eJxVjEEOwiAQRe_C2hAEylCX7nsGMjCDVA0kpV0Z765NutDtf-_9lwi4rSVsnZcwk7iIszj9bhHTg-sO6I711mRqdV3mKHdFHrTLqRE_r4f7d1Cwl29twOVReTIRLIBjHjNqo3XOWmlQSH5ASwxeJWVsHJCctp4VQc4WLYr3B9NQN9U:1tNFer:qK7uDFa0NxsuCCBN3hXs34ebArCZZRzeZF7rLerNgFQ	2024-12-30 19:17:29.321259+01
ahblan0us4w16hjo06mr9pbczpjylqj8	.eJxVjEEOwiAQRe_C2hAEylCX7nsGMjCDVA0kpV0Z765NutDtf-_9lwi4rSVsnZcwk7iIszj9bhHTg-sO6I711mRqdV3mKHdFHrTLqRE_r4f7d1Cwl29twOVReTIRLIBjHjNqo3XOWmlQSH5ASwxeJWVsHJCctp4VQc4WLYr3B9NQN9U:1tSvcj:t-F-cKOb-5DdnOzYt5GcRZ7oMv5NW97mnkc6LS-u7TM	2025-01-15 11:06:45.386369+01
6s2rleamg22omxw23uagg4xv2n3er2fl	.eJxVjEEOwiAQRe_C2hCgAxSX7j0DmSmDVA0kpV0Z765NutDtf-_9l4i4rSVunZc4J3EWRpx-N8LpwXUH6Y711uTU6rrMJHdFHrTLa0v8vBzu30HBXr519mx9yg6U0wDJjxlCQO2VNYHUgIoChzwYYKtAu8FZQ-RhZAM6YwLx_gDCgTbs:1tVpMs:yYL1ubZ_Dv38jCxnpqR2tK51HPzKfoZSbbRu84O8lAY	2025-01-23 11:02:22.311019+01
ubw30ppuzhxk6zpcldl5q60999gyfivo	.eJxVjEEOwiAQRe_C2hAEylCX7nsGMjCDVA0kpV0Z765NutDtf-_9lwi4rSVsnZcwk7iIszj9bhHTg-sO6I711mRqdV3mKHdFHrTLqRE_r4f7d1Cwl29twOVReTIRLIBjHjNqo3XOWmlQSH5ASwxeJWVsHJCctp4VQc4WLYr3B9NQN9U:1taBYc:41-V3wYPOuB4U8a2t9pWi7ewAdiFxychqaBlNDVhzeo	2025-02-04 11:32:30.878954+01
3gi2jgxwd4o4f2vnnmj6the9jdnvuenq	.eJxVjEEOwiAQRe_C2hAEylCX7nsGMjCDVA0kpV0Z765NutDtf-_9lwi4rSVsnZcwk7iIszj9bhHTg-sO6I711mRqdV3mKHdFHrTLqRE_r4f7d1Cwl29twOVReTIRLIBjHjNqo3XOWmlQSH5ASwxeJWVsHJCctp4VQc4WLYr3B9NQN9U:1tac6q:082uWUNB4p2Jc0zOByrA04X1FHUKnABDjP8ExqZNWS0	2025-02-05 15:53:36.512593+01
s0v56b5lnesel54qt4r2lv8pwppg6b30	.eJxVjEEOwiAQRe_C2hCgAxSX7j0DmSmDVA0kpV0Z765NutDtf-_9l4i4rSVunZc4J3EWRpx-N8LpwXUH6Y711uTU6rrMJHdFHrTLa0v8vBzu30HBXr519mx9yg6U0wDJjxlCQO2VNYHUgIoChzwYYKtAu8FZQ-RhZAM6YwLx_gDCgTbs:1tcLC1:M1dkzj54_cbxEOdXMh8-Dm0gNnKILizyf63JOxWy8oE	2025-02-10 10:14:05.571084+01
58gk9ahilusi84x8dkzpj629dlhibsen	.eJxVjEEOwiAQRe_C2hAEylCX7nsGMjCDVA0kpV0Z765NutDtf-_9lwi4rSVsnZcwk7iIszj9bhHTg-sO6I711mRqdV3mKHdFHrTLqRE_r4f7d1Cwl29twOVReTIRLIBjHjNqo3XOWmlQSH5ASwxeJWVsHJCctp4VQc4WLYr3B9NQN9U:1tfGX9:hAzfzwfoIIqHZIcRZ5e5_dIA061s_biVI5QYMRXtuFo	2025-02-18 11:51:59.357526+01
ikjkwv6j6eo7ur4zfa4dczufcq3j7miy	.eJxVjEEOwiAQRe_C2hAEylCX7nsGMjCDVA0kpV0Z765NutDtf-_9lwi4rSVsnZcwk7iIszj9bhHTg-sO6I711mRqdV3mKHdFHrTLqRE_r4f7d1Cwl29twOVReTIRLIBjHjNqo3XOWmlQSH5ASwxeJWVsHJCctp4VQc4WLYr3B9NQN9U:1ti7gU:AH367LLcXgb-WJ-nbBbDnAEIoN6KBnYypF3_bU5o5mk	2025-02-26 09:01:26.661049+01
1za62uk7s0etg57yemyv5ve1tcmcttma	.eJxVjEEOwiAQRe_C2hCgAxSX7j0DmSmDVA0kpV0Z765NutDtf-_9l4i4rSVunZc4J3EWRpx-N8LpwXUH6Y711uTU6rrMJHdFHrTLa0v8vBzu30HBXr519mx9yg6U0wDJjxlCQO2VNYHUgIoChzwYYKtAu8FZQ-RhZAM6YwLx_gDCgTbs:1tisDR:wEL6ZnwqAMGrN_LNasQNKh_24nSzfJmCi5nvo_Drhmo	2025-02-28 10:42:33.93221+01
6c54rz60qwqahu1h7614n2dlr1k43wkx	.eJxVjEEOwiAQRe_C2hAEylCX7nsGMjCDVA0kpV0Z765NutDtf-_9lwi4rSVsnZcwk7iIszj9bhHTg-sO6I711mRqdV3mKHdFHrTLqRE_r4f7d1Cwl29twOVReTIRLIBjHjNqo3XOWmlQSH5ASwxeJWVsHJCctp4VQc4WLYr3B9NQN9U:1tkNfM:48J9C9TcAIg_pqwizURRzROipKoSfGY57YtmQRXJHyg	2025-03-04 14:29:36.92067+01
49fc4veellersay40sdfwtp8h2m6ma89	.eJxVjEEOwiAQRe_C2hAEylCX7nsGMjCDVA0kpV0Z765NutDtf-_9lwi4rSVsnZcwk7iIszj9bhHTg-sO6I711mRqdV3mKHdFHrTLqRE_r4f7d1Cwl29twOVReTIRLIBjHjNqo3XOWmlQSH5ASwxeJWVsHJCctp4VQc4WLYr3B9NQN9U:1tqSBH:3S8RO07tFVoiUsVz6ee9-SIZrLAYFjSPk2qXDa-RZ2c	2025-03-21 08:31:39.453982+01
0zeqa3dvegn1fr16r9wllq1u77nqvrci	.eJxVjEEOwiAQRe_C2hCgAxSX7j0DmSmDVA0kpV0Z765NutDtf-_9l4i4rSVunZc4J3EWRpx-N8LpwXUH6Y711uTU6rrMJHdFHrTLa0v8vBzu30HBXr519mx9yg6U0wDJjxlCQO2VNYHUgIoChzwYYKtAu8FZQ-RhZAM6YwLx_gDCgTbs:1tqUwY:YeY8baYENZq_VNdp9EtdA5S56DRCRRlO3XFzLNdWEjk	2025-03-21 11:28:38.304541+01
wlnc4twzk7olq0ub5q2ui03dz7gur39p	.eJxVjEEOwiAQRe_C2hAEylCX7nsGMjCDVA0kpV0Z765NutDtf-_9lwi4rSVsnZcwk7iIszj9bhHTg-sO6I711mRqdV3mKHdFHrTLqRE_r4f7d1Cwl29twOVReTIRLIBjHjNqo3XOWmlQSH5ASwxeJWVsHJCctp4VQc4WLYr3B9NQN9U:1trZwF:xFo7uYS-9xbBG0B138rKfQfZwhK6y4e0-PpX6jqMUlM	2025-03-24 11:00:47.775532+01
hu3mbd5g9wq7ch1gyyis54iv2we49xnb	.eJxVjEEOwiAQRe_C2hCgAxSX7j0DmSmDVA0kpV0Z765NutDtf-_9l4i4rSVunZc4J3EWRpx-N8LpwXUH6Y711uTU6rrMJHdFHrTLa0v8vBzu30HBXr519mx9yg6U0wDJjxlCQO2VNYHUgIoChzwYYKtAu8FZQ-RhZAM6YwLx_gDCgTbs:1twesg:y3HxLt7IOwyNRSdg084KCf5ILCVPJ9bo1as2SEXGPBQ	2025-04-07 12:18:06.034822+02
7omh0goyv2jdei2a0hr2ua49vkpj7kdu	.eJxVjEEOwiAQRe_C2hAEylCX7nsGMjCDVA0kpV0Z765NutDtf-_9lwi4rSVsnZcwk7iIszj9bhHTg-sO6I711mRqdV3mKHdFHrTLqRE_r4f7d1Cwl29twOVReTIRLIBjHjNqo3XOWmlQSH5ASwxeJWVsHJCctp4VQc4WLYr3B9NQN9U:1twg2t:AttjaKDBLhZ0bYaY46KJs978x58adAlaEwOe2yI_uaU	2025-04-07 13:32:43.186751+02
\.


--
-- Data for Name: invoices_invoice; Type: TABLE DATA; Schema: public; Owner: postgres
--

COPY public.invoices_invoice (id, created_at, modified_at, is_client, serial, number, deadline, value, description, cancellation_to_id, cancelled_from_id, created_by_id, currency_id, modified_by_id, person_id, is_recurrent, payed) FROM stdin;
66	2024-09-18 12:37:30.562965+02	2024-09-23 12:37:30.569787+02	f	-	-	2024-09-28	4.61		\N	\N	1	1	1	220	f	4.61
49	2024-09-16 20:01:38.755206+02	2024-09-16 20:01:49.570215+02	t	RE	19	2024-09-16	100.00		\N	\N	1	1	1	127	f	100.00
43	2024-09-13 14:21:02.079749+02	2024-09-13 14:21:02.079749+02	t	RE	18	2024-09-13	45.00	Führerschein	\N	\N	1	1	1	204	f	45.00
79	2024-09-30 08:40:19.157435+02	2024-10-01 08:40:19.166926+02	t	RE	38	2024-10-06	100.00		\N	\N	1	1	1	247	f	100.00
63	2024-09-19 11:11:27.043288+02	2024-09-20 11:11:27.043288+02	t	RE	27	2024-09-20	100.00		\N	\N	1	1	1	222	f	100.00
60	2024-09-19 12:41:22.290782+02	2024-09-19 12:41:22.301277+02	t	RE	24	2024-09-19	100.00		\N	\N	1	1	1	221	f	100.00
62	2024-09-19 19:27:29.566198+02	2024-09-19 19:27:29.566198+02	t	RE	26	2024-09-19	385.00		\N	\N	1	1	1	224	f	385.00
68	2024-09-26 09:39:33.764709+02	2024-09-26 09:39:33.76476+02	t	RE	29	2024-09-28	85.00		\N	\N	1	1	1	226	f	85.00
61	2024-09-19 14:11:38.295036+02	2024-09-19 14:11:38.305125+02	t	RE	25	2024-09-19	85.00		\N	\N	1	1	1	219	f	85.00
75	2024-09-27 10:48:29.501439+02	2024-09-27 10:48:29.510171+02	t	RE	34	2024-10-02	100.00		\N	\N	1	1	1	237	f	100.00
72	2024-08-31 10:51:51.12401+02	2024-09-26 10:52:04.437326+02	f	HR	2408-01	2024-10-01	536.00		\N	\N	1	1	1	162	f	536.00
25	2024-09-04 09:37:53.791721+02	2024-09-04 09:37:53.80116+02	t	RE	5	2024-09-04	240.00		\N	\N	1	1	1	178	f	240.00
73	2024-09-26 11:08:31.181016+02	2024-09-26 11:08:31.188565+02	t	RE	32	2024-10-01	20.00		\N	\N	1	1	1	230	f	20.00
71	2024-09-25 10:47:05.008831+02	2024-09-26 10:47:05.008831+02	f	HR	2409-01	2024-10-01	230.10		\N	\N	1	1	1	162	f	230.10
70	2024-09-26 09:45:31.443316+02	2024-09-26 09:45:31.453932+02	t	RE	31	2024-10-01	110.00		\N	\N	1	1	1	79	f	110.00
46	2024-09-11 11:25:16.196601+02	2024-09-15 11:25:16.196601+02	f	??	???	2024-09-12	11.90	Beglaubigung - Kopie	\N	\N	1	1	1	108	f	11.90
77	2024-09-30 13:40:08.437844+02	2024-09-30 13:40:08.437844+02	t	RE	36	2024-10-05	68.00		\N	\N	1	1	1	120	f	68.00
67	2024-09-24 08:46:25.619225+02	2024-09-24 08:46:25.619274+02	t	RE	28	2024-09-28	50.00		\N	\N	1	1	1	225	f	50.00
80	2024-10-01 10:01:18.46179+02	2024-10-01 10:01:18.473428+02	t	RE	39	2024-10-06	65.00		\N	\N	1	1	1	249	f	65.00
69	2024-09-26 09:41:01.783798+02	2024-09-26 09:41:01.783845+02	t	RE	30	2024-09-30	50.00		\N	\N	1	1	1	229	f	50.00
81	2024-10-01 11:05:11.477568+02	2024-10-01 11:05:11.484473+02	f		006/2024	2024-10-06	71.60		\N	\N	1	1	1	233	f	71.60
76	2024-09-30 13:28:18.275283+02	2024-09-30 13:28:18.275338+02	t	RE	35	2024-10-05	100.00		\N	\N	1	1	1	245	f	100.00
82	2024-10-02 10:07:11.909256+02	2024-10-08 10:07:11.920669+02	t	RE	40	2024-10-02	60.00		\N	\N	1	1	1	251	f	60.00
83	2024-10-08 07:31:05.944372+02	2024-10-09 07:31:05.953034+02	t	RE	41	2024-10-10	170.00		\N	\N	1	1	1	256	f	170.00
84	2024-10-09 07:35:08.644273+02	2024-10-09 07:35:08.652235+02	t	RE	42	2024-10-14	100.00		\N	\N	1	1	1	255	f	100.00
78	2024-09-30 13:42:38.896503+02	2024-09-30 13:42:43.450304+02	t	RE	37	2024-10-05	50.00		\N	\N	1	1	1	168	f	50.00
85	2024-10-09 07:36:34.965103+02	2024-10-09 07:36:34.965151+02	t	RE	43	2024-10-13	100.00		\N	\N	1	1	1	254	f	100.00
74	2024-09-26 11:18:39.697418+02	2024-09-26 11:18:39.707284+02	t	RE	33	2024-10-01	290.00		\N	\N	1	1	1	231	f	290.00
149	2024-12-03 08:53:02.315568+01	2024-12-04 08:53:02.32353+01	t	RE	105	2024-12-09	100.00		\N	\N	1	1	1	338	f	100.00
29	2024-09-05 13:30:35.864145+02	2024-09-05 13:30:45.664873+02	t	RE	7	2024-09-05	300.00		\N	\N	1	1	1	180	f	300.00
52	2024-09-17 09:13:06.965652+02	2024-09-17 09:13:06.9657+02	t	RE	20	2024-09-16	85.00		\N	\N	1	1	1	208	f	85.00
65	2024-09-23 11:51:28.304573+02	2024-09-23 11:51:28.310635+02	f	??	???	2024-09-28	2.70		\N	\N	1	1	1	210	f	2.70
21	2024-09-02 08:33:12.504482+02	2024-09-03 08:33:12.504482+02	t	RE	1	2024-09-03	60.00	Vollmacht - Geburtsurkunde	\N	\N	1	1	1	179	f	60.00
23	2024-09-04 06:43:36.302051+02	2024-09-04 06:43:36.310056+02	t	RE	3	2024-09-04	410.00		\N	\N	1	1	1	184	f	410.00
45	2024-09-05 11:27:03.869143+02	2024-09-15 11:27:03.869143+02	f	??	???	2024-09-05	11.90		\N	\N	1	1	1	108	f	11.90
36	2024-09-09 19:52:17.776345+02	2024-09-09 19:52:17.776388+02	t	RE	11	2024-09-10	100.00	Vollmacht -Vormund	\N	\N	1	1	1	193	f	100.00
27	2024-09-05 12:04:38.290794+02	2024-09-05 12:04:48.797126+02	f		1203-609722-6	2024-09-05	25.00		\N	\N	1	1	1	62	f	25.00
58	2024-09-19 12:17:15.92516+02	2024-09-19 12:17:15.92516+02	f		169/09/2024	2024-09-19	41.60		\N	\N	1	1	1	42	f	41.60
47	2024-09-04 11:39:47.237813+02	2024-09-15 11:39:47.237813+02	f	??	???	2024-09-04	10.00		\N	\N	1	1	1	206	f	10.00
22	2024-09-03 08:44:42.550733+02	2024-09-03 08:44:42.55959+02	t	RE	2	2024-09-03	100.00	Vollmacht - Auto	\N	\N	1	1	1	182	f	100.00
54	2024-09-18 17:06:39.477422+02	2024-09-18 17:06:39.483317+02	f	C147C08B	0050	2024-09-18	26.34		\N	\N	1	1	1	216	f	26.34
30	2024-09-05 13:31:41.614472+02	2024-09-05 13:31:41.622108+02	t	RE	8	2024-09-05	60.00		\N	\N	1	1	1	191	f	60.00
24	2024-09-04 09:35:10.263106+02	2024-09-04 09:35:10.263106+02	t	RE	4	2024-09-04	90.00		\N	\N	1	1	1	181	f	90.00
26	2024-09-04 11:45:44.846058+02	2024-09-15 11:45:44.846058+02	f		6UEB/2024	2024-09-04	23.80		\N	\N	1	1	1	185	f	23.80
31	2024-09-06 08:35:49.171482+02	2024-09-06 08:35:49.180804+02	t	RE	9	2024-09-06	40.00		\N	\N	1	1	1	188	f	40.00
59	2024-09-18 12:19:09.227136+02	2024-09-19 12:19:09.227136+02	f		2024/02242/MA-A	2024-09-19	18.47	Buchhaltung September 2024	\N	\N	1	1	1	217	f	18.47
39	2024-09-10 12:37:44.684085+02	2024-09-11 12:37:44.684085+02	t	RE	14	2024-09-11	350.00		\N	\N	1	1	1	200	f	350.00
33	2024-09-09 11:36:26.601638+02	2024-09-09 11:36:34.509966+02	f		164/09/2024	2024-09-09	30.00		\N	\N	1	1	1	42	f	30.00
55	2024-09-18 17:26:14.421939+02	2024-09-18 17:26:14.421939+02	t	RE	22	2024-09-18	95.00		\N	\N	1	1	1	215	f	95.00
41	2024-09-12 14:08:06.547727+02	2024-09-12 14:08:06.558752+02	t	RE	16	2024-09-12	100.00		\N	\N	1	1	1	202	f	100.00
40	2024-09-12 09:35:34.540751+02	2024-09-12 09:35:34.540751+02	t	RE	15	2024-09-13	60.00		\N	\N	1	1	1	122	f	60.00
37	2024-09-09 19:54:03.070512+02	2024-09-09 19:54:03.07056+02	t	RE	12	2024-09-21	185.00		\N	\N	1	1	1	196	f	185.00
44	2024-09-15 11:16:31.130318+02	2024-09-15 11:16:31.130318+02	f		1203-609789-7	2024-09-15	25.00		\N	\N	1	1	1	62	f	25.00
56	2024-09-19 08:36:39.771951+02	2024-09-19 08:36:39.771951+02	t	RE	23	2024-09-19	70.00		\N	\N	1	1	1	218	f	70.00
38	2024-09-10 09:12:29.892908+02	2024-09-11 09:12:29.892908+02	t	RE	13	2024-09-11	299.00		\N	\N	1	1	1	194	f	299.00
50	2024-09-05 20:34:42.077048+02	2024-09-16 20:34:42.077048+02	f	??	???	2024-09-16	7.80		\N	\N	1	1	1	210	f	7.80
51	2024-09-17 09:11:42.676762+02	2024-09-17 09:11:42.682603+02	f	??	???	2024-09-17	8.99	SEPA	\N	\N	1	1	1	212	f	8.99
57	2024-09-11 10:20:52.353121+02	2024-09-19 10:20:52.353121+02	f	??	???	2024-09-11	9.90		\N	\N	1	1	1	210	f	9.90
53	2024-09-17 17:00:06.123404+02	2024-09-18 17:00:06.123404+02	t	RE	21	2024-09-18	70.00		\N	\N	1	1	1	209	f	70.00
64	2024-09-18 17:47:35.857979+02	2024-09-22 17:47:35.86569+02	f		00987/2024-39/24	2024-09-28	60.81		\N	\N	1	1	1	199	f	60.81
90	2024-10-14 08:59:39.528143+02	2024-10-15 08:59:39.538664+02	t	RE	47	2024-10-20	170.00		\N	\N	1	1	1	264	f	170.00
100	2024-10-21 16:22:15.635841+02	2024-10-21 16:22:15.6359+02	t	RE	56	2024-10-26	30.00		\N	\N	1	1	1	280	f	30.00
103	2024-10-23 09:00:23.480771+02	2024-10-23 09:00:23.480825+02	t	RE	59	2024-10-23	80.00		\N	\N	1	1	1	277	f	80.00
124	2024-11-12 19:04:12.317594+01	2024-11-12 19:04:12.325309+01	t	RE	80	2024-11-17	220.00		\N	\N	1	1	1	311	f	220.00
101	2024-10-21 16:25:31.853462+02	2024-10-21 16:25:41.138668+02	t	RE	57	2024-10-26	550.00		\N	\N	1	1	1	168	f	550.00
142	2024-11-28 08:06:45.985766+01	2024-11-29 08:06:45.985766+01	t	RE	98	2024-12-02	100.00		\N	\N	1	1	1	329	f	100.00
105	2024-10-23 09:25:39.962836+02	2024-10-24 09:25:39.962836+02	t	RE	61	2024-10-27	80.00		\N	\N	1	1	1	283	f	80.00
96	2024-10-17 16:49:36.927732+02	2024-10-17 16:49:36.942544+02	t	RE	53	2024-10-22	95.00		\N	\N	1	1	1	275	f	95.00
89	2024-10-14 08:54:38.069244+02	2024-10-14 08:54:38.069244+02	t	RE	46	2024-10-16	75.00		\N	\N	1	1	1	257	f	75.00
93	2024-10-15 09:27:02.285428+02	2024-10-16 09:27:44.905764+02	t	RE	50	2024-10-21	150.00		\N	\N	1	1	1	111	f	150.00
88	2024-10-11 08:53:27.540377+02	2024-10-14 08:53:27.540377+02	t	RE	45	2024-10-16	95.00		\N	\N	1	1	1	263	f	95.00
91	2024-10-14 09:00:42.060531+02	2024-10-15 09:00:42.060531+02	t	RE	48	2024-10-19	50.00		\N	\N	1	1	1	267	f	50.00
129	2024-11-18 13:00:07.333749+01	2024-11-18 13:00:07.333799+01	t	RE	85	2024-11-18	100.00		\N	\N	1	1	1	312	f	100.00
87	2024-10-10 14:33:46.792215+02	2024-10-10 14:33:46.804761+02	t	RE	44	2024-10-15	170.00		\N	\N	1	1	1	260	f	170.00
94	2024-10-16 09:30:18.890486+02	2024-10-16 09:30:18.890531+02	t	RE	51	2024-10-20	170.00		\N	\N	1	1	1	268	f	170.00
112	2024-10-30 10:32:29.625437+01	2024-10-30 10:32:29.625491+01	t	RE	68	2024-11-03	135.00		\N	\N	1	1	1	296	f	135.00
99	2024-10-18 18:20:29.409766+02	2024-10-19 18:20:29.409766+02	t	RE	55	2024-10-20	80.00		\N	\N	1	1	1	269	f	80.00
111	2024-10-29 15:04:21.67161+01	2024-10-29 15:04:21.67161+01	t	RE	67	2024-11-03	50.00		\N	\N	1	1	1	163	f	50.00
125	2024-11-12 07:55:47.589819+01	2024-11-13 07:55:47.589819+01	t	RE	81	2024-11-16	100.00		\N	\N	1	1	1	307	f	100.00
106	2024-10-23 09:26:04.775209+02	2024-10-24 09:26:04.775209+02	t	RE	62	2024-10-28	100.00		\N	\N	1	1	1	286	f	100.00
113	2024-10-31 09:14:05.342139+01	2024-10-31 09:14:05.342179+01	t	RE	69	2024-11-02	260.00		\N	\N	1	1	1	295	f	260.00
92	2024-10-15 09:01:25.062015+02	2024-10-15 09:01:25.062064+02	t	RE	49	2024-10-19	95.00		\N	\N	1	1	1	265	f	95.00
126	2024-11-13 11:12:51.228945+01	2024-11-14 11:12:51.240992+01	t	RE	82	2024-11-19	50.00		\N	\N	1	1	1	194	f	50.00
95	2024-10-16 09:36:29.196447+02	2024-10-16 09:36:29.205747+02	t	RE	52	2024-10-21	85.00		\N	\N	1	1	1	270	f	85.00
98	2024-10-17 16:56:43.259529+02	2024-10-17 16:56:43.259594+02	t	RE	54	2024-10-22	85.00		\N	\N	1	1	1	274	f	85.00
118	2024-11-05 09:13:16.277114+01	2024-11-06 09:13:16.277114+01	t	RE	74	2024-11-10	80.00		\N	\N	1	1	1	300	f	80.00
107	2024-10-24 13:18:35.13779+02	2024-10-25 13:18:35.149233+02	t	RE	63	2024-10-30	70.00		\N	\N	1	1	1	289	f	70.00
108	2024-10-25 13:19:58.514902+02	2024-10-25 13:19:58.514953+02	t	RE	64	2024-10-29	55.00		\N	\N	1	1	1	288	f	55.00
102	2024-10-23 08:59:49.326752+02	2024-10-23 08:59:49.326801+02	t	RE	58	2024-10-27	30.00		\N	\N	1	1	1	280	f	30.00
104	2024-10-23 09:24:31.979278+02	2024-10-24 09:24:31.979278+02	t	RE	60	2024-10-29	50.00		\N	\N	1	1	1	169	f	50.00
127	2024-11-14 11:14:30.885547+01	2024-11-14 11:14:30.885595+01	t	RE	83	2024-11-17	30.00		\N	\N	1	1	1	277	f	30.00
109	2024-10-28 10:44:20.31136+01	2024-10-28 10:44:20.311411+01	t	RE	65	2024-10-30	100.00		\N	\N	1	1	1	291	f	100.00
110	2024-10-28 16:10:11.622019+01	2024-10-28 16:10:11.622071+01	t	RE	66	2024-11-01	150.00		\N	\N	1	1	1	293	f	150.00
114	2024-10-31 16:06:12.23338+01	2024-10-31 16:06:12.24202+01	t	RE	70	2024-11-05	180.00		\N	\N	1	1	1	298	f	180.00
115	2024-10-31 08:14:00.271444+01	2024-11-01 08:14:00.271444+01	t	RE	71	2024-11-05	120.00		\N	\N	1	1	1	299	f	120.00
116	2024-11-01 08:14:33.207613+01	2024-11-01 08:14:33.207669+01	t	RE	72	2024-11-05	120.00		\N	\N	1	1	1	297	f	120.00
121	2024-11-08 11:50:02.397331+01	2024-11-08 11:50:02.397401+01	t	RE	77	2024-11-12	95.00		\N	\N	1	1	1	302	f	95.00
122	2024-11-08 11:50:09.969926+01	2024-11-08 11:50:09.969978+01	t	RE	78	2024-11-12	50.00		\N	\N	1	1	1	303	f	50.00
137	2024-11-26 09:01:48.283387+01	2024-11-27 09:01:48.283387+01	t	RE	93	2024-12-01	100.00		\N	\N	1	1	1	318	f	100.00
128	2024-11-14 14:41:27.4946+01	2024-11-14 14:41:27.49466+01	t	RE	84	2024-11-17	95.00		\N	\N	1	1	1	310	f	95.00
120	2024-11-07 15:10:17.748669+01	2024-11-07 15:10:17.748669+01	t	RE	76	2024-11-12	80.00		\N	\N	1	1	1	55	f	80.00
134	2024-11-19 16:41:05.521891+01	2024-11-19 16:41:05.53145+01	t	RE	90	2024-11-24	110.00		\N	\N	1	1	1	320	f	110.00
140	2024-11-27 11:04:13.443563+01	2024-12-02 11:04:13.443563+01	t	RE	96	2025-01-31	795.00		\N	\N	1	1	1	282	f	795.00
132	2024-11-19 16:38:07.628456+01	2024-11-19 16:38:07.628531+01	t	RE	88	2024-11-24	70.00		\N	\N	1	1	1	318	f	70.00
133	2024-11-19 16:38:45.020051+01	2024-11-19 16:38:45.020097+01	t	RE	89	2024-11-24	152.00		\N	\N	1	1	1	301	f	152.00
131	2024-11-19 13:17:09.90087+01	2024-11-19 13:17:09.90096+01	t	RE	87	2024-11-24	100.00		\N	\N	1	1	1	318	f	100.00
123	2024-11-08 11:51:59.895099+01	2024-11-08 11:51:59.904256+01	t	RE	79	2024-11-13	185.00		\N	\N	1	1	1	304	f	185.00
136	2024-11-25 10:45:00.109527+01	2024-11-25 10:45:00.109579+01	t	RE	92	2024-10-29	100.00		\N	\N	1	1	1	287	f	100.00
135	2024-11-22 08:40:18.931119+01	2024-11-22 08:40:18.931178+01	t	RE	91	2024-11-26	170.00		\N	\N	1	1	1	322	f	170.00
139	2024-11-27 09:05:57.092328+01	2024-11-27 09:05:57.102821+01	t	RE	95	2024-12-02	100.00		\N	\N	1	1	1	328	f	100.00
141	2024-11-27 09:54:46.55323+01	2024-11-28 09:54:46.563224+01	t	RE	97	2024-12-03	100.00		\N	\N	1	1	1	331	f	100.00
86	2024-10-09 15:45:43.02927+02	2024-10-09 15:45:43.037524+02	f	9101	12924 24 LG II	2024-10-14	25.00	9101 a E-F. 12924/24 LG II	\N	\N	1	1	1	259	f	25.00
148	2024-12-03 16:09:47.146727+01	2024-12-03 16:09:47.153949+01	t	RE	104	2024-12-08	50.00		\N	\N	1	1	1	340	f	50.00
146	2024-12-02 10:08:50.192848+01	2024-12-02 10:08:50.192901+01	t	RE	102	2024-11-24	100.00		\N	\N	1	1	1	319	f	100.00
145	2024-11-29 18:56:53.028015+01	2024-12-01 18:56:53.028015+01	t	RE	101	2024-12-03	100.00		\N	\N	1	1	1	334	f	100.00
143	2024-11-29 18:55:27.759219+01	2024-12-01 18:55:27.759219+01	t	RE	99	2024-12-02	55.00		\N	\N	1	1	1	330	f	55.00
130	2024-11-18 12:27:03.643284+01	2024-12-17 12:27:03.643284+01	t	RE	86	2024-11-23	100.00		\N	\N	1	1	1	317	f	100.00
144	2024-11-29 18:56:21.084608+01	2024-12-01 18:56:21.084608+01	t	RE	100	2024-12-03	60.00		\N	\N	1	1	1	332	f	60.00
147	2024-12-03 11:03:21.240362+01	2024-12-03 11:03:21.240412+01	t	RE	103	2024-12-03	835.00		\N	\N	1	1	1	195	f	835.00
150	2024-12-06 17:55:02.040548+01	2024-12-08 17:55:02.040548+01	t	RE	106	2024-12-07	925.00		\N	\N	1	1	1	337	f	925.00
119	2024-11-06 09:14:56.51685+01	2024-11-06 09:14:56.516894+01	t	RE	75	2024-11-10	98.00		\N	\N	1	1	1	301	f	98.00
117	2024-11-04 09:16:16.792168+01	2024-11-05 09:16:16.801346+01	t	RE	73	2024-11-10	45.00		\N	\N	1	1	1	296	f	45.00
200	2025-02-05 11:34:32+01	2025-02-07 11:34:32+01	t	RE	156	2025-02-10	-70.00	Stornorechnung	191	\N	1	1	1	387	f	-70.00
152	2024-12-10 16:42:50.442881+01	2024-12-10 16:42:50.442927+01	t	RE	108	2024-12-12	100.00		\N	\N	1	1	1	344	f	100.00
202	2025-02-06 16:16:44.353925+01	2025-02-06 16:16:44.360972+01	t	RE	158	2025-02-11	45.00		\N	\N	1	1	1	409	f	45.00
170	2025-01-10 11:14:15.048384+01	2025-01-10 11:14:15.055578+01	t	RE	126	2025-01-15	70.00		\N	\N	1	1	1	362	f	70.00
164	2025-01-03 20:51:59.331768+01	2025-01-03 20:51:59.339454+01	t	RE	120	2025-01-08	100.00		\N	\N	1	1	1	359	f	100.00
165	2025-01-03 20:52:54.334813+01	2025-01-03 20:52:54.334852+01	t	RE	121	2025-01-01	100.00		\N	\N	1	1	1	357	f	100.00
160	2024-12-19 13:16:57.102983+01	2024-12-19 13:16:57.110017+01	t	RE	116	2024-12-24	95.00		\N	\N	1	1	1	355	f	95.00
153	2024-12-10 16:43:41.152774+01	2024-12-10 16:43:41.152816+01	t	RE	109	2024-12-14	100.00		\N	\N	1	1	1	345	f	100.00
154	2024-12-11 19:52:46.576836+01	2024-12-11 19:52:46.576875+01	t	RE	110	2024-12-15	140.00		\N	\N	1	1	1	346	f	140.00
138	2024-11-26 09:02:33.551955+01	2024-11-27 09:02:33.551955+01	t	RE	94	2024-12-01	135.00		\N	\N	1	1	1	326	f	135.00
177	2025-01-15 09:47:50.012586+01	2025-01-15 09:47:50.01263+01	t	RE	133	2024-12-18	100.00		\N	\N	1	1	1	334	f	100.00
181	2025-01-20 10:32:36.552616+01	2025-01-20 10:32:36.560554+01	t	RE	137	2025-01-25	50.00		\N	\N	1	1	1	372	f	50.00
156	2024-12-17 14:39:06.150336+01	2024-12-17 14:39:06.159817+01	t	RE	112	2024-12-22	100.00		\N	\N	1	1	1	354	f	100.00
158	2024-12-19 12:48:40.363569+01	2024-12-19 12:48:40.363569+01	t	RE	114	2024-12-18	60.00		\N	\N	1	1	1	326	f	60.00
168	2025-01-10 10:15:24.978863+01	2025-01-10 10:15:24.987156+01	t	RE	124	2025-01-15	125.00		\N	\N	1	1	1	354	f	125.00
171	2025-01-13 12:12:14.962545+01	2025-01-13 12:12:14.962545+01	t	RE	127	2025-01-18	70.00		\N	\N	1	1	1	364	f	70.00
163	2024-12-23 14:57:31.731403+01	2024-12-27 14:57:31.731403+01	t	RE	119	2024-12-22	30.00		\N	\N	1	1	1	317	f	30.00
151	2024-12-10 16:32:41.384347+01	2024-12-10 16:32:41.391658+01	t	RE	107	2024-12-15	125.00		\N	\N	1	1	1	347	f	125.00
161	2024-12-19 14:41:56.040749+01	2024-12-20 14:41:56.040749+01	t	RE	117	2024-12-25	145.00		\N	\N	1	1	1	356	f	145.00
190	2025-01-27 13:42:34.815845+01	2025-02-03 10:22:24.997232+01	t	RE	146	2025-02-01	100.00		\N	\N	1	1	1	363	f	100.00
167	2025-01-09 12:23:23.217361+01	2025-01-09 12:23:23.224389+01	t	RE	123	2025-01-14	60.00		\N	\N	2	1	2	184	f	60.00
179	2025-01-16 14:43:40.915849+01	2025-01-16 14:43:40.925137+01	t	RE	135	2025-01-21	130.00		\N	\N	1	1	1	289	f	130.00
162	2024-12-20 14:43:30.994841+01	2024-12-20 14:43:31.002653+01	t	RE	118	2024-12-25	70.00		\N	\N	1	1	1	338	f	70.00
183	2025-01-20 17:49:09.831515+01	2025-01-20 17:49:09.839138+01	t	RE	139	2025-01-25	50.00		\N	\N	2	1	2	374	f	50.00
199	2025-02-04 15:26:40.011754+01	2025-02-04 15:26:40.011811+01	t	RE	155	2025-02-03	120.00		\N	\N	1	1	1	402	f	120.00
187	2025-01-24 08:13:19.629641+01	2025-01-24 08:13:19.629695+01	t	RE	143	2025-01-28	100.00		\N	\N	1	1	1	382	f	100.00
176	2025-01-14 12:37:04.279454+01	2025-01-14 12:37:04.279499+01	t	RE	132	2025-01-18	100.00		\N	\N	1	1	1	366	f	100.00
174	2025-01-14 12:33:57.434255+01	2025-01-14 12:33:57.434313+01	t	RE	130	2025-01-19	185.00		\N	\N	1	1	1	318	f	185.00
173	2025-01-14 09:28:43.155147+01	2025-01-14 09:28:43.162326+01	t	RE	129	2025-01-19	70.00		\N	\N	1	1	1	365	f	70.00
192	2025-01-29 13:46:23.793712+01	2025-01-29 13:46:23.793766+01	t	RE	148	2025-02-02	80.00		\N	\N	1	1	1	390	f	80.00
169	2025-01-10 10:16:14.346396+01	2025-01-10 10:16:14.346454+01	t	RE	125	2025-01-14	100.00		\N	\N	1	1	1	318	f	100.00
195	2025-01-30 18:58:40.320512+01	2025-01-30 18:58:40.320554+01	t	RE	151	2025-02-04	150.00		\N	\N	1	1	1	91	f	150.00
184	2025-01-20 11:14:03.19205+01	2025-01-21 11:14:03.19205+01	t	RE	140	2025-01-25	100.00		\N	\N	1	1	1	373	f	100.00
182	2025-01-20 12:43:59.217338+01	2025-01-20 12:43:59.225734+01	t	RE	138	2025-01-25	100.00		\N	\N	1	1	1	370	f	100.00
180	2025-01-16 08:33:24.158098+01	2025-01-17 08:33:24.158098+01	t	RE	136	2025-01-21	100.00		\N	\N	1	1	1	368	f	100.00
175	2025-01-14 12:36:11.775176+01	2025-01-14 12:36:11.775219+01	t	RE	131	2025-01-19	160.00		\N	\N	1	1	1	367	f	160.00
155	2024-12-13 16:16:37.009775+01	2024-12-13 16:16:37.018263+01	t	RE	111	2024-12-18	100.00		\N	\N	1	1	1	352	f	100.00
185	2025-01-23 11:12:42.902846+01	2025-01-23 11:12:42.902899+01	t	RE	141	2025-01-20	580.00		\N	\N	1	1	1	205	f	580.00
213	2025-02-14 10:24:45.849518+01	2025-02-14 10:24:45.849518+01	t	RE	167	2025-02-11	50.00		\N	\N	1	1	1	410	f	50.00
194	2025-01-30 18:57:58.139043+01	2025-01-30 18:57:58.139098+01	t	RE	150	2025-02-01	100.00		\N	\N	1	1	1	388	f	100.00
189	2025-01-24 10:59:10.598891+01	2025-01-24 10:59:10.606169+01	t	RE	145	2025-01-29	50.00		\N	\N	1	1	1	384	f	50.00
209	2025-02-11 11:33:18.183421+01	2025-02-12 11:33:18.183421+01	t	RE	164	2025-02-10	50.00		\N	\N	1	1	1	161	f	50.00
188	2025-01-24 08:38:55.953069+01	2025-01-24 08:38:55.960123+01	t	RE	144	2025-01-29	210.00		\N	\N	1	1	1	383	f	210.00
193	2025-01-30 09:46:37.494412+01	2025-01-30 09:46:37.502278+01	t	RE	149	2025-02-04	100.00		\N	\N	1	1	1	393	f	100.00
196	2025-01-31 12:53:19.280594+01	2025-01-31 12:53:19.280646+01	t	RE	152	2025-02-04	100.00		\N	\N	1	1	1	396	f	100.00
157	2024-12-18 15:56:27.97139+01	2025-01-30 15:56:27.97139+01	t	RE	113	2024-12-24	550.00		\N	\N	1	1	1	168	f	550.00
208	2025-02-10 11:32:10.330082+01	2025-02-12 11:32:10.337271+01	t	RE	163	2025-02-17	160.00		\N	\N	1	1	1	419	f	160.00
201	2025-02-05 11:18:56.936163+01	2025-02-06 11:18:56.936163+01	t	RE	157	2025-02-11	100.00		\N	\N	1	1	1	406	f	100.00
191	2025-01-28 09:15:30.448566+01	2025-02-07 09:15:30.448566+01	t	RE	147	2025-01-30	100.00	None	\N	200	1	1	1	387	f	100.00
197	2025-01-31 12:53:43.323547+01	2025-01-31 12:53:43.323589+01	t	RE	153	2025-01-29	480.00		\N	\N	1	1	1	385	f	480.00
203	2025-02-07 08:57:47.778886+01	2025-02-07 08:57:47.77894+01	t	RE	159	2025-02-13	100.00		\N	\N	1	1	1	408	f	100.00
207	2025-02-07 13:20:42.68586+01	2025-02-07 13:20:42.685902+01	t	RE	162	2025-02-10	100.00		\N	\N	1	1	1	405	f	100.00
205	2025-02-07 11:21:34.249482+01	2025-02-07 11:21:34.249482+01	t	RE	160	2025-02-07	200.00		\N	\N	1	1	1	392	f	200.00
198	2025-02-03 14:00:48.159502+01	2025-02-03 14:00:48.166949+01	t	RE	154	2025-02-08	130.00		\N	\N	1	1	1	399	f	130.00
178	2025-01-15 15:55:46.45394+01	2025-01-15 15:55:46.45394+01	t	RE	134	2025-02-08	150.00		\N	\N	1	1	1	313	f	150.00
206	2025-02-07 13:19:59.764712+01	2025-02-07 13:19:59.764753+01	t	RE	161	2025-02-12	50.00		\N	\N	1	1	1	412	f	50.00
166	2025-01-07 08:31:35.036163+01	2025-02-05 08:31:35.036163+01	t	RE	122	2025-02-28	465.00		\N	\N	1	1	1	342	f	465.00
210	2025-02-13 12:55:28.15801+01	2025-02-13 12:55:28.158053+01	t	RE	165	2025-02-18	100.00		\N	\N	1	1	1	422	f	100.00
159	2024-12-19 13:06:35.564406+01	2024-12-19 13:06:35.564406+01	t	RE	115	2025-01-05	460.00		\N	\N	1	1	1	333	f	460.00
211	2025-02-13 12:58:41.592523+01	2025-02-13 12:58:41.592563+01	t	RE	166	2025-02-17	100.00		\N	\N	1	1	1	421	f	100.00
186	2025-01-23 11:42:39.842773+01	2025-01-23 11:42:39.842815+01	t	RE	142	2025-01-27	70.00		\N	\N	1	1	1	377	f	70.00
172	2025-01-14 09:27:24.324853+01	2025-01-14 09:27:24.324853+01	t	RE	128	2025-01-14	100.00		\N	\N	1	1	1	363	f	100.00
222	2025-02-24 11:08:11.440439+01	2025-02-26 11:08:11.440439+01	t	RE	175	2025-03-03	80.00		\N	\N	1	1	1	442	f	80.00
227	2025-02-27 08:54:01.597778+01	2025-02-28 08:54:01.60518+01	t	RE	180	2025-03-05	350.00		\N	\N	1	1	1	415	f	350.00
235	2025-03-03 14:56:26.178822+01	2025-03-03 14:56:26.189615+01	t	RE	188	2025-03-08	310.00		\N	\N	1	1	1	180	f	310.00
226	2025-02-27 08:51:01.054069+01	2025-02-28 08:51:01.054069+01	t	RE	179	2025-03-04	245.00		\N	\N	1	1	1	68	f	245.00
217	2025-02-18 17:26:27.950068+01	2025-02-19 17:26:27.950068+01	t	RE	170	2025-02-23	98.00		\N	\N	1	1	1	429	f	98.00
249	2025-02-26 13:30:32.829785+01	2025-03-14 13:30:58.207024+01	f		260225	2025-03-19	77.35		\N	\N	1	1	1	89	f	77.35
248	2025-03-12 13:21:16.416102+01	2025-03-15 13:21:16.416102+01	t	RE	201	2025-03-15	270.00		\N	\N	1	1	1	478	f	270.00
215	2025-02-14 11:39:47.043697+01	2025-02-14 11:39:47.043697+01	t	RE	168	2025-02-18	100.00		\N	\N	1	1	1	423	f	100.00
216	2025-02-14 12:05:38.084199+01	2025-02-14 12:05:38.091206+01	t	RE	169	2025-02-19	135.00		\N	\N	1	1	1	425	f	135.00
223	2025-02-26 11:40:45.068303+01	2025-02-26 11:40:45.075765+01	t	RE	176	2025-03-03	100.00		\N	\N	2	1	2	443	f	100.00
250	2025-03-17 09:00:41.502684+01	2025-03-19 09:00:41.502684+01	t	RE	202	2025-03-19	170.00		\N	\N	1	1	1	105	f	170.00
233	2025-03-03 14:52:16.50693+01	2025-03-03 14:52:16.50693+01	t	RE	186	2025-03-08	65.00		\N	\N	1	1	1	453	f	65.00
234	2025-03-03 14:53:56.196709+01	2025-03-03 14:53:56.19676+01	t	RE	187	2025-03-06	30.00		\N	\N	1	1	1	451	f	30.00
241	2025-03-06 17:28:47.979077+01	2025-03-06 17:28:47.979123+01	t	RE	194	2025-03-10	100.00		\N	\N	1	1	1	461	f	100.00
219	2025-02-20 08:05:12.273375+01	2025-02-21 08:05:12.285872+01	t	RE	172	2025-02-26	100.00		\N	\N	1	1	1	432	f	100.00
245	2025-03-11 09:31:01.112343+01	2025-03-11 09:31:01.11239+01	t	RE	198	2025-03-15	100.00		\N	\N	1	1	1	456	f	100.00
259	2025-03-18 08:48:38.774943+01	2025-03-19 08:48:38.774943+01	t	RE	210	2025-03-22	195.00		\N	\N	1	1	1	490	f	195.00
220	2025-02-21 08:06:41.211388+01	2025-02-21 08:06:41.211429+01	t	RE	173	2025-02-25	220.00		\N	\N	1	1	1	431	f	220.00
224	2025-02-26 12:15:19.861395+01	2025-02-26 12:15:19.869606+01	t	RE	177	2025-03-03	50.00		\N	\N	1	1	1	194	f	50.00
239	2025-03-05 11:21:04.785733+01	2025-03-06 11:21:04.785733+01	t	RE	192	2025-03-09	100.00		\N	\N	1	1	1	458	f	100.00
237	2025-03-04 09:14:38.174501+01	2025-03-04 09:14:38.174551+01	t	RE	190	2025-03-08	100.00		\N	\N	1	1	1	454	f	100.00
264	2025-03-19 08:38:30.430642+01	2025-03-21 08:38:30.439021+01	t	RE	214	2025-03-26	50.00		\N	\N	1	1	1	405	f	50.00
34	2024-09-09 12:52:57.688167+02	2024-09-09 12:52:57.688167+02	t	RE	10	2024-09-09	308.00	Übersetzungen	\N	\N	1	1	1	55	f	308.00
236	2025-03-03 15:03:26.140078+01	2025-03-03 15:03:26.149612+01	t	RE	189	2025-03-08	100.00		\N	\N	1	1	1	456	f	100.00
48	2024-09-10 11:43:27.787689+02	2024-09-15 11:43:27.787689+02	f	??	???	2024-09-10	30.00		\N	\N	1	1	1	207	f	30.00
242	2025-03-07 15:22:41.536297+01	2025-03-07 15:22:41.5455+01	t	RE	195	2025-03-12	80.00		\N	\N	1	1	1	434	f	80.00
42	2024-09-13 13:28:42.245263+02	2024-09-13 13:28:52.631556+02	t	RE	17	2024-09-13	40.00		\N	\N	1	1	1	158	f	40.00
28	2024-09-04 13:28:43.20451+02	2024-09-05 13:28:43.20451+02	t	RE	6	2024-09-05	100.00	Kostenträger: Cosmin-Beniamin Lingurar	\N	\N	1	1	1	192	f	100.00
225	2025-02-26 12:16:12.479202+01	2025-02-26 12:16:12.479244+01	t	RE	178	2025-03-02	100.00		\N	\N	1	1	1	441	f	100.00
246	2025-03-11 09:02:59.96832+01	2025-03-12 09:02:59.96832+01	t	RE	199	2025-03-15	45.00		\N	\N	1	1	1	476	f	45.00
251	2025-03-17 12:47:27.010608+01	2025-03-17 12:47:41.039525+01	t	RE	203	2025-03-22	50.00		\N	\N	1	1	1	68	f	50.00
228	2025-02-28 11:45:23.976281+01	2025-02-28 11:45:23.985323+01	t	RE	181	2025-03-05	100.00		\N	\N	1	1	1	447	f	100.00
231	2025-03-01 15:07:06.351273+01	2025-03-01 15:07:06.360671+01	t	RE	184	2025-03-06	50.00		\N	\N	1	1	1	452	f	50.00
230	2025-02-28 13:23:16.311951+01	2025-03-01 13:23:16.311951+01	t	RE	183	2025-03-04	100.00		\N	\N	1	1	1	446	f	100.00
247	2025-03-11 09:05:08.269431+01	2025-03-12 09:05:08.269431+01	t	RE	200	2025-03-12	100.00		\N	\N	1	1	1	471	f	100.00
243	2025-03-07 08:01:57.494767+01	2025-03-08 08:01:57.494767+01	t	RE	196	2025-03-11	100.00		\N	\N	1	1	1	465	f	100.00
232	2025-03-03 10:59:36.51216+01	2025-03-03 10:59:36.52415+01	t	RE	185	2025-03-08	520.00		\N	\N	1	1	1	295	f	520.00
263	2025-03-19 08:35:47.848526+01	2025-03-21 08:35:47.848526+01	t	RE	213	2025-03-26	45.00		\N	\N	1	1	1	504	f	45.00
221	2025-02-21 10:36:28.51459+01	2025-02-21 10:36:28.526087+01	t	RE	174	2025-02-26	220.00		\N	\N	1	1	1	438	f	220.00
252	2025-03-17 09:00:17.312223+01	2025-03-19 09:00:17.312223+01	t	RE	204	2025-03-22	45.00		\N	\N	1	1	1	485	f	45.00
253	2025-03-17 15:19:38.440915+01	2025-03-17 15:19:38.451239+01	t	RE	205	2025-03-22	351.00		\N	\N	1	1	1	360	f	0.00
240	2025-03-06 17:28:19.139166+01	2025-03-06 17:28:19.14701+01	t	RE	193	2025-03-11	100.00		\N	\N	1	1	1	466	f	100.00
262	2025-03-18 15:53:26.436642+01	2025-03-19 15:53:26.442396+01	f	2025	017	2025-03-24	35.70		\N	\N	1	1	1	491	f	35.70
229	2025-02-28 11:50:55.959738+01	2025-02-28 11:50:55.967317+01	t	RE	182	2025-03-05	295.00		\N	\N	1	1	1	450	f	295.00
244	2025-03-11 09:30:23.197856+01	2025-03-11 09:30:23.197909+01	t	RE	197	2025-03-15	45.00		\N	\N	1	1	1	475	f	45.00
238	2025-03-04 15:42:50.695344+01	2025-03-04 15:42:50.695405+01	t	RE	191	2025-03-03	100.00		\N	\N	1	1	1	444	f	100.00
218	2025-02-20 09:09:00.592011+01	2025-02-20 09:09:00.592056+01	t	RE	171	2025-02-24	100.00		\N	\N	1	1	1	430	f	100.00
254	2025-03-17 15:31:07.32732+01	2025-03-17 15:31:07.334188+01	t	RE	206	2025-03-22	85.00		\N	\N	1	1	1	489	f	85.00
257	2025-03-18 10:10:21.979095+01	2025-03-18 10:10:21.979095+01	t	RE	208	2025-03-22	100.00		\N	\N	1	1	1	486	f	100.00
256	2025-03-15 17:08:49.93768+01	2025-03-17 17:08:59.830528+01	f		150325	2025-03-17	41.65		\N	\N	1	1	1	89	f	41.65
260	2025-03-19 08:59:39.517986+01	2025-03-19 08:59:39.517986+01	t	RE	211	2025-03-23	40.00		\N	\N	1	1	1	493	f	40.00
261	2025-03-19 08:59:21.796587+01	2025-03-19 08:59:21.796587+01	t	RE	212	2025-03-23	100.00		\N	\N	1	1	1	495	f	100.00
265	2025-03-24 07:52:19.977957+01	2025-03-24 07:52:19.978002+01	t	RE	215	2025-03-27	65.00		\N	\N	1	1	1	505	f	65.00
255	2025-03-17 15:35:15.645606+01	2025-03-17 15:35:15.66097+01	t	RE	207	2025-03-22	100.00		\N	\N	1	1	1	405	f	100.00
258	2025-03-18 10:15:36.053834+01	2025-03-18 10:15:36.053834+01	t	RE	209	2025-03-19	100.00		\N	\N	1	1	1	483	f	100.00
266	2025-03-21 12:46:30.180939+01	2025-03-24 12:46:30.187424+01	f		20250061	2025-03-29	59.50		\N	\N	1	1	1	494	f	59.50
267	2025-03-08 16:06:45.333595+01	2025-03-24 16:06:45.333595+01	f		14/2025	2025-03-29	55.00		\N	\N	1	1	1	467	f	55.00
\.


--
-- Data for Name: invoices_invoiceelement; Type: TABLE DATA; Schema: public; Owner: postgres
--

COPY public.invoices_invoiceelement (id, element_id, invoice_id) FROM stdin;
105	311	50
106	312	50
107	313	51
108	304	52
109	305	52
110	306	52
111	307	53
112	308	53
113	309	53
114	320	54
115	317	55
116	322	56
117	323	56
118	327	57
121	318	58
122	319	58
123	321	59
124	329	60
125	324	61
126	325	61
127	326	61
128	333	62
129	330	63
130	331	63
131	332	63
35	247	21
36	248	21
37	255	22
38	256	22
39	257	22
40	261	23
41	251	24
42	252	24
43	253	24
44	254	25
45	264	26
47	265	27
48	268	28
49	269	28
50	270	28
51	249	29
53	267	30
54	263	31
59	277	33
65	274	34
66	275	34
67	276	34
71	271	36
72	272	36
73	273	36
74	282	37
75	278	38
76	279	38
77	280	38
78	281	38
79	285	39
80	286	39
81	287	39
82	288	39
86	291	40
87	292	40
88	293	41
89	294	41
92	295	42
93	296	43
95	298	44
96	299	45
97	300	46
98	301	47
99	302	48
104	310	49
132	339	64
133	340	64
134	341	64
135	342	64
136	343	64
137	344	64
138	347	65
139	328	66
140	345	67
141	346	67
142	348	68
143	350	69
144	79	70
145	80	70
146	223	71
148	351	71
149	352	71
150	353	71
152	354	72
153	355	72
154	356	72
155	357	73
156	358	74
157	359	75
158	360	75
159	361	75
160	368	76
161	369	76
162	370	76
164	362	77
166	363	78
167	373	79
168	374	79
169	375	79
170	376	80
171	377	80
172	367	81
173	378	81
174	379	81
175	380	82
176	381	82
177	385	83
178	386	83
179	387	83
180	388	83
181	389	84
182	382	85
183	383	85
184	384	85
185	392	86
186	393	87
187	394	87
188	395	87
189	396	87
190	397	88
191	398	88
192	399	88
193	390	89
194	391	89
195	400	90
196	401	90
197	402	90
198	403	90
199	408	91
200	404	92
201	405	92
202	406	92
204	416	93
205	409	94
206	410	94
207	411	94
208	412	94
209	417	95
210	418	95
211	419	95
212	423	96
213	424	96
214	425	96
218	420	98
219	421	98
220	422	98
221	413	99
222	414	99
223	415	99
224	428	100
226	429	101
227	433	102
228	426	103
229	427	103
231	437	104
232	430	105
233	431	105
234	434	106
235	435	106
236	436	106
237	442	107
238	441	108
239	443	109
240	444	109
241	445	109
242	450	110
246	456	111
247	455	112
248	452	113
249	453	113
250	454	113
251	458	114
252	459	115
253	457	116
254	460	117
255	461	118
256	462	118
257	463	118
258	464	119
264	465	120
265	466	121
266	468	122
267	469	123
268	476	124
269	470	125
270	471	125
271	472	125
272	473	126
273	474	127
274	475	128
275	477	129
276	478	129
277	479	129
281	490	131
282	491	131
283	492	131
284	498	132
285	499	132
286	489	133
287	496	134
288	497	134
289	500	135
290	501	135
291	502	135
292	438	136
293	439	136
294	440	136
295	504	137
296	505	137
297	506	137
298	507	138
299	508	139
300	509	139
301	510	139
302	515	140
303	516	140
304	517	140
305	518	140
306	519	140
307	520	141
308	521	141
309	511	142
310	512	142
311	513	142
312	514	143
313	523	144
314	524	145
315	525	145
316	526	145
317	493	146
318	494	146
319	495	146
320	522	147
321	533	148
322	530	149
323	531	149
324	532	149
325	527	150
326	528	150
327	543	151
328	534	152
329	535	152
330	536	152
331	537	153
332	538	153
333	539	153
334	540	154
335	541	154
336	542	154
337	551	155
339	486	130
340	487	130
341	488	130
342	555	156
344	556	157
345	547	158
346	557	159
347	558	160
348	559	161
349	560	162
350	561	162
351	554	163
352	563	164
353	562	165
354	564	166
355	572	167
356	573	168
357	569	169
358	570	169
359	571	169
360	574	170
361	575	170
362	577	171
363	578	171
364	576	172
365	579	173
366	580	173
367	586	174
368	585	175
369	582	176
370	583	176
371	584	176
372	548	177
373	549	177
374	550	177
375	592	178
376	596	179
377	593	180
378	594	180
379	595	180
380	599	181
381	597	182
382	598	182
383	603	183
384	600	184
385	601	184
386	602	184
387	587	185
388	588	185
389	589	185
390	590	185
391	591	185
392	604	186
393	605	187
394	606	187
395	607	187
396	608	188
397	609	188
398	610	188
399	611	189
400	612	189
402	614	191
403	615	191
404	616	191
405	621	192
406	625	193
407	626	193
408	627	193
409	618	194
410	619	194
411	620	194
412	635	195
413	636	195
414	632	196
415	633	196
416	634	196
417	613	197
418	638	190
419	639	198
420	641	199
421	642	199
422	643	199
424	647	201
425	648	201
426	649	201
427	654	202
428	651	203
429	652	203
430	653	203
432	622	205
433	623	205
434	624	205
423	614	200
435	615	200
436	657	206
437	644	207
438	667	208
439	645	209
440	672	210
441	673	210
442	674	210
443	669	211
444	670	211
445	671	211
447	655	213
449	675	215
450	676	215
451	677	215
452	679	216
453	680	217
454	681	218
455	682	218
456	683	218
457	685	219
458	686	219
459	687	219
460	684	220
461	690	221
462	699	222
463	700	223
464	701	223
465	702	223
466	698	224
467	695	225
468	696	225
469	697	225
470	706	226
471	707	226
472	668	227
473	711	228
474	712	228
475	713	228
476	715	229
477	716	229
478	717	229
479	708	230
480	709	230
481	710	230
482	719	231
483	714	232
484	720	233
485	718	234
486	250	235
487	724	236
488	725	236
489	726	236
490	721	237
491	722	237
492	723	237
493	703	238
494	704	238
495	705	238
496	727	239
497	728	239
498	729	239
499	736	240
500	737	240
501	738	240
502	730	241
503	731	241
504	732	241
505	689	242
506	733	243
507	734	243
508	735	243
509	751	244
510	745	245
511	746	245
512	747	245
513	752	246
514	739	247
515	740	247
516	741	247
517	754	248
518	755	248
519	756	248
521	694	249
523	753	250
524	763	250
528	765	251
529	764	252
530	767	253
531	768	254
532	769	255
534	761	256
535	766	257
536	762	258
537	770	259
538	771	259
539	773	260
540	776	261
541	777	261
542	778	261
543	772	262
544	780	263
545	781	264
546	782	265
547	774	266
548	790	267
549	791	267
\.


--
-- Data for Name: invoices_proforma; Type: TABLE DATA; Schema: public; Owner: postgres
--

COPY public.invoices_proforma (id, created_at, modified_at, is_client, serial, number, deadline, value, description, created_by_id, currency_id, invoice_id, modified_by_id, person_id) FROM stdin;
1	2024-09-05 18:53:22.259685+02	2024-09-05 18:56:11.733334+02	t	PRO	1	2024-09-10	100.00	Vollmacht -Vormund	1	1	36	1	193
2	2024-09-09 19:36:03.815566+02	2024-09-09 19:36:16.908951+02	t	PRO	2	2024-09-21	185.00		1	1	37	1	196
3	2024-09-16 18:23:51.096013+02	2024-09-16 18:23:51.096062+02	t	PRO	3	2024-09-16	85.00		1	1	52	1	208
4	2024-09-18 17:23:51.924397+02	2024-09-18 17:23:51.924453+02	t	PRO	4	2024-09-18	95.00		1	1	55	1	215
5	2024-09-18 17:55:05.250657+02	2024-09-18 17:55:05.250711+02	t	PRO	5	2024-09-18	70.00		1	1	56	1	218
61	2024-12-13 15:18:19.575317+01	2024-12-13 15:18:19.575358+01	t	PRO	61	2024-12-18	100.00		1	1	177	1	334
7	2024-09-23 08:38:29.722024+02	2024-09-23 08:38:29.722079+02	t	PRO	7	2024-09-28	50.00		1	1	67	1	225
8	2024-09-23 16:00:47.698146+02	2024-09-23 16:00:47.698199+02	t	PRO	8	2024-09-28	85.00		1	1	68	1	226
9	2024-09-25 11:56:42.471389+02	2024-09-25 11:56:42.471436+02	t	PRO	9	2024-09-30	50.00		1	1	69	1	229
10	2024-09-30 13:10:39.249117+02	2024-09-30 13:10:39.249201+02	t	PRO	10	2024-10-05	100.00		1	1	76	1	245
26	2024-10-24 11:46:21.003357+02	2024-10-24 11:46:21.003401+02	t	PRO	26	2024-10-29	55.00		1	1	108	1	288
12	2024-10-08 07:54:02.959684+02	2024-10-08 07:54:02.959731+02	t	PRO	12	2024-10-13	100.00		1	1	85	1	254
14	2024-10-11 11:46:22.335029+02	2024-10-11 11:46:22.335084+02	t	PRO	14	2024-10-16	95.00		1	1	88	1	263
13	2024-10-11 11:34:31.287384+02	2024-10-11 11:34:31.287432+02	t	PRO	13	2024-10-16	75.00		1	1	89	1	257
46	2024-11-19 15:26:38.868949+01	2024-11-19 15:26:38.868997+01	t	PRO	46	2024-11-24	70.00		1	1	132	1	318
16	2024-10-14 16:03:20.879942+02	2024-10-14 16:03:20.880002+02	t	PRO	16	2024-10-19	50.00		1	1	91	1	267
15	2024-10-14 12:42:25.177456+02	2024-10-14 12:42:25.177508+02	t	PRO	15	2024-10-19	95.00		1	1	92	1	265
11	2024-10-02 10:32:58+02	2024-10-02 10:32:58+02	t	PRO	11	2024-10-07	60.00	\N	1	1	82	1	251
6	2024-09-19 15:59:33+02	2024-09-19 16:01:30+02	t	PRO	6	2024-09-30	100.00	\N	1	1	63	1	222
28	2024-10-27 18:37:12.37624+01	2025-01-14 10:26:13.846418+01	t	PRO	28	2025-01-31	565.00		1	1	\N	1	292
27	2024-10-25 10:20:06.464769+02	2024-10-25 10:20:06.464815+02	t	PRO	27	2024-10-30	100.00		1	1	109	1	291
17	2024-10-15 09:55:26.007592+02	2024-10-15 09:55:26.007644+02	t	PRO	17	2024-10-20	170.00		1	1	94	1	268
43	2024-11-19 10:21:14.499831+01	2024-11-19 10:33:55.286632+01	t	PRO	43	2024-11-24	152.00		1	1	133	1	301
19	2024-10-17 10:24:42.500463+02	2024-10-17 10:24:42.50051+02	t	PRO	19	2024-10-22	85.00		1	1	98	1	274
38	2024-11-11 19:07:56.436305+01	2024-11-11 19:07:56.436352+01	t	PRO	38	2024-11-16	100.00		1	1	125	1	307
18	2024-10-15 11:51:34.270674+02	2024-10-15 11:51:34.270717+02	t	PRO	18	2024-10-20	80.00		1	1	99	1	269
29	2024-10-27 18:49:10.643664+01	2024-10-28 16:09:39.504443+01	t	PRO	29	2024-11-01	150.00		1	1	110	1	293
21	2024-10-21 14:32:47.526439+02	2024-10-21 14:32:47.526486+02	t	PRO	21	2024-10-26	30.00		1	1	100	1	280
23	2024-10-22 16:35:07.431838+02	2024-10-22 16:35:07.431891+02	t	PRO	23	2024-10-27	30.00		1	1	102	1	280
20	2024-10-18 10:29:06.772323+02	2024-10-18 10:29:06.772376+02	t	PRO	20	2024-10-23	80.00		1	1	103	1	277
31	2024-10-29 14:58:21.377535+01	2024-10-29 14:58:21.377587+01	t	PRO	31	2024-11-03	135.00		1	1	112	1	296
22	2024-10-22 13:51:32.45578+02	2024-10-22 14:09:43.784187+02	t	PRO	22	2024-10-27	80.00		1	1	105	1	283
24	2024-10-23 09:38:34.833365+02	2024-10-23 09:38:34.83341+02	t	PRO	24	2024-10-28	100.00		1	1	106	1	286
54	2024-11-28 12:03:45.254862+01	2024-11-28 12:03:45.254915+01	t	PRO	54	2024-12-03	60.00		1	1	144	1	332
30	2024-10-28 17:19:27.36678+01	2024-10-28 17:19:27.366834+01	t	PRO	30	2024-11-02	260.00		1	1	113	1	295
33	2024-10-31 14:28:26.209578+01	2024-10-31 14:28:26.209666+01	t	PRO	33	2024-11-05	120.00		1	1	115	1	299
32	2024-10-31 09:21:53.241813+01	2024-10-31 09:21:53.241869+01	t	PRO	32	2024-11-05	120.00		1	1	116	1	297
55	2024-11-28 16:08:57.596871+01	2024-11-28 16:08:57.596919+01	t	PRO	55	2024-12-03	100.00		1	1	145	1	334
34	2024-11-05 09:27:48.02351+01	2024-11-05 09:27:48.023556+01	t	PRO	34	2024-11-10	80.00		1	1	118	1	300
35	2024-11-05 16:34:45.388506+01	2024-11-05 16:34:45.388559+01	t	PRO	35	2024-11-10	98.00		1	1	119	1	301
42	2024-11-13 10:21:57.270835+01	2024-11-13 10:22:19.646343+01	t	PRO	42	2024-11-18	270.00		1	1	\N	1	67
39	2024-11-12 11:44:09.726009+01	2024-11-12 11:44:09.726055+01	t	PRO	39	2024-11-17	30.00		1	1	127	1	277
36	2024-11-07 15:28:01.189894+01	2024-11-07 15:28:01.189941+01	t	PRO	36	2024-11-12	95.00		1	1	121	1	302
37	2024-11-07 15:35:18.865671+01	2024-11-07 15:35:18.86572+01	t	PRO	37	2024-11-12	50.00		1	1	122	1	303
40	2024-11-12 18:55:47.614681+01	2024-11-12 18:55:47.614731+01	t	PRO	40	2024-11-17	95.00		1	1	128	1	310
41	2024-11-13 09:40:16.476658+01	2024-11-13 09:40:16.476705+01	t	PRO	41	2024-11-18	100.00		1	1	129	1	312
47	2024-11-21 10:20:20.860577+01	2024-11-21 13:24:14.433329+01	t	PRO	47	2024-11-26	170.00		1	1	135	1	322
59	2024-12-10 14:21:35.850886+01	2024-12-10 14:21:35.850943+01	t	PRO	59	2024-12-15	140.00		1	1	154	1	346
56	2024-12-02 13:04:12.952948+01	2024-12-02 13:04:12.953004+01	t	PRO	56	2024-12-07	925.00		1	1	150	1	337
44	2024-11-19 11:18:26.569076+01	2024-11-19 11:18:26.569118+01	t	PRO	44	2024-11-24	100.00		1	1	131	1	318
48	2024-11-25 10:39:55.342353+01	2024-11-25 10:39:55.342415+01	t	PRO	48	2024-11-30	50.00		1	1	\N	1	324
25	2024-10-24 10:52:23.30234+02	2024-10-24 10:52:23.302389+02	t	PRO	25	2024-10-29	100.00		1	1	136	1	287
49	2024-11-26 08:33:18.387268+01	2024-11-26 08:33:18.38732+01	t	PRO	49	2024-12-01	100.00		1	1	137	1	318
50	2024-11-26 10:24:22.695081+01	2024-11-26 10:24:22.695137+01	t	PRO	50	2024-12-01	135.00		1	1	138	1	326
51	2024-11-27 11:24:26.80795+01	2024-11-27 11:24:26.807998+01	t	PRO	51	2024-12-02	100.00		1	1	142	1	329
52	2024-11-27 16:19:21.880898+01	2024-11-27 16:19:21.88095+01	t	PRO	52	2024-12-02	55.00		1	1	143	1	330
45	2024-11-19 12:26:24.374552+01	2024-11-19 12:26:24.374599+01	t	PRO	45	2024-11-24	100.00		1	1	146	1	319
53	2024-11-28 10:15:56.579772+01	2024-11-28 10:15:56.579827+01	t	PRO	53	2024-12-03	835.00		1	1	147	1	195
57	2024-12-07 14:27:49.233156+01	2024-12-07 14:27:49.233235+01	t	PRO	57	2024-12-12	100.00		1	1	152	1	344
58	2024-12-09 09:37:54.669588+01	2024-12-09 09:37:54.669641+01	t	PRO	58	2024-12-14	100.00		1	1	153	1	345
63	2024-12-17 12:23:43.912982+01	2024-12-17 12:24:21.687417+01	t	PRO	63	2024-12-22	30.00		1	1	163	1	317
62	2024-12-16 19:21:04.228098+01	2024-12-16 19:21:04.228143+01	t	PRO	62	2024-12-21	100.00		1	1	\N	1	353
60	2024-12-13 09:59:52.133938+01	2024-12-13 09:59:52.133991+01	t	PRO	60	2024-12-18	60.00		1	1	158	1	326
64	2024-12-27 15:00:43.88567+01	2024-12-27 15:00:43.885713+01	t	PRO	64	2025-01-01	100.00		1	1	165	1	357
65	2025-01-08 14:04:20.69007+01	2025-01-08 14:04:20.690123+01	t	PRO	65	2025-01-13	170.00		1	1	\N	1	361
66	2025-01-09 12:14:17.287876+01	2025-01-09 12:14:17.287917+01	t	PRO	66	2025-01-14	100.00		2	1	169	2	318
67	2025-01-13 10:55:52.773232+01	2025-01-13 10:56:11.252437+01	t	PRO	67	2025-01-14	100.00		2	1	172	2	363
72	2025-01-16 14:16:34.981733+01	2025-01-16 14:16:34.981782+01	t	PRO	72	2025-01-21	100.00		1	1	180	1	368
70	2025-01-14 09:55:00.051026+01	2025-01-14 09:55:00.051071+01	t	PRO	70	2025-01-19	185.00		1	1	174	1	318
69	2025-01-14 09:47:11.715099+01	2025-01-14 09:47:11.715153+01	t	PRO	69	2025-01-19	160.00		1	1	175	1	367
68	2025-01-13 15:25:44.510929+01	2025-01-13 15:25:44.510973+01	t	PRO	68	2025-01-18	100.00		1	1	176	1	366
91	2025-02-06 16:10:47.710992+01	2025-02-06 16:10:47.711041+01	t	PRO	90	2025-02-13	100.00		1	1	203	1	408
74	2025-01-20 12:48:36.133032+01	2025-01-20 12:48:36.133073+01	t	PRO	74	2025-01-25	100.00		1	1	184	1	373
73	2025-01-18 16:06:17+01	2025-01-18 16:06:17+01	t	PRO	73	2025-01-23	100.00	\N	1	1	182	1	370
71	2025-01-15 13:06:17.11156+01	2025-01-15 13:06:17.111603+01	t	PRO	71	2025-01-20	580.00		1	1	185	1	205
75	2025-01-22 11:52:53.442546+01	2025-01-22 11:52:53.442586+01	t	PRO	75	2025-01-27	70.00		1	1	186	1	377
122	2025-03-17 07:18:00.692384+01	2025-03-17 07:18:00.692439+01	t	PRO	121	2025-03-22	45.00		1	1	252	1	485
76	2025-01-23 14:55:26.238082+01	2025-01-23 14:55:26.238125+01	t	PRO	76	2025-01-28	100.00		1	1	187	1	382
82	2025-01-29 16:25:41.095848+01	2025-01-29 16:25:41.095887+01	t	PRO	82	2025-02-03	200.00		1	1	205	1	392
93	2025-02-07 11:17:10.177693+01	2025-02-07 11:17:10.177733+01	t	PRO	92	2025-02-12	50.00		1	1	206	1	412
89	2025-02-05 17:02:36.35166+01	2025-02-05 17:02:36.351704+01	t	PRO	88	2025-02-10	100.00		2	1	207	2	405
79	2025-01-27 10:18:13.083911+01	2025-01-27 10:18:13.083961+01	t	PRO	79	2025-02-01	100.00		2	1	190	2	363
78	2025-01-25 08:53:39.154378+01	2025-01-25 08:53:39.154426+01	t	PRO	78	2025-01-30	100.00		1	1	191	1	387
94	2025-02-12 08:29:19.067706+01	2025-02-12 08:29:19.067746+01	t	PRO	93	2025-02-17	100.00		1	1	\N	1	417
81	2025-01-28 15:34:59.420729+01	2025-01-28 15:34:59.42077+01	t	PRO	81	2025-02-02	80.00		1	1	192	1	390
83	2025-01-30 09:38:47.103333+01	2025-01-30 09:38:47.103387+01	t	PRO	83	2025-02-04	190.00		1	1	\N	1	394
111	2025-03-05 14:40:21.614722+01	2025-03-05 14:40:21.614764+01	t	PRO	110	2025-03-10	100.00		1	1	241	1	461
95	2025-02-12 08:36:24.759568+01	2025-02-12 09:03:09.382638+01	t	PRO	94	2025-02-17	270.00		1	1	\N	1	418
90	2025-02-05 17:18:07.653553+01	2025-02-05 17:18:25.869364+01	t	PRO	89	2025-02-10	50.00		1	1	209	1	161
80	2025-01-27 11:56:27.487019+01	2025-01-27 11:56:27.48706+01	t	PRO	80	2025-02-01	100.00		2	1	194	2	388
86	2025-01-30 15:17:05.308602+01	2025-01-30 15:17:20.258366+01	t	PRO	85	2025-02-04	150.00		1	1	195	1	91
85	2025-01-30 15:06:51.671626+01	2025-01-30 15:06:51.67168+01	t	PRO	84	2025-02-04	100.00		1	1	196	1	396
77	2025-01-24 12:24:22.38041+01	2025-01-24 12:24:22.380462+01	t	PRO	77	2025-01-29	300.00		1	1	197	1	385
112	2025-03-06 17:20:12.18205+01	2025-03-06 17:20:12.182101+01	t	PRO	111	2025-03-11	100.00		1	1	243	1	465
97	2025-02-13 09:56:18.725549+01	2025-02-13 09:56:18.725613+01	t	PRO	96	2025-02-18	100.00		1	1	210	1	422
88	2025-02-03 17:26:11.165171+01	2025-02-03 17:26:11.165221+01	t	PRO	87	2025-02-03	120.00		2	1	199	2	402
87	2025-02-03 16:51:48.621208+01	2025-02-04 20:05:12.900595+01	t	PRO	86	2025-02-04	90.00		2	1	\N	1	401
96	2025-02-12 16:59:45.967987+01	2025-02-12 16:59:45.96804+01	t	PRO	95	2025-02-17	100.00		1	1	211	1	421
105	2025-02-27 10:23:50.638348+01	2025-02-27 10:23:58.085356+01	t	PRO	104	2025-03-04	245.00		1	1	226	1	68
92	2025-02-06 16:48:26+01	2025-02-06 16:48:26+01	t	PRO	91	2025-02-11	50.00	\N	1	1	213	1	410
98	2025-02-13 13:53:55.073725+01	2025-02-13 13:53:55.073767+01	t	PRO	97	2025-02-18	100.00		1	1	215	1	423
114	2025-03-08 09:08:00.208481+01	2025-03-08 09:08:00.208528+01	t	PRO	113	2025-03-13	150.00		1	1	\N	1	473
106	2025-02-27 19:28:12.184338+01	2025-02-27 19:28:12.184397+01	t	PRO	105	2025-03-04	100.00		1	1	230	1	446
99	2025-02-18 14:31:55.903521+01	2025-02-18 14:31:55.903564+01	t	PRO	98	2025-02-23	98.00		1	1	217	1	429
100	2025-02-19 09:11:30.686179+01	2025-02-19 09:11:30.686249+01	t	PRO	99	2025-02-24	100.00		1	1	218	1	430
101	2025-02-20 10:45:20.326886+01	2025-02-20 10:45:20.326926+01	t	PRO	100	2025-02-25	220.00		1	1	220	1	431
102	2025-02-21 11:40:36.150312+01	2025-02-21 11:40:36.150363+01	t	PRO	101	2025-02-26	100.00		1	1	\N	1	439
103	2025-02-25 17:06:25.747117+01	2025-02-25 17:06:25.747162+01	t	PRO	102	2025-03-02	100.00		1	1	225	1	441
108	2025-03-03 10:17:29.032573+01	2025-03-03 10:17:29.032621+01	t	PRO	107	2025-03-08	65.00		1	1	233	1	453
107	2025-03-01 13:17:48.621089+01	2025-03-01 13:17:48.621139+01	t	PRO	106	2025-03-06	30.00		1	1	234	1	451
109	2025-03-03 11:38:36.049327+01	2025-03-03 11:38:36.049379+01	t	PRO	108	2025-03-08	100.00		1	1	237	1	454
125	2025-03-18 13:07:33.100587+01	2025-03-18 13:07:33.100632+01	t	PRO	124	2025-03-23	40.00		1	1	260	1	493
104	2025-02-26 19:17:48.800724+01	2025-02-26 19:17:48.800771+01	t	PRO	103	2025-03-03	100.00		2	1	238	2	444
110	2025-03-04 15:38:23.176058+01	2025-03-04 15:38:23.176104+01	t	PRO	109	2025-03-09	100.00		1	1	239	1	458
117	2025-03-10 13:19:48.355776+01	2025-03-10 13:19:48.355819+01	t	PRO	116	2025-03-15	45.00		1	1	244	1	475
115	2025-03-10 10:30:40.796885+01	2025-03-10 10:46:49.774529+01	t	PRO	114	2025-03-15	100.00		1	1	245	1	456
116	2025-03-10 11:43:17.102262+01	2025-03-10 11:43:17.102305+01	t	PRO	115	2025-03-15	100.00		1	1	\N	1	474
118	2025-03-10 16:17:50.636623+01	2025-03-10 16:17:50.636672+01	t	PRO	117	2025-03-15	45.00		1	1	246	1	476
113	2025-03-07 12:36:22.370771+01	2025-03-07 12:36:22.370817+01	t	PRO	112	2025-03-12	100.00		1	1	247	1	471
119	2025-03-10 17:28:22.881808+01	2025-03-10 17:28:22.881857+01	t	PRO	118	2025-03-15	270.00		1	1	248	1	478
123	2025-03-17 15:43:01.150992+01	2025-03-17 15:43:01.151034+01	t	PRO	122	2025-03-22	195.00		1	1	259	1	490
120	2025-03-14 12:42:02.685956+01	2025-03-14 12:42:15.520927+01	t	PRO	119	2025-03-19	170.00		1	1	250	1	105
124	2025-03-17 19:17:36.270282+01	2025-03-17 19:17:36.270328+01	t	PRO	123	2025-03-22	100.00		1	1	257	1	486
121	2025-03-14 13:19:59.651104+01	2025-03-14 13:19:59.651148+01	t	PRO	120	2025-03-19	100.00		1	1	258	1	483
127	2025-03-22 11:27:56.628122+01	2025-03-22 11:27:56.628172+01	t	PRO	126	2025-03-27	65.00		1	1	265	1	505
126	2025-03-18 18:03:33.122557+01	2025-03-18 18:03:33.122606+01	t	PRO	125	2025-03-23	100.00		1	1	261	1	495
\.


--
-- Data for Name: invoices_proformaelement; Type: TABLE DATA; Schema: public; Owner: postgres
--

COPY public.invoices_proformaelement (id, element_id, proforma_id) FROM stdin;
1	271	1
2	272	1
3	273	1
4	282	2
5	304	3
6	305	3
7	306	3
8	317	4
9	322	5
10	323	5
11	330	6
12	331	6
13	332	6
14	345	7
15	346	7
16	348	8
17	350	9
18	368	10
19	369	10
20	370	10
21	380	11
22	381	11
23	382	12
24	383	12
25	384	12
26	390	13
27	391	13
28	397	14
29	398	14
30	399	14
31	404	15
32	405	15
33	406	15
34	408	16
35	409	17
36	410	17
37	411	17
38	412	17
39	413	18
40	414	18
41	415	18
42	420	19
43	421	19
44	422	19
45	426	20
46	427	20
47	428	21
48	430	22
51	431	22
52	433	23
53	434	24
54	435	24
55	436	24
56	438	25
57	439	25
58	440	25
59	441	26
60	443	27
61	444	27
62	445	27
67	450	29
70	452	30
71	453	30
72	454	30
73	455	31
74	457	32
75	459	33
76	461	34
77	462	34
78	463	34
79	464	35
80	466	36
81	468	37
82	470	38
83	471	38
84	472	38
85	474	39
86	475	40
87	477	41
88	478	41
89	479	41
93	480	42
94	482	42
95	483	42
96	484	42
97	489	43
98	490	44
99	491	44
100	492	44
101	493	45
102	494	45
103	495	45
104	498	46
105	499	46
106	500	47
107	501	47
109	502	47
110	503	48
111	504	49
112	505	49
113	506	49
114	507	50
115	511	51
116	512	51
117	513	51
118	514	52
119	522	53
120	523	54
121	524	55
122	525	55
123	526	55
124	527	56
125	528	56
126	534	57
127	535	57
128	536	57
129	537	58
130	538	58
131	539	58
132	540	59
133	541	59
134	542	59
135	547	60
136	548	61
137	549	61
138	550	61
139	552	62
140	553	62
144	554	63
145	562	64
146	565	65
147	566	65
148	567	65
149	568	65
150	569	66
151	570	66
152	571	66
153	576	67
154	582	68
155	583	68
156	584	68
157	585	69
158	586	70
159	581	28
160	587	71
161	588	71
162	589	71
163	590	71
164	591	71
165	593	72
166	594	72
167	595	72
169	598	73
170	600	74
171	601	74
172	602	74
168	597	73
173	604	75
174	605	76
175	606	76
176	607	76
177	613	77
178	614	78
179	615	78
180	616	78
182	618	80
183	619	80
184	620	80
185	621	81
186	622	82
187	623	82
188	624	82
189	628	83
193	632	85
194	633	85
195	634	85
199	635	86
200	636	86
201	638	79
202	640	87
203	641	88
204	642	88
205	643	88
206	644	89
208	645	90
209	651	91
210	652	91
211	653	91
212	655	92
213	657	93
214	661	94
215	662	94
216	663	94
217	664	95
218	665	95
220	666	95
221	669	96
222	670	96
223	671	96
224	672	97
225	673	97
226	674	97
227	675	98
228	676	98
229	677	98
230	680	99
231	681	100
232	682	100
233	683	100
234	684	101
235	691	102
236	692	102
237	693	102
238	695	103
239	696	103
240	697	103
241	703	104
242	704	104
243	705	104
247	706	105
248	707	105
249	708	106
250	709	106
251	710	106
252	718	107
253	720	108
254	721	109
255	722	109
256	723	109
257	727	110
258	728	110
259	729	110
260	730	111
261	731	111
262	732	111
263	733	112
264	734	112
265	735	112
266	739	113
267	740	113
268	741	113
269	742	114
270	743	114
271	744	114
275	745	115
276	746	115
277	747	115
278	748	116
279	749	116
280	750	116
281	751	117
282	752	118
283	754	119
284	755	119
285	756	119
290	753	120
291	763	120
292	762	121
293	764	122
294	770	123
295	771	123
296	766	124
297	773	125
298	776	126
299	777	126
300	778	126
301	782	127
\.


--
-- Data for Name: orders_offer; Type: TABLE DATA; Schema: public; Owner: postgres
--

COPY public.orders_offer (id, created_at, modified_at, deadline, serial, number, value, description, created_by_id, currency_id, modified_by_id, order_id, person_id, status_id, is_client) FROM stdin;
2	2024-09-10 10:39:55.065075+02	2024-09-10 10:43:24.435097+02	2024-10-10 10:39:00+02	A	2	380.00		1	1	1	\N	198	1	t
13	2024-11-12 12:55:45.266131+01	2024-11-12 13:07:36.675475+01	2024-12-31 12:55:00+01	A	13	1224.00		1	1	1	\N	309	1	t
4	2024-09-25 08:03:32.686593+02	2024-09-25 08:08:17.010843+02	2024-10-31 08:03:00+01	A	4	490.00		1	1	1	\N	228	1	t
9	2024-10-17 08:20:02.338626+02	2024-11-25 15:59:27.072786+01	2024-12-31 08:19:00+01	A	9	180.00		1	1	1	\N	273	1	t
5	2024-09-27 15:52:15.220402+02	2024-09-27 15:52:51.453371+02	2024-10-30 15:51:00+01	A	5	280.00		1	1	1	\N	242	1	t
6	2024-09-30 10:34:50.906117+02	2024-09-30 10:44:26.307852+02	2024-10-31 10:33:00+01	A	6	270.00		1	1	1	\N	244	1	t
1	2024-09-09 13:21:28.316358+02	2024-10-04 11:49:37.870783+02	2024-10-31 13:21:00+01	A	1	835.00		1	1	1	276	195	2	t
31	2025-03-05 14:46:42.076525+01	2025-03-05 14:48:29.440345+01	2025-04-06 14:46:00+02	A	31	220.00		1	1	1	\N	462	1	t
35	2025-03-11 10:45:16.046162+01	2025-03-11 10:47:43.973296+01	2025-04-30 10:45:00+02	A	35	525.00		1	1	1	\N	480	1	t
7	2024-10-02 18:50:30.352989+02	2024-10-02 19:00:16.753617+02	2024-10-31 18:50:00+01	A	7	630.00		1	1	1	\N	252	1	t
17	2024-11-29 11:12:07.138031+01	2024-11-29 11:15:08.416196+01	2024-12-31 11:12:00+01	A	17	680.00		1	1	1	\N	336	1	t
25	2025-01-28 11:51:12.625016+01	2025-01-28 11:55:02.702754+01	2025-03-30 11:51:00+02	A	25	350.00	Studiendokumente	1	1	1	\N	389	1	t
8	2024-10-02 19:19:13.826018+02	2024-10-02 19:24:55.623246+02	2024-10-31 19:19:00+01	A	8	175.00		1	1	1	\N	253	1	t
11	2024-10-22 13:18:40+02	2024-12-02 10:59:27.192124+01	2025-01-31 13:18:00+01	A	11	795.00	\N	1	1	1	274	282	2	t
19	2024-12-04 15:29:08.278314+01	2024-12-04 15:30:33.131653+01	2025-01-31 15:29:00+01	A	19	330.00		1	1	1	\N	343	1	t
10	2024-10-18 13:32:45.661724+02	2024-10-18 13:36:50.846207+02	2024-11-18 13:32:00+01	A	10	290.00		1	1	1	\N	279	1	t
12	2024-11-08 18:10:21.494755+01	2024-11-11 10:58:54.472076+01	2024-12-15 18:10:00+01	A	12	190.00		1	1	1	\N	306	1	t
26	2025-01-29 11:16:00.567459+01	2025-01-29 11:20:47.523957+01	2025-03-31 11:14:00+02	A	26	285.00	Studien- Personaldokumente	2	1	2	\N	391	1	t
20	2024-12-13 13:09:05.094775+01	2024-12-13 13:12:28.302046+01	2025-02-28 13:08:00+01	A	20	104.00		1	1	1	\N	351	1	t
16	2024-11-29 09:27:15.395846+01	2024-11-29 09:29:45.573552+01	2024-12-31 09:27:00+01	A	16	460.00		1	1	1	294	333	2	t
21	2025-01-02 11:33:32.531324+01	2025-01-02 11:34:21.190094+01	2025-01-02 11:31:00+01	A	21	160.00		1	1	1	\N	358	1	t
36	2025-03-14 07:35:52.289516+01	2025-03-15 11:33:34.034936+01	2025-04-30 07:35:00+02	A	36	450.00		1	1	1	\N	482	1	t
22	2025-01-03 21:12:57.84716+01	2025-03-08 08:09:50.831685+01	2025-03-31 21:12:00+02	A	22	351.00		1	1	1	401	360	2	t
27	2025-02-01 11:59:43.598887+01	2025-02-01 12:00:48.841299+01	2025-03-31 11:59:00+02	A	27	130.00		1	1	1	336	399	2	t
18	2024-12-04 15:05:52.275445+01	2024-12-04 15:09:54.322006+01	2025-01-31 15:05:00+01	A	18	465.00		1	1	1	300	342	2	t
23	2025-01-14 12:44:00.656764+01	2025-01-14 12:50:17.045439+01	2025-02-28 12:43:00+01	A	23	90.00		1	1	1	\N	351	1	t
3	2024-09-14 08:45:29.663676+02	2024-10-31 10:06:02.99069+01	2024-10-14 08:43:00+02	A	3	580.00		1	1	1	312	205	2	t
14	2024-11-13 15:19:09.956164+01	2024-11-13 15:19:59.778418+01	2024-12-31 15:18:00+01	A	14	150.00		1	1	1	313	313	2	t
28	2025-02-04 11:53:26.068023+01	2025-02-04 11:54:03.933008+01	2025-03-31 11:53:00+02	A	28	55.00		1	1	1	\N	403	1	t
24	2025-01-22 12:01:50.820908+01	2025-01-22 12:06:24.563226+01	2025-02-28 12:01:00+01	A	24	270.00	documente studii	2	1	2	\N	378	1	t
15	2024-11-29 09:22:59.309502+01	2025-03-17 16:33:10.900483+01	2025-04-30 09:22:00+02	A	15	698.00		1	1	1	\N	335	1	t
32	2025-03-05 14:51:41.984621+01	2025-03-05 15:01:41.503923+01	2025-04-05 14:51:00+02	A	32	305.00		1	1	1	\N	463	1	t
29	2025-02-12 14:03:33.189888+01	2025-02-12 17:50:02.470713+01	2025-03-31 14:02:00+02	A	29	435.00		1	1	1	\N	420	1	t
30	2025-03-03 21:06:52.730501+01	2025-03-03 21:09:08.980732+01	2025-04-01 21:06:00+02	A	30	160.00	Diplom Spezialist mit Anhang	1	1	1	\N	457	1	t
33	2025-03-06 12:18:08.640227+01	2025-03-06 12:21:33.161864+01	2025-04-30 12:17:00+02	A	33	285.00		1	1	1	\N	464	1	t
37	2025-03-18 12:41:21.993673+01	2025-03-18 15:12:25.429033+01	2025-05-31 12:35:00+02	A	37	620.00		1	1	1	\N	492	1	t
34	2025-03-07 11:33:59.403932+01	2025-03-10 16:39:21.379058+01	2025-04-30 11:33:00+02	A	34	455.00		2	1	2	\N	470	1	t
\.


--
-- Data for Name: orders_offerelement; Type: TABLE DATA; Schema: public; Owner: postgres
--

COPY public.orders_offerelement (id, description, quantity, price, offer_id, service_id, um_id) FROM stdin;
6	Ukrainisch - Deutsch (3 Zeugnisse, jeweils mit Noten-Übersicht)	1	380.00	2	1	1
37	Rumänisch-Deutsch (Abiturzeugnis mit Anhang, Bachelorurkunde, Bachelorzeugnis)	1	465.00	18	1	1
8	Ukrainisch - Deutsch (Diplom Urkunde + Anhang / Zeugnis Schulabschluss Standard)	1	490.00	4	1	1
9	Ukrainisch - Deutsch (Magister-Diplom mit Anhang; Geburtsurkunde; Registerauszug zur Namensführung)	1	280.00	5	1	1
10	Ukrainisch - Deutsch (Diplom mit Anhang -2 Seiten, und Zeugnis Schulabschluss mit Anhang Noten)	1	270.00	6	1	1
38	Ukrainisch - Deutsch (Diplom und Ergänzung)	1	330.00	19	1	1
39	Ukrainisch - Deutsch (1 Zertifikat, 1 Diplom)	1	104.00	20	1	1
12	Englisch-Deutsch (1 Empfehlungsschreiben)	1	45.00	7	1	1
7	Ukrainisch - Deutsch (Geburtsurkunde handschr. + Eheurkunde)	1	50.44	3	1	1
11	Rumänisch-Deutsch (1 Zertifikat, 6 Diplome, 1 Empfehlungsschreiben, 5 Diplom- Zertifikatszusatz	13	45.00	7	1	1
13	Ukrainisch - Deutsch (Diplom mit Anhang)	1	175.00	8	1	1
25	Ukrainisch - Deutsch (Zeugnis 2001 + Apostille, Anhang Zeugnis + Zeugnis 2001 + Apostille)	1	226.98	3	1	1
1	Ukrainisch-Deutsch (Zeugnis 9.Klasse mit Anhang Noten, Zeugnis 11. Klasse mit Anhang Noten, Arbeitsbuch 7 Seiten, Bachelor Diplom: Urkunde und Anhang 8 Seiten, Magister-Diplom)	1	835.00	1	1	1
40	Ukrainisch-Deutsch (Juniorspezialist-Diploms 2008 mit Auszeichnung)	1	160.00	21	1	1
15	Ukrainisch - Deutsch (Bachelor-Diplom mit 7 Seiten Anhang, Juniorspezialist-Diplom)	1	290.00	10	1	1
26	Ukrainisch - Deutsch (Juniorspez.-Diplom 2004 + Apostille)	1	50.44	3	1	1
50	Russisch-Deutsch (Diplom mit Anhang)	1	130.00	27	1	1
28	Ukrainisch - Deutsch (Arbeitsbuch 5 Seiten)	1	126.00	3	6	1
27	Ukrainisch - Deutsch (Anhang Zeugnis + Juniorspez.-Diplom 2004 + Apostille)	1	126.14	3	1	1
58	beglaubigt Ukrainisch-Deutsch (Diplom Spezialist und Bachelor mit Anhang Notenübersicht, Bachelor -Diplom)	1	455.00	34	1	1
29	Ukrainisch - Deutsch (2 Atest, 1 Anlage)	1	190.00	12	1	1
30	Ukrainisch - Deutsch (Spezialist-Diplom 1994, Urkunde + Apostille, Anhang zum Spez.-Diplom + Apostille)	1	815.94	13	1	1
31	Ukrainisch - Deutsch (Facharztzertifikat 1997 Kinderchirurgie + Apostille, Facharztzertifikat 2010 Orthopädie/Traumatologie + Apostille, Facharztzertifikat 2013 Sportmedizin, Facharztzertifikat 2018 Sportmedizin + Apostille)	1	317.31	13	1	1
34	beglaubigt Ukrainisch-Deutsch (Bachelor, Spezialist, Magister)	1	698.00	15	1	1
32	Ukrainisch - Deutsch (Fortbildungsbescheinigung 2012-13, Fortbildungsbescheinigung 2018)	1	90.75	13	1	1
33	Ukrainisch - Deutsch (Diplom und Anhang Noten)	1	150.00	14	1	1
14	Ukrainisch - Deutsch (Arbeitszeugnis und Arbeitsbuch)	1	180.00	9	1	1
16	Ukrainisch - Deutsch (Geburtsurkunde und Eheurkunde mit Zusatzstempel Rückseite)	1	140.00	11	1	1
17	Ukrainisch - Deutsch (Zeugnis Schulabschluss 1992 und Juniorspezialist-Diplom mit Anhang Noten)	1	165.00	11	1	1
35	Ukrainisch - Deutsch (Eheurkunde, 2 Diplome mit Apostillen, 2 Anhänge mit Apostillen)	1	460.00	16	1	1
20	Ukrainisch - Deutsch (Bescheinigung der Universität für Radioelektronik und Archivbescheinigung der Universität für Radioelektronik)	1	240.00	11	1	1
24	Ukrainisch - Deutsch (Bescheinigung Kurs Buchhaltung 2005)	1	80.00	11	1	1
18	Ukrainisch - Deutsch (Bachelor-Diplom mit Anhang Noten und Spezialist-Diplom mit Anhang Noten)	1	170.00	11	1	1
51	Englisch-Deutsch (Führerschein)	1	55.00	28	1	1
42	Ukrainisch-Deutsch ( 1 Diplom, 1 Bestätigung der Namensänderung)	1	90.00	23	1	1
43	Rumänisch - Deutsch (Zertifikat mit Anhang Noten)	1	90.00	24	1	1
44	Rumänisch - Deutsch (Schulzeugnis)	1	180.00	24	1	1
36	Ukrainisch - Deutsch (Geburtsurkunde, Eheurkunde, Zeugnis, Juniorspezialist Diplom mit Anhang, Barchelor mit Anhang, Spezialist Diplom mit Anhang)	1	680.00	17	1	1
47	Englisch-Deutsch (Diplom)	1	50.00	25	1	1
45	Englisch-Deutsch / Türkisch-Deutsch (Secondary School-Zertifikat)	1	180.00	25	1	1
46	Englisch-Deutsch / Türkisch-Deutsch (High School-Zertifikat)	1	120.00	25	1	1
48	Ukrainisch-Deutsch (Atest, Auszug, Diplom, Heiratsurkunde, Geburtsurkunde)	1	280.00	26	1	1
49		1	5.00	26	7	1
53	Ukrainisch - Deutsch beeidigt (Diplom Spezialist mit Anhang)	1	160.00	30	1	1
54	beglaubigt Ukrainisch - Deutsch (Zeugnis Schulabschluss mit Notenübersicht, Facharbeiterdiplom mit Notenübersicht)	1	220.00	31	1	1
52	Ukrainisch - Deutsch (Auszug aus dem staatlichen Register, Geburtsurkunde, Scheidungsurkunde, Heiratsurkunde, Diplom mit Anlage, Zertifikat)	1	435.00	29	1	1
55	beglaubigt Ukrainisch - Deutsch (Diplom Spezialist mit Anhang Notenübersicht)	1	145.00	32	1	1
56	beglaubigt Ukrainisch - Deutsch (Diplom Bachelor mit Anhang Notenübersicht)	1	160.00	32	1	1
57	beglaubigt Englisch-Deutsch (Barchelor Diplom, Barchelor Transkript, Master Diplom mit Transkript)	1	285.00	33	1	1
41	Ukrainisch - Deutsch (Facharztzertifikat, Diplomurkunde, Anhang zum Diplom, Eheurkunde, Geburtsurkunde)	1	351.00	22	1	1
59	beglaubigt Ukrainisch - Deutsch (Eheurkunde, Zeugnis 2001, Zeugnis 2003 - nur Karte, Bachelor-Diplom 2006, Magister-Diplom 2009)	1	525.00	35	1	1
61		6	35.00	36	4	1
60	beglaubigt Ukrainisch - Deutsch (5 Geburtsurkunden, 1 Heiratsurkunde)	1	240.00	36	1	1
62	beglaubigt Ukrainisch - Deutsch (Bachelor-Diplom 2022 und Magister-Diplom 2023)	1	620.00	37	1	1
\.


--
-- Data for Name: orders_order; Type: TABLE DATA; Schema: public; Owner: postgres
--

COPY public.orders_order (id, created_at, modified_at, is_client, deadline, serial, number, value, description, created_by_id, currency_id, modified_by_id, person_id, status_id, invoiced) FROM stdin;
414	2025-03-03 13:55:32+01	2025-03-24 13:56:10+01	f	2025-03-10 13:55:00+01	P	65	15.00	Certificat casatorie Iordan - colationare	1	1	1	24	5	0.00
8	2024-05-27 14:20:16.902559+02	2025-03-24 14:21:09.539231+01	f	2024-05-28 14:20:00+02	P	2	15.00	Certificat Aostacioae - colationare	1	1	1	24	10	0.00
10	2024-05-28 10:24:56.094284+02	2025-03-24 14:21:18.297894+01	f	2024-05-28 10:24:00+02	P	3	15.00	Ledigkeitsbescheinigung	1	1	1	24	10	0.00
28	2024-06-10 15:19:05.494141+02	2025-03-24 14:21:40.307408+01	f	2024-06-10 15:19:00+02	P	7	90.00	5 Geburtsurkunden und 1 Heiratsurkunde	1	1	1	24	10	0.00
41	2024-06-19 08:55:07.276376+02	2024-06-21 09:58:36.976445+02	t	2024-06-19 08:55:00+02	B	33	140.00	Vollmacht - Reisetitel und  Vollmacht - Pässe und Geburtsurkunden	1	1	1	75	5	0.00
36	2024-06-17 09:36:17.175945+02	2024-06-17 13:52:33.668121+02	t	2024-06-17 09:36:00+02	B	28	75.00	Einverständniserklärung für Minderjährige	1	1	1	65	5	0.00
9	2024-05-28 08:49:54.234632+02	2024-06-03 15:42:33.824257+02	t	2024-05-28 08:49:00+02	B	7	45.00	Ledigkeitsbescheinigung	1	1	1	30	5	0.00
20	2024-06-06 12:43:43.740593+02	2024-06-07 09:29:10.663496+02	f	2024-06-06 12:43:43.736906+02	P	6	110.00	Anlage zu Diplom	1	1	1	42	5	0.00
38	2024-06-17 10:07:00.110876+02	2024-06-18 13:53:36.822724+02	t	2024-06-17 10:07:00+02	B	30	75.00	Einverständniserklärung für Minderjährige	1	1	1	67	5	0.00
19	2024-06-06 12:37:49.418154+02	2024-06-07 09:29:28.024233+02	t	2024-06-06 12:37:49.414904+02	B	14	175.00	Anlage zu Diplom	1	1	1	41	5	0.00
1	2024-05-23 10:13:31.267949+02	2024-05-29 08:27:44.948134+02	t	2024-05-30 14:13:00+02	B	1	75.00	Vollmacht - Verkauf des Autos	1	1	1	1	5	0.00
52	2024-07-02 12:35:46.834648+02	2025-03-24 15:56:36.397997+01	f	2024-07-02 12:35:00+02	P	9	17.85	Empfehlungsschreiben	1	1	1	89	10	17.85
37	2024-06-17 09:49:41.45367+02	2024-06-19 08:49:06.083397+02	t	2024-06-17 09:49:00+02	B	29	75.00	Einverständniserklärung für Minderjährige	1	1	1	66	5	0.00
105	2024-08-06 11:00:45.566108+02	2024-08-06 17:13:04.78373+02	t	2024-08-06 13:00:00+02	B	83	55.00	Einverständniserklärung für Minderjährige	1	1	1	143	5	0.00
32	2024-06-13 13:07:20.859281+02	2024-07-12 11:50:41.564058+02	t	2024-06-13 13:07:00+02	B	25	40.00	Urteil - Auzug	1	1	1	61	5	0.00
25	2024-06-07 15:36:57.232706+02	2024-06-24 07:21:47.576274+02	t	2024-06-07 15:36:00+02	B	19	210.00	2 Protokolle	1	1	1	47	5	0.00
14	2024-06-03 09:35:24.062323+02	2024-06-24 07:22:16.307584+02	t	2024-06-10 10:00:00+02	B	10	185.00	Urteil	1	1	1	36	5	0.00
27	2024-06-10 15:17:28.403049+02	2024-06-24 07:29:54.068694+02	t	2024-06-10 15:17:00+02	B	21	270.00	5 Geburtsurkunden und 1 Heiratsurkunde	1	1	1	53	5	0.00
4	2024-05-25 11:38:25.891155+02	2024-05-27 10:51:18.899165+02	t	2024-05-30 11:40:00+02	B	4	70.50	Vollmacht - Anwalt	1	1	1	16	5	0.00
2	2024-05-23 12:17:31.908629+02	2024-05-27 10:51:34.857672+02	t	2024-05-30 16:17:00+02	B	2	75.00		1	1	1	8	5	0.00
23	2024-06-06 13:11:51.676478+02	2024-06-11 18:25:16.695867+02	t	2024-06-06 13:11:00+02	B	17	0.00	Vollmacht - Ausweis und Reisepass	1	1	1	45	6	0.00
5	2024-05-27 11:35:45.966838+02	2024-05-30 08:04:38.906579+02	t	2024-05-28 09:30:00+02	B	5	100.00	2 Geburtsurkunden	1	1	1	23	5	0.00
18	2024-06-06 11:09:32.242364+02	2024-06-10 12:26:25.98003+02	t	2024-06-14 11:09:00+02	B	13	125.00	Erklärung und Vollmacht - Pässe	1	1	1	40	5	0.00
17	2024-06-06 07:01:29.706774+02	2024-06-10 12:48:18.018457+02	t	2024-06-06 07:01:00+02	B	12	75.00	Vollmacht -  Einschulung	1	1	1	39	5	0.00
7	2024-05-27 12:44:09.345975+02	2024-05-30 08:04:53.891901+02	t	2024-05-28 12:44:00+02	B	6	40.00		1	1	1	25	5	0.00
45	2024-06-25 07:54:49.848294+02	2024-06-26 09:38:35.562324+02	t	2024-06-25 07:54:00+02	B	37	75.00	Einverständniserklärung für Minderjährige	1	1	1	81	5	0.00
21	2024-06-06 12:55:58.394973+02	2024-06-10 13:11:07.400018+02	t	2024-06-06 12:55:00+02	B	15	60.00	Erklärung	1	1	1	43	5	0.00
46	2024-06-25 17:42:15.555282+02	2024-06-26 09:47:12.60917+02	t	2024-06-25 17:42:00+02	B	38	100.00	Vollmacht Kennzeichnen	1	1	1	82	5	0.00
44	2024-06-24 15:45:52.671747+02	2024-06-27 05:20:13.344673+02	t	2024-06-24 15:45:00+02	B	36	75.00	Einverständniserklärung für Minderjährige	1	1	1	80	5	0.00
22	2024-06-06 13:06:22.885915+02	2024-06-10 13:55:52.580903+02	t	2024-06-06 13:06:00+02	B	16	75.00	Vollmacht - Vertretung	1	1	1	44	5	0.00
42	2024-06-24 07:18:52.627342+02	2024-06-27 05:20:43.454178+02	t	2024-06-24 07:18:00+02	B	34	58.00	Geburtsurkunde	1	1	1	78	5	0.00
3	2024-05-24 09:52:17.612736+02	2024-05-30 08:15:29.175952+02	t	2024-05-30 15:50:00+02	B	3	75.00		1	1	1	14	5	0.00
31	2024-06-12 08:44:05.801457+02	2024-06-13 08:32:52.377936+02	t	2024-06-12 08:44:00+02	B	24	115.00	2 Einverständniserklärungen für Minderjährige	1	1	1	57	5	0.00
12	2024-05-30 08:02:38.307496+02	2024-05-31 06:55:24.300171+02	t	2024-05-30 14:30:00+02	B	9	50.00	Bankkarte beantragen	1	1	1	35	5	0.00
13	2024-05-30 08:16:35.01371+02	2024-05-31 06:55:33.387982+02	f	2024-05-30 14:30:00+02	P	4	50.00	Bankkarte beantragen	1	1	1	31	5	0.00
11	2024-05-29 22:44:23.2786+02	2024-05-31 06:56:32.013103+02	t	2024-05-30 09:00:00+02	B	8	0.00	Einverständniserklärung für Minderjährige	1	1	1	34	6	0.00
49	2024-06-27 14:11:49.949364+02	2024-07-01 07:43:08.827406+02	t	2024-06-27 14:11:00+02	B	41	185.00	Begründung	1	1	1	88	5	0.00
29	2024-06-11 09:53:34.100196+02	2024-06-13 11:03:12.259722+02	t	2024-06-11 09:53:00+02	B	22	70.00	Vollmacht zur Vertretung in der Erbfolge	1	1	1	54	5	0.00
15	2024-06-03 15:39:43.472904+02	2024-06-11 15:56:12.312081+02	t	2024-06-03 15:39:00+02	B	11	220.00	Diplom und Anlage zum Diplom	1	1	1	37	5	0.00
26	2024-06-07 15:49:40.887871+02	2024-06-11 15:56:37.447573+02	t	2024-06-07 15:49:00+02	B	20	55.00	Führungszeugnis	1	1	1	48	5	0.00
24	2024-06-07 15:32:42.592406+02	2024-06-11 16:07:31.763896+02	t	2024-06-07 15:32:00+02	B	18	90.00	2 Geburtsurkunden	1	1	1	46	5	0.00
35	2024-06-14 08:04:27.565853+02	2024-06-14 12:31:55.814884+02	t	2024-06-18 08:04:00+02	B	27	100.00	Urteil - Auzug	1	1	1	63	5	0.00
51	2024-07-01 08:57:00.187088+02	2024-07-01 15:00:11.9521+02	t	2024-07-01 08:57:00+02	B	43	75.00	Einverständniserklärung für Minderjährige	1	1	1	92	5	0.00
47	2024-06-27 13:00:18.554037+02	2024-07-01 17:46:53.095366+02	t	2024-06-27 13:00:00+02	B	39	75.00	Einverständniserklärung für Minderjährige	1	1	1	86	5	0.00
50	2024-07-01 08:43:42.066708+02	2024-07-01 17:47:47.772205+02	t	2024-07-01 08:43:00+02	B	42	75.00	Einverständniserklärung für Minderjährige	1	1	1	91	5	0.00
48	2024-06-27 13:34:11.659224+02	2024-07-06 07:43:58.163106+02	t	2024-06-27 13:34:00+02	B	40	70.00	Empfehlungsschreiben	1	1	1	87	5	0.00
61	2024-07-09 12:41:39.495363+02	2024-07-10 08:30:13.707731+02	t	2024-07-09 12:41:00+02	B	49	0.00	Vollmacht - Anwalt	1	1	1	99	6	0.00
39	2024-06-17 10:16:45.699385+02	2024-06-17 16:17:04.692544+02	t	2024-06-17 10:16:00+02	B	31	75.00	Vollmacht - Auto	1	1	1	68	5	20.00
40	2024-06-18 13:52:20.895083+02	2024-06-19 13:45:36.84781+02	t	2024-06-18 13:52:00+02	B	32	75.00	Vollmacht - Geburtsurkunde	1	1	1	72	5	0.00
57	2024-07-06 09:20:58.719548+02	2024-07-17 10:08:18.763525+02	t	2024-07-06 09:20:00+02	B	47	50.00	Geburtsurkunde	1	1	1	98	5	0.00
415	2025-03-03 13:56:49+01	2025-03-24 13:57:21+01	f	2025-03-10 13:56:00+01	P	66	30.00	Certificat de casatorie cu mentiune si divort - Cobilas - colationare	1	1	1	24	5	0.00
60	2024-07-09 10:49:18.417406+02	2025-03-24 14:22:04.29092+01	f	2024-07-09 10:49:00+02	P	12	15.00	Geburtsurkunde	1	1	1	24	10	0.00
64	2024-07-11 09:22:33.999305+02	2025-03-24 14:22:13.099629+01	f	2024-07-11 09:22:00+02	P	13	15.00	Führerschein	1	1	1	24	10	0.00
75	2024-07-20 09:49:45.331912+02	2025-03-24 14:22:38.483594+01	f	2024-07-20 09:49:00+02	P	16	60.00	Medizinische Zertifikate - Bamboi	1	1	1	24	10	0.00
62	2024-07-10 08:33:18.925472+02	2024-07-10 13:17:09.677613+02	t	2024-07-10 08:33:00+02	B	50	70.00	Einverständniserklärung für Minderjährige	1	1	1	101	5	0.00
77	2024-07-22 08:08:52.172574+02	2025-03-24 14:22:50.150998+01	f	2024-07-22 08:08:00+02	P	17	75.00	Urteil und Heiratsurkunde - Zaharia	1	1	1	24	10	0.00
102	2024-08-04 20:13:21.973936+02	2024-08-05 13:03:39.611721+02	t	2024-08-06 20:13:00+02	B	81	180.00	1 Diplom, 1 Anlage zum Diplom	1	1	1	140	5	0.00
84	2024-07-24 11:54:55.751276+02	2025-03-24 14:22:59.242691+01	f	2024-07-29 11:54:00+02	P	19	15.00	Geburtsurkunde - Matraș	1	1	1	24	10	0.00
99	2024-08-04 18:40:14.765365+02	2024-08-05 13:11:07.698177+02	t	2024-08-05 18:40:00+02	B	78	65.00	Medizinische Zertifikat	1	1	1	137	5	0.00
100	2024-08-04 19:07:47.213823+02	2024-08-19 13:33:32.333673+02	t	2024-08-12 19:07:00+02	B	79	100.00	Einverständniserklärung für Minderjährige	1	1	1	138	5	0.00
54	2024-07-02 12:45:29.998695+02	2024-07-06 07:49:03.300239+02	f	2024-07-02 12:45:00+02	P	10	172.55	3 Zertifikate	1	1	1	94	5	0.00
53	2024-07-02 12:43:03.813289+02	2024-07-06 07:49:32.840108+02	t	2024-07-02 12:43:00+02	B	44	315.00	3 Zertifikate	1	1	1	96	5	0.00
65	2024-07-11 09:52:41.557154+02	2024-07-12 10:45:13.780376+02	t	2024-07-11 09:52:00+02	B	52	50.00	Einverständniserklärung für Minderjährige	1	1	1	103	5	0.00
122	2024-08-16 13:49:32.866901+02	2024-08-20 10:11:09.14925+02	t	2024-08-17 13:49:00+02	B	97	40.00	Zertifikat	1	1	1	165	5	0.00
66	2024-07-12 11:26:50.57345+02	2024-07-12 11:27:36.59156+02	t	2024-07-12 11:26:00+02	B	53	70.00	Vollmacht - Geburtsurkunde	1	1	1	104	5	0.00
56	2024-07-03 15:34:21.477559+02	2024-09-09 13:11:42.741922+02	t	2024-07-03 15:34:00+02	B	46	150.00	Einverständniserklärung für Minderjährige	1	1	1	55	5	0.00
71	2024-07-18 09:25:16.906084+02	2024-07-22 11:11:22.513093+02	t	2024-07-18 09:25:00+02	B	57	80.00	Einverständniserklärung für Minderjährige	1	1	1	109	5	0.00
101	2024-08-04 19:08:47.593555+02	2024-08-12 11:25:07.036626+02	t	2024-08-04 19:08:00+02	B	80	50.00	Führerschein	1	1	1	139	5	0.00
94	2024-07-29 14:36:23.499146+02	2024-08-12 11:38:58.67656+02	t	2024-07-31 14:36:00+02	B	73	465.00	2 Urteile	1	1	1	119	5	0.00
89	2024-07-25 14:10:14.769284+02	2025-03-24 14:23:22.158334+01	f	2024-07-31 14:10:00+02	P	20	15.00	Steuerbescheinigung - Savuț	1	1	1	24	10	0.00
83	2024-07-24 10:29:09.559561+02	2024-08-12 11:39:09.508674+02	t	2024-07-30 10:29:00+02	B	65	55.00	Geburtsurkunde	1	1	1	119	5	0.00
63	2024-07-11 09:19:34.977933+02	2024-07-16 08:28:43.126807+02	t	2024-07-11 09:19:00+02	B	51	50.00	Führerschein	1	1	1	102	5	0.00
79	2024-07-23 08:43:56.631797+02	2025-03-24 14:23:11.016088+01	f	2024-07-23 08:43:00+02	P	18	80.00	Urteil - Alexa	1	1	1	24	10	0.00
103	2024-08-05 10:12:39.571036+02	2024-09-11 09:51:41.432311+02	t	2024-08-05 10:12:00+02	B	82	610.00	Intermediere adeverina celibat	1	1	1	141	5	0.00
123	2024-08-22 11:31:26.911294+02	2024-08-27 11:28:42.88454+02	t	2024-08-30 11:30:00+02	B	98	195.00	2 Vollmachten - Vertretung	1	1	1	72	5	0.00
86	2024-07-24 15:24:54.786268+02	2024-07-26 12:36:58.477114+02	t	2024-07-29 15:24:00+02	B	67	55.00	Geburtsurkunde	1	1	1	121	5	0.00
69	2024-07-16 12:09:22.199014+02	2024-07-19 07:36:04.603402+02	t	2024-07-16 12:09:00+02	B	56	140.00	1 Heiratsurkunde und 2 Geburtsurkunden	1	1	1	107	5	0.00
88	2024-07-25 08:51:18.160797+02	2024-07-26 12:37:13.197421+02	t	2024-07-31 08:51:00+02	B	69	55.00	Steuerbescheinigung	1	1	1	123	5	0.00
90	2024-07-25 14:51:09.440138+02	2025-03-24 14:23:31.300586+01	f	2024-07-31 14:51:00+02	P	21	15.00	Geburtsurkunde - Chetrari	1	1	1	24	10	0.00
81	2024-07-23 10:34:45.097517+02	2024-07-25 14:59:19.677813+02	t	2024-07-26 10:34:00+02	B	63	85.00	Vollmacht - Vertretung	1	1	1	116	5	0.00
73	2024-07-19 07:34:53.970141+02	2024-07-20 09:41:36.207281+02	f	2024-07-19 07:34:00+02	P	15	25.00	Geburtsurkunde Kruzalski	1	1	1	42	5	0.00
72	2024-07-18 11:52:23.088108+02	2024-07-20 09:41:43.51368+02	t	2024-07-18 11:52:00+02	B	58	45.00	Geburtsurkunde	1	1	1	110	5	0.00
104	2024-08-05 10:25:37.335174+02	2025-03-24 14:23:48.317202+01	f	2024-08-08 10:25:00+02	P	22	15.00	Führerschein - Melnic	1	1	1	24	10	0.00
80	2024-07-23 10:29:26.458996+02	2024-07-26 12:40:53.371724+02	t	2024-07-26 10:29:00+02	B	62	75.00	Einverständniserklärung für Minderjährige	1	1	1	115	5	0.00
92	2024-07-26 11:18:14.010642+02	2024-07-31 10:35:29.190448+02	t	2024-07-31 11:18:00+02	B	71	170.00	Vollmacht - Geburtsurkunde / Vollmacht - Ledigkeitsbescheingung	1	1	1	127	5	0.00
93	2024-07-29 13:05:58.067916+02	2024-08-01 08:38:58.215019+02	t	2024-07-31 13:05:00+02	B	72	55.00	Einverständniserklärung für Minderjährige	1	1	1	130	5	0.00
85	2024-07-24 13:54:54.936504+02	2024-07-31 07:31:20.100303+02	t	2024-07-31 13:54:00+02	B	66	70.00	Medizinische Zertifikat	1	1	1	120	5	0.00
76	2024-07-20 09:59:18.240396+02	2024-07-24 08:15:08.334052+02	t	2024-07-25 09:59:00+02	B	60	150.00	Urteil und Heiratsurkunde	1	1	1	112	5	0.00
74	2024-07-20 09:18:43.498663+02	2024-07-24 08:15:26.646368+02	t	2024-07-26 09:18:00+02	B	59	150.00	Medizinische Zertifikate	1	1	1	111	5	0.00
82	2024-07-23 12:38:14.078161+02	2024-07-24 09:57:12.658711+02	t	2024-07-26 12:38:00+02	B	64	75.00	Einverständniserklärung für Minderjährige	1	1	1	117	5	0.00
91	2024-07-26 08:10:01.079802+02	2024-07-31 11:24:26.174358+02	t	2024-07-31 08:10:00+02	B	70	150.00	2 Vollmacht - Vertretung	1	1	1	124	5	0.00
95	2024-07-29 16:23:38.59108+02	2024-08-01 10:45:10.181883+02	t	2024-07-29 16:23:00+02	B	74	230.00	6 x Entgeltabrechnung	1	1	1	131	5	0.00
97	2024-08-01 08:48:27.342843+02	2024-08-01 14:38:13.213289+02	t	2024-08-02 08:48:00+02	B	76	65.00	Einverständniserklärung für Minderjährige	1	1	1	135	5	0.00
134	2024-09-02 09:43:25.337959+02	2024-09-03 08:43:24.348074+02	t	2024-09-02 13:43:00+02	B	107	60.00	Vollmacht - Geburtsurkunde	1	1	1	179	5	60.00
177	2024-09-18 17:05:07.657908+02	2024-09-18 17:05:59.984892+02	f	2024-09-18 17:04:00+02	P	45	26.34	Abo / 16.09.2024 - 16.10.2024	1	1	1	216	5	26.34
139	2024-09-03 10:06:32.0277+02	2024-09-04 12:30:01.062509+02	t	2024-09-06 10:06:00+02	B	112	75.00	Einverständniserklärung für Minderjährige	1	1	1	183	5	0.00
368	2025-02-25 17:16:34.94797+01	2025-02-26 12:09:58.519736+01	t	2025-02-27 17:15:00+01	B	305	50.00	Abeitsbescheinigung	1	1	1	194	5	50.00
59	2024-07-09 10:44:15.543113+02	2024-07-17 10:08:05.812307+02	t	2024-07-09 10:44:00+02	B	48	125.00	Geburtsurkunde	1	1	1	100	5	0.00
6	2024-05-27 12:19:10.427717+02	2025-03-24 14:20:52.327334+01	f	2024-05-27 22:30:00+02	P	1	30.00	Certificate Alexa si Timofte - colationare	1	1	1	24	10	0.00
126	2024-08-26 10:48:37.764213+02	2025-03-24 14:24:11.485963+01	f	2024-08-30 10:48:00+02	P	26	45.00	3 Zertifikate - Simonyak	1	1	1	24	10	0.00
128	2024-08-26 13:05:59.58304+02	2025-03-24 14:24:22.442825+01	f	2024-08-30 13:05:00+02	P	27	45.00	3 Zertifikate - Mahu	1	1	1	24	10	0.00
145	2024-09-05 13:14:45.211586+02	2025-03-24 14:24:36.294587+01	f	2024-09-05 13:14:00+02	P	30	15.00	Heiratsurkunde - Matifălean	1	1	1	24	10	0.00
153	2024-09-10 08:59:36.137859+02	2024-09-13 14:22:26.524841+02	t	2024-09-13 08:59:00+02	B	122	50.00	Suspendare alocatie	1	1	1	197	5	0.00
167	2024-09-16 18:22:13.436293+02	2024-09-17 09:04:06.973585+02	t	2024-09-17 18:22:00+02	B	128	85.00	Einverständniserklärung für Minderjährige	1	1	1	208	5	85.00
160	2024-09-14 08:35:45.353181+02	2025-03-24 14:25:23.624661+01	f	2024-09-14 08:35:00+02	P	33	15.00	Führerschein - Andriuta	1	1	1	24	10	0.00
143	2024-09-04 16:08:12.646485+02	2024-09-04 16:08:56.487948+02	f	2024-09-04 16:07:00+02	P	28	23.80	Führerschein - Takou	1	1	1	185	5	23.80
120	2024-08-15 14:52:07.500342+02	2024-09-26 10:40:30.112615+02	f	2024-08-19 14:51:00+02	P	25	52.00	2 Geburtsurkunde - Zhulanova	1	1	1	162	5	52.00
141	2024-09-04 10:30:40.985891+02	2024-09-05 07:51:55.19884+02	t	2024-09-06 10:30:00+02	B	114	45.00	Führerschein	1	1	1	187	5	0.00
138	2024-09-03 08:42:02.256433+02	2024-09-05 12:21:06.821809+02	t	2024-09-11 08:41:00+02	B	111	100.00	Vollmacht - Auto	1	1	1	182	5	100.00
326	2025-01-25 08:52:11.343025+01	2025-02-06 11:59:13.463823+01	t	2025-01-31 08:51:00+01	B	266	100.00	Vollmacht - Bank	1	1	1	387	5	0.00
106	2024-08-07 11:03:52.350961+02	2024-08-09 08:21:11.60356+02	t	2024-08-12 11:03:00+02	B	84	100.00	Vollmacht - Geburtsurkunde	1	1	1	144	5	0.00
108	2024-08-07 19:22:30.209396+02	2024-08-12 10:53:07.61398+02	t	2024-08-16 19:22:00+02	B	86	130.00	Vollmacht Reisepass, Einverständniserklärung für Minderjährige	1	1	1	146	5	0.00
107	2024-08-07 19:15:51.42436+02	2024-08-12 10:54:37.423941+02	t	2024-08-08 19:15:00+02	B	85	55.00	Vollmacht - Reisepass	1	1	1	145	5	0.00
130	2024-08-27 11:32:52.757862+02	2024-08-27 14:39:36.93529+02	t	2024-08-27 11:32:00+02	B	103	50.00	Vollmacht - Vertretung	1	1	1	173	5	0.00
171	2024-09-17 09:10:35.493975+02	2024-09-17 09:17:42.597526+02	f	2024-09-17 09:10:00+02	P	41	8.99	Abo - E-Plus	1	1	1	212	5	8.99
136	2024-09-02 18:34:30.824482+02	2024-09-05 15:16:02.312074+02	t	2024-09-13 18:34:00+02	B	109	90.00	Vollmacht - Vertretung	1	1	1	181	5	90.00
132	2024-08-27 15:07:33.034389+02	2024-08-28 14:25:16.810743+02	t	2024-08-30 15:07:00+02	B	105	100.00	Vollmacht - Reisepass	1	1	1	175	5	0.00
161	2024-09-15 11:13:55.6353+02	2024-09-15 11:14:42.04761+02	f	2024-09-12 11:13:00+02	P	34	25.00	Apostille - Vertrag	1	1	1	62	5	25.00
179	2024-09-18 17:52:20.367576+02	2024-09-19 15:37:20.994619+02	t	2024-09-20 17:50:00+02	B	133	70.00	Vollmacht - Erbfolge	1	1	1	218	5	70.00
163	2024-09-15 11:23:53.642831+02	2024-09-15 11:24:21.101537+02	f	2024-09-11 11:23:00+02	P	36	11.90	Beglaubigung - Kopie	1	1	1	108	5	11.90
151	2024-09-09 12:29:41.127462+02	2024-09-19 09:10:31.467125+02	t	2024-09-20 12:28:00+02	B	120	299.00	Arbeitsvertrag und Bestätigung	1	1	1	194	5	299.00
149	2024-09-06 12:11:39.365386+02	2024-09-09 12:54:02.091565+02	t	2024-09-06 12:11:00+02	B	119	308.00	2 Schulbescheinigungen und 1 Abmeldung	1	1	1	55	5	308.00
165	2024-09-15 11:42:16.239118+02	2024-09-15 11:42:57.581444+02	f	2024-09-10 11:41:00+02	P	38	30.00	Lycamobile	1	1	1	207	5	30.00
155	2024-09-11 09:17:54.60212+02	2024-09-16 08:29:52.247964+02	t	2024-09-13 09:17:00+02	B	123	350.00	Jahreszeugnis	1	1	1	200	5	350.00
181	2024-09-19 10:19:39.089276+02	2024-09-19 10:20:10.853729+02	f	2024-09-19 10:19:00+02	P	47	9.90	Lieferung	1	1	1	210	5	9.90
67	2024-07-16 08:24:50.265424+02	2025-03-14 12:44:27.269222+01	t	2024-07-16 08:24:00+02	B	54	0.00	Einverständniserklärung für Minderjährige und Vollmacht für Pass	1	1	1	105	10	0.00
147	2024-09-05 13:24:46.311047+02	2024-09-20 12:07:18.211718+02	t	2024-09-27 13:24:00+02	B	117	100.00	Vollmacht - Rente	1	1	1	192	5	100.00
124	2024-08-23 11:48:35.292526+02	2024-09-12 13:24:54.332875+02	t	2024-08-23 11:47:00+02	B	99	45.00	Visitenkarten	1	1	1	167	5	0.00
157	2024-09-12 09:00:40.671238+02	2024-09-12 14:58:59.066598+02	t	2024-09-13 09:00:00+02	B	125	100.00		1	1	1	202	5	100.00
110	2024-08-08 13:39:59.234806+02	2024-08-12 12:38:15.879225+02	t	2024-08-08 13:39:00+02	B	88	50.00	Bescheinigung	1	1	1	148	5	0.00
125	2024-08-26 10:46:37.491464+02	2024-08-27 14:42:51.79775+02	t	2024-08-30 10:45:00+02	B	100	210.00	3 Zertifikate	1	1	1	168	5	0.00
140	2024-09-04 06:40:48.135552+02	2024-09-04 06:42:57.934029+02	t	2024-09-04 06:40:00+02	B	113	410.00	Sterbeurkunden	1	1	1	184	5	410.00
156	2024-09-11 16:09:31.628747+02	2024-09-12 14:59:07.396595+02	t	2024-09-12 16:09:00+02	B	124	60.00	Erklärung Name	1	1	1	122	5	60.00
144	2024-09-05 12:03:04.140092+02	2024-09-05 12:06:43.012951+02	f	2024-09-05 12:02:00+02	P	29	25.00	Apostille - Jahreszeugnis	1	1	1	62	5	25.00
178	2024-09-18 17:12:29.659017+02	2024-09-18 17:14:00.651243+02	f	2024-09-18 17:12:00+02	P	46	18.47		1	1	1	217	5	18.47
131	2024-08-27 14:45:01.754203+02	2024-08-28 14:25:07.009789+02	t	2024-08-30 14:44:00+02	B	104	55.00	Bescheinigung über den Verzicht auf Kindergeld	1	1	1	174	5	0.00
146	2024-09-05 13:17:13.54736+02	2024-09-05 13:19:21.810276+02	t	2024-09-05 13:16:00+02	B	116	60.00	Heiratsurkunde	1	1	1	191	5	60.00
170	2024-09-16 20:30:32.305805+02	2024-09-17 09:04:36.528362+02	f	2024-09-05 20:30:00+02	P	40	7.80	Lieferung	1	1	1	210	5	7.80
133	2024-08-29 11:35:01.702802+02	2024-08-29 11:35:17.224215+02	t	2024-08-29 11:34:00+02	B	106	45.00	Vollmacht - Vertretung	1	1	1	177	5	0.00
117	2024-08-14 07:49:56.370802+02	2024-08-16 10:17:08.0895+02	t	2024-08-14 16:48:00+02	B	93	60.00	Vollmacht - Rücknahme der Schulakte	1	1	1	158	5	0.00
111	2024-08-08 14:46:28.756819+02	2024-08-16 14:00:16.409488+02	t	2024-08-08 14:46:00+02	B	89	68.00	Medizinische Zertifikat	1	1	1	149	5	0.00
115	2024-08-10 09:07:10.913086+02	2024-08-19 13:33:18.27961+02	t	2024-08-14 09:06:00+02	B	91	75.00	Einverständniserklärung für Minderjährige	1	1	1	153	5	0.00
121	2024-08-16 09:16:42.541549+02	2024-08-20 11:33:13.589181+02	t	2024-08-23 09:16:00+02	B	96	100.00	Vollmacht - Vertretung Gymnasium	1	1	1	163	5	0.00
87	2024-07-25 08:09:41.09368+02	2024-08-12 11:39:37.585132+02	t	2024-08-16 08:09:00+02	B	68	100.00	Vollmacht - Seidungsurkunde	1	1	1	122	5	0.00
169	2024-09-16 19:57:34.563613+02	2024-09-23 17:56:47.897467+02	t	2024-09-20 19:57:00+02	B	130	100.00	Ledigkeitsbescheinigung	1	1	1	127	5	100.00
159	2024-09-13 14:01:20.431908+02	2024-09-23 17:58:22.615863+02	t	2024-09-18 14:01:00+02	B	127	45.00	Führerschein	1	1	1	204	5	45.00
183	2024-09-19 12:30:57.32786+02	2024-09-23 18:05:06.630616+02	t	2024-09-25 12:30:00+02	B	135	100.00	Polizei - Berichte	1	1	1	221	5	100.00
116	2024-08-13 14:08:16.384685+02	2024-08-16 10:16:43.723479+02	t	2024-08-16 14:08:00+02	B	92	90.00	Vollmacht - Vertretung	1	1	1	157	5	0.00
58	2024-07-06 09:22:11.930351+02	2025-03-24 14:21:54.464606+01	f	2024-07-06 09:22:00+02	P	11	15.00	Geburtsurkunde	1	1	1	24	10	0.00
174	2024-09-18 14:39:52.475246+02	2025-03-24 14:25:46.502218+01	f	2024-09-20 14:39:00+02	P	43	15.00	Impfausweis - Tudor	1	1	1	24	10	0.00
186	2024-09-20 09:42:59.29074+02	2025-03-24 14:26:02.21018+01	f	2024-09-25 09:42:00+02	P	49	30.00	Polizei - Berichte - Dondos	1	1	1	24	10	0.00
222	2024-10-15 12:23:47.079925+02	2024-10-18 11:12:13.155247+02	t	2024-10-22 12:23:00+02	B	163	150.00	Impfausweise	1	1	1	111	5	150.00
191	2024-09-24 09:20:42.829598+02	2025-03-24 14:26:13.99074+01	f	2024-09-27 09:20:00+02	P	52	15.00	Führerschein - Verebcean	1	1	1	24	10	0.00
119	2024-08-14 08:30:08.078322+02	2024-08-26 11:56:18.682883+02	t	2024-08-20 08:29:00+02	B	95	90.00	2 Geburtsurkunde	1	1	1	161	5	0.00
150	2024-09-09 11:31:13.715307+02	2024-09-09 11:36:05.328371+02	f	2024-09-09 11:31:00+02	P	31	30.00	Geburtsurkunde - Yusupov	1	1	1	42	5	30.00
201	2024-09-30 10:15:27.490298+02	2025-03-24 14:26:24.524793+01	f	2024-10-04 10:14:00+02	P	55	60.00	4 Decizii alocatie - Tudor	1	1	1	24	10	0.00
162	2024-09-15 11:19:48.580853+02	2024-09-15 11:20:34.77186+02	f	2024-09-05 11:19:00+02	P	35	11.90	Beglaubigung - Kopie	1	1	1	108	5	11.90
152	2024-09-09 19:33:11.491839+02	2024-09-19 09:04:02.389579+02	t	2024-09-09 19:33:00+02	B	121	185.00		1	1	1	196	5	185.00
202	2024-09-30 10:16:22.827877+02	2025-03-24 14:26:35.164488+01	f	2024-10-04 10:15:00+02	P	56	15.00	Geburtsurkunde - Simonyak	1	1	1	24	10	0.00
166	2024-09-16 08:32:33.329368+02	2024-09-19 09:04:11.294684+02	f	2024-09-16 08:31:00+02	P	39	80.00	Übersetzung - Kysilov	1	1	1	162	5	0.00
129	2024-08-26 13:45:25.770064+02	2024-08-27 11:28:31.534051+02	t	2024-08-30 13:45:00+02	B	102	100.00	Vollmacht - Vertretung	1	1	1	170	5	0.00
189	2024-09-23 11:49:41.210446+02	2024-09-23 12:32:10.831203+02	f	2024-09-23 11:49:00+02	P	51	2.70	Lieferung	1	1	1	210	5	2.70
127	2024-08-26 13:04:43.174472+02	2024-08-27 11:37:09.172661+02	t	2024-08-30 13:04:00+02	B	101	180.00	3 Zertifikate	1	1	1	169	5	0.00
158	2024-09-13 13:26:40.297913+02	2024-09-19 09:06:29.259528+02	t	2024-09-13 13:26:00+02	B	126	40.00	Redactionservice	1	1	1	158	5	40.00
148	2024-09-05 18:51:49.035756+02	2024-09-11 11:44:55.190265+02	t	2024-09-13 18:51:00+02	B	118	100.00	Vollmacht - Vormund	1	1	1	193	5	100.00
168	2024-09-16 19:54:23.242487+02	2024-09-19 16:10:31.717376+02	t	2024-09-20 19:54:00+02	B	129	70.00	Vollmacht - Auto	1	1	1	209	5	70.00
205	2024-10-01 08:24:41.624957+02	2025-03-12 12:19:48.566345+01	t	2024-10-22 08:24:00+02	B	148	0.00	5 Geburtsurkunde	1	1	1	246	10	0.00
164	2024-09-15 11:34:03.559786+02	2024-09-15 11:39:02.203078+02	f	2024-09-04 11:33:00+02	P	37	10.00	Ablagekorb	1	1	1	206	5	10.00
401	2025-03-17 14:30:10.177887+01	2025-03-17 14:30:16.866311+01	t	2025-03-31 21:12:00+02	B	337	351.00		1	1	1	360	2	351.00
180	2024-09-19 08:51:54.428757+02	2024-09-24 09:02:38.717557+02	t	2024-09-26 08:51:00+02	B	134	85.00	Einverständniserklärung für Minderjährige	1	1	1	219	5	85.00
213	2024-10-09 15:43:23.472832+02	2024-10-21 16:27:14.932231+02	f	2024-10-09 15:43:00+02	P	58	25.00	Apostille - Cobilas	1	1	1	259	5	25.00
184	2024-09-19 15:58:29.94383+02	2024-09-24 11:22:25.127277+02	t	2024-09-27 15:58:00+02	B	136	100.00	Vollmacht - Erbfolge	1	1	1	222	5	100.00
187	2024-09-22 17:32:58.538377+02	2024-09-22 19:26:50.207923+02	f	2024-09-19 17:32:00+02	P	50	60.81	Sondervollmacht - Cobilas	1	1	1	199	5	60.81
173	2024-09-18 08:13:27.952851+02	2024-09-22 19:33:11.211149+02	t	2024-09-18 08:12:00+02	B	131	0.00	Impfausweis	1	1	1	214	6	0.00
196	2024-09-26 11:15:14.374439+02	2024-10-22 06:53:56.842204+02	t	2024-10-06 11:13:00+02	B	142	290.00	Zivilstand (Lieferung - Pereu Vladimir)	1	1	1	231	5	290.00
193	2024-09-26 10:42:35.095412+02	2024-09-26 10:44:51.490759+02	f	2024-09-26 10:41:00+02	P	53	178.10	Übersetzungen 04.07.2024-25.07.2024	1	1	1	162	5	178.10
203	2024-09-30 10:26:44.696374+02	2025-02-13 14:39:15.399792+01	f	2024-10-04 10:26:00+02	P	57	71.60	Ledigkeitsbescheinigung - Mattia	1	1	1	233	5	71.60
182	2024-09-19 10:24:01.141003+02	2024-09-23 12:38:12.237565+02	f	2024-09-18 10:23:00+02	P	48	4.61	Sonstiges	1	1	1	220	5	4.61
194	2024-09-26 10:48:46.829171+02	2024-09-26 10:51:04.439224+02	f	2024-09-26 10:47:00+02	P	54	536.00	Übersetzungen 04.07.2024-25.07.2024	1	1	1	162	5	536.00
195	2024-09-26 11:07:28.349643+02	2024-09-26 11:08:00.326402+02	t	2024-09-25 11:07:00+02	B	141	20.00		1	1	1	230	5	20.00
43	2024-06-24 08:01:33.7602+02	2024-09-30 10:20:54.804225+02	t	2024-09-30 08:01:00+02	B	35	110.00	1 Geburtsurkunde und 1 Heiratsurkunde	1	1	1	79	5	110.00
188	2024-09-23 08:37:13.054545+02	2024-09-30 10:21:10.31859+02	t	2024-09-27 08:37:00+02	B	138	50.00	Führerschein	1	1	1	225	5	50.00
197	2024-09-27 10:47:13.634439+02	2024-09-30 10:24:09.465341+02	t	2024-10-04 10:46:00+02	B	143	100.00	Vollmacht - Auto	1	1	1	237	5	100.00
198	2024-09-30 08:22:10.510947+02	2024-10-01 08:41:26.761929+02	t	2024-10-02 08:21:00+02	B	144	68.00	Formular	1	1	1	120	5	68.00
192	2024-09-25 11:55:43.970824+02	2024-10-01 08:46:46.670581+02	t	2024-09-30 11:54:00+02	B	140	50.00	Geburtsurkunde 	1	1	1	229	5	50.00
207	2024-10-01 09:58:05.850471+02	2024-10-01 09:58:36.876785+02	t	2024-10-01 09:58:00+02	B	150	65.00	Einverständniserklärung für Minderjährige	1	1	1	249	5	65.00
204	2024-09-30 13:09:06.99644+02	2024-10-01 12:53:18.005774+02	t	2024-10-05 13:08:00+02	B	147	100.00	Vollmacht - Vertretung	1	1	1	245	5	100.00
137	2024-09-03 08:21:39.684492+02	2024-10-02 08:17:50.68584+02	t	2024-09-06 08:20:00+02	B	110	240.00	Anträge zum ausfüllen	1	1	1	178	5	240.00
208	2024-10-02 10:29:27.189763+02	2024-10-04 11:06:48.965276+02	t	2024-10-03 10:29:00+02	B	151	60.00		1	1	1	251	5	60.00
206	2024-10-01 08:38:09.522785+02	2024-10-04 11:52:21.305016+02	t	2024-10-11 08:37:00+02	B	149	100.00	Vollmacht - Ledigkeitsbescheinigung	1	1	1	247	5	100.00
211	2024-10-09 07:34:16.641106+02	2024-10-09 07:34:41.228173+02	t	2024-10-09 07:34:00+02	B	154	100.00		1	1	1	255	5	100.00
200	2024-09-30 09:06:34.103063+02	2024-10-09 08:27:36.836146+02	t	2024-10-03 09:05:00+02	B	146	200.00	4 Decizii alocatie	1	1	1	214	5	0.00
199	2024-09-30 09:03:05.375152+02	2024-10-09 08:28:14.576892+02	t	2024-10-03 09:02:00+02	B	145	50.00	Geburtsurkunde	1	1	1	168	5	50.00
210	2024-10-09 07:28:54.253103+02	2024-10-09 19:25:04.514254+02	t	2024-10-18 07:28:00+02	B	153	170.00		1	1	1	256	5	170.00
215	2024-10-11 11:43:18.480828+02	2024-10-14 15:23:58.393358+02	t	2024-10-18 11:43:00+02	B	157	95.00	Erklärung - Eigentum	1	1	1	263	5	95.00
212	2024-10-09 07:41:17.758893+02	2024-10-14 11:54:03.007927+02	t	2024-10-15 07:41:00+02	B	155	75.00		1	1	1	257	5	75.00
209	2024-10-08 07:51:58.568411+02	2024-10-14 09:59:42.352661+02	t	2024-10-17 07:50:00+02	B	152	100.00	Vollmacht - Erbfolge	1	1	1	254	5	100.00
142	2024-09-04 10:55:28.083147+02	2024-09-06 08:35:16.918652+02	t	2024-09-04 10:55:00+02	B	115	40.00	Lebenslauf	1	1	1	188	5	40.00
395	2025-03-14 07:22:54.749584+01	2025-03-19 08:45:23.534943+01	t	2025-03-21 07:22:00+01	B	332	0.00		1	1	1	246	10	0.00
113	2024-08-09 12:35:02.998997+02	2025-03-24 14:24:01.526171+01	f	2024-08-16 12:35:00+02	P	24	15.00	Bescheinigung - Dontu	1	1	1	24	10	0.00
214	2024-10-09 19:23:01.380097+02	2024-10-15 10:01:52.40269+02	t	2024-10-11 19:22:00+02	B	156	170.00	Einverständniserklärung für Minderjährige / Vollmacht Pass	1	1	1	260	5	170.00
247	2024-11-05 16:33:54.976893+01	2024-11-07 15:51:26.508754+01	t	2024-11-08 16:33:00+01	B	188	98.00	Schulzeugnis	1	1	1	301	5	98.00
245	2024-11-05 09:15:24.255113+01	2024-11-07 15:51:37.128981+01	t	2024-11-08 09:15:00+01	B	186	45.00	Reisepass	1	1	1	296	5	45.00
252	2024-11-08 11:51:10.624822+01	2025-03-10 16:27:50.957968+01	t	2025-02-21 11:50:00+01	B	192	185.00	Ledigkeitsbescheinigung (la centrul de vize)	1	1	1	304	5	185.00
216	2024-10-14 09:02:48.49425+02	2024-10-17 14:20:22.992871+02	t	2024-10-18 09:02:00+02	B	158	170.00	Einverständniserklärung für Minderjährige und Vollmacht für Pass	1	1	1	264	5	170.00
290	2024-12-16 19:19:08.305913+01	2025-02-19 16:07:39.216385+01	t	2025-02-28 19:18:00+01	B	230	100.00	Vollmacht - Vertretung	1	1	1	353	6	0.00
246	2024-11-05 09:26:18.105443+01	2024-11-08 16:19:10.237553+01	t	2024-11-08 09:25:00+01	B	187	80.00	Vollmacht - Führerschein	1	1	1	300	5	80.00
237	2024-10-27 18:34:10.325564+01	2025-03-08 17:27:20.959419+01	t	2025-03-31 18:34:00+02	B	178	565.00	De hotarat cum facem	1	1	1	292	1	0.00
225	2024-10-17 10:32:10.278603+02	2024-10-18 11:11:33.529153+02	t	2024-10-24 10:31:00+02	B	166	95.00		1	1	1	275	5	95.00
257	2024-11-12 19:03:49.388449+01	2024-11-13 09:38:02.964272+01	t	2024-11-12 19:03:00+01	B	197	220.00	Arbeitsheft	1	1	1	311	5	220.00
218	2024-10-14 15:57:42.298747+02	2024-10-18 11:25:38.570976+02	t	2024-10-18 15:57:00+02	B	160	50.00	Geburtsurkunde	1	1	1	267	5	50.00
253	2024-11-11 19:04:40.515872+01	2024-11-13 12:04:13.734787+01	t	2024-11-14 19:04:00+01	B	193	100.00	Einverständniserklärung für Minderjährige	1	1	1	307	5	100.00
221	2024-10-15 11:50:07.547497+02	2024-10-21 16:18:55.870403+02	t	2024-10-22 11:50:00+02	B	162	80.00	Einverständniserklärung für Minderjährige	1	1	1	269	5	80.00
217	2024-10-14 12:40:18.477239+02	2024-10-16 10:50:24.204816+02	t	2024-10-18 12:40:00+02	B	159	95.00	Vollmacht - Vertretung Bank	1	1	1	265	5	95.00
223	2024-10-16 09:34:18.217176+02	2024-10-16 13:55:04.738625+02	t	2024-10-22 09:34:00+02	B	164	85.00	Einverständniserklärung für Minderjährige	1	1	1	270	5	85.00
239	2024-10-28 17:17:05.008381+01	2024-11-19 10:25:33.925701+01	t	2024-10-28 17:16:00+01	B	180	260.00	A fost trimisa in Germania	1	1	1	295	5	260.00
228	2024-10-21 16:24:40.776148+02	2024-11-15 11:25:33.780828+01	t	2024-10-31 16:24:00+01	B	169	550.00	De tradus	1	1	1	168	5	550.00
224	2024-10-17 10:23:02.825534+02	2024-10-21 17:18:30.210481+02	t	2024-10-24 10:22:00+02	B	165	85.00		1	1	1	274	5	85.00
230	2024-10-22 16:34:38.325942+02	2024-10-23 08:56:22.55962+02	t	2024-10-23 16:34:00+02	B	171	30.00		1	1	1	280	5	30.00
258	2024-11-13 09:39:24.557759+01	2024-11-18 10:09:44.03597+01	t	2024-11-19 09:39:00+01	B	198	100.00	Einverständniserklärung für Minderjährige	1	1	1	312	5	100.00
231	2024-10-23 09:37:01.951055+02	2024-10-24 15:02:29.400952+02	t	2024-10-30 09:35:00+01	B	172	100.00	Vollmacht - Geburtsurkunde Kind	1	1	1	286	5	100.00
259	2024-11-13 10:19:16.956933+01	2024-11-18 13:05:04.808916+01	t	2024-11-13 10:17:00+01	B	199	0.00	3 Vollmachten - Geburtsurkunde und Ledigkeitsbescheinigung	1	1	1	67	6	0.00
229	2024-10-22 13:49:30.078946+02	2024-10-23 11:12:55.844953+02	t	2024-10-23 13:49:00+02	B	170	80.00	Vollmacht - Geburtsurkunde / Vollmacht - Reisepass	1	1	1	283	5	80.00
227	2024-10-21 14:32:00.013616+02	2024-10-23 11:14:19.84714+02	t	2024-10-25 14:31:00+02	B	168	30.00	Vollmacht - Kindergeld	1	1	1	280	5	30.00
264	2024-11-19 12:25:21.053387+01	2024-12-03 10:06:57.992729+01	t	2024-11-22 12:24:00+01	B	204	100.00	Vollmacht - Ausweis	1	1	1	319	5	100.00
226	2024-10-18 10:25:56.469004+02	2024-10-23 11:30:11.991595+02	t	2024-10-23 10:25:00+02	B	167	80.00		1	1	1	277	5	80.00
220	2024-10-15 09:44:18.68348+02	2024-10-24 09:27:32.893531+02	t	2024-10-24 09:43:00+02	B	161	170.00	Vollmacht - Vertretung	1	1	1	268	5	170.00
238	2024-10-27 18:48:14.94016+01	2024-11-05 09:18:03.562818+01	t	2024-11-01 18:48:00+01	B	179	150.00		1	1	1	293	5	150.00
243	2024-10-31 11:11:18.013189+01	2024-11-05 09:18:28.496135+01	t	2024-11-08 11:10:00+01	B	184	180.00	2 Ledigkeitsbescheinigungen	1	1	1	298	5	180.00
256	2024-11-12 18:54:56.904252+01	2024-11-20 13:12:20.17693+01	t	2024-11-18 18:54:00+01	B	196	95.00	Diplom	1	1	1	310	5	95.00
244	2024-10-31 14:27:51.014065+01	2024-11-05 09:18:48.504344+01	t	2024-10-31 14:27:00+01	B	185	120.00	Arbeitsvertrag	1	1	1	299	5	120.00
242	2024-10-31 09:20:53.835492+01	2024-11-05 09:19:00.633746+01	t	2024-11-07 09:16:00+01	B	183	120.00	Zertifikat PELLET / Zertifikat EkoDesign	1	1	1	297	5	120.00
235	2024-10-24 11:52:17.966897+02	2024-10-27 18:54:26.501672+01	t	2024-10-30 11:51:00+01	B	176	70.00	Zertifikat Rentenversicherung	1	1	1	289	5	70.00
234	2024-10-24 11:44:53.431943+02	2024-10-27 18:54:37.837285+01	t	2024-10-30 11:44:00+01	B	175	55.00	Geburtsurkunde	1	1	1	288	5	55.00
232	2024-10-24 09:19:49.590426+02	2024-10-27 18:54:46.528178+01	t	2024-10-30 09:19:00+01	B	173	50.00	Scheidungsurkunde	1	1	1	169	5	50.00
263	2024-11-19 11:17:42.37327+01	2024-11-20 13:11:27.711481+01	t	2024-11-22 11:17:00+01	B	203	100.00	Vollmacht - Reisepass	1	1	1	318	5	100.00
260	2024-11-18 12:57:07.556175+01	2024-11-20 13:12:36.492803+01	t	2024-11-22 12:56:00+01	B	200	100.00	Heiratsurkunde und Geburtsurkunde	1	1	1	316	5	0.00
265	2024-11-19 13:28:29.448674+01	2024-11-20 13:12:54.789666+01	t	2024-11-22 13:27:00+01	B	205	110.00	2 Geburtsurkunden	1	1	1	320	5	110.00
261	2024-11-18 13:33:21.114983+01	2024-11-22 08:41:34.40604+01	t	2024-11-22 13:33:00+01	B	201	100.00	Vollmacht - Vertretung	1	1	1	317	5	100.00
266	2024-11-19 15:25:12.361323+01	2024-11-21 10:26:01.822454+01	t	2024-11-22 15:24:00+01	B	206	70.00	Einverständniserklärung für Minderjährige	1	1	1	318	5	70.00
240	2024-10-29 14:51:15.885889+01	2024-10-31 11:46:17.697835+01	t	2024-11-01 14:51:00+01	B	181	135.00		1	1	1	296	5	135.00
241	2024-10-29 14:56:00.13118+01	2024-10-31 11:46:35.904727+01	t	2024-10-31 14:55:00+01	B	182	50.00	Geburtsurkunde	1	1	1	163	5	50.00
262	2024-11-19 10:20:09.448752+01	2024-11-25 11:47:21.91663+01	t	2024-11-22 10:20:00+01	B	202	152.00	2 Notenspiegel und 1 Zertifikat	1	1	1	301	5	152.00
267	2024-11-21 10:19:34.720926+01	2024-11-25 11:24:34.875443+01	t	2024-11-27 10:19:00+01	B	207	170.00	Vollmacht - Vertretung	1	1	1	322	5	170.00
269	2024-11-26 08:32:29.616884+01	2024-11-27 09:25:56.193227+01	t	2024-11-29 08:32:00+01	B	209	100.00	Vollmacht - Vertretung	1	1	1	318	5	100.00
268	2024-11-25 10:39:14.799827+01	2024-11-26 08:38:39.380535+01	t	2024-11-29 10:39:00+01	B	208	0.00		1	1	1	324	6	0.00
248	2024-11-07 14:29:37.753641+01	2024-11-07 15:17:08.979304+01	t	2024-11-08 14:29:00+01	B	189	80.00	2 Bescheinigungen	1	1	1	55	5	80.00
34	2024-06-13 16:54:26.087044+02	2024-06-13 16:55:29.963314+02	f	2024-06-13 16:54:00+02	P	8	25.00	Apostille - Lohnsteuerbescheinigung	1	1	1	62	5	0.00
249	2024-11-07 15:27:26.713029+01	2024-11-12 11:43:05.814688+01	t	2024-11-14 15:26:00+01	B	190	95.00	Heiratsurkunde und Scheidungsurkunde	1	1	1	302	5	95.00
416	2025-03-12 13:57:40+01	2025-03-24 13:58:02+01	f	2025-03-17 13:57:00+01	P	67	15.00	Permis auto Polivenco - colationare	1	1	1	24	5	0.00
172	2024-09-17 13:53:26.233364+02	2025-03-24 14:25:33.884512+01	f	2024-09-17 13:53:00+02	P	42	30.00	Ledigkeitsbescheinigung - Florea	1	1	1	24	10	0.00
33	2024-06-13 16:48:06.455012+02	2024-06-18 15:39:24.334365+02	t	2024-06-13 16:48:00+02	B	26	100.00	2 Geburtsurkunden	1	1	1	23	5	0.00
233	2024-10-24 10:50:53.87717+02	2024-11-26 16:32:52.406053+01	t	2024-11-29 10:49:00+01	B	174	100.00	Vollmacht - Vertretung Rentenversicherung	1	1	1	287	5	100.00
313	2025-01-15 15:44:58.049931+01	2025-03-13 09:08:38.004049+01	t	2025-02-28 15:18:00+01	B	253	150.00		1	1	1	313	5	150.00
292	2024-12-17 14:37:56.474457+01	2024-12-19 12:42:53.026844+01	t	2024-12-17 14:37:00+01	B	232	100.00		1	1	1	354	5	100.00
271	2024-11-27 09:04:51.800727+01	2024-11-27 09:13:44.078374+01	t	2024-11-27 09:04:00+01	B	211	100.00	Erklärung und Vollmacht - Pässe	1	1	1	328	5	100.00
293	2024-12-19 12:44:15.352425+01	2025-02-12 08:17:59.331405+01	t	2025-02-21 12:44:00+01	B	233	550.00	Celibat	1	1	1	168	5	550.00
273	2024-11-27 16:18:54.09639+01	2024-12-03 10:12:25.435129+01	t	2024-12-02 16:18:00+01	B	213	55.00	Heiratsurkunde	1	1	1	330	5	55.00
287	2024-12-13 09:59:14.379097+01	2024-12-19 12:48:03.806994+01	t	2024-12-18 09:56:00+01	B	227	60.00	Bescheinigung	1	1	1	326	5	60.00
305	2025-01-10 11:13:26.329145+01	2025-01-10 11:14:05.557588+01	t	2025-01-10 11:09:00+01	B	245	70.00	Vollmacht - Duplikat Heiratsurkunde	1	1	1	362	5	70.00
283	2024-12-09 09:37:07.527775+01	2024-12-11 11:48:49.308531+01	t	2024-12-13 09:36:00+01	B	223	100.00	Vollmacht - Auto	1	1	1	345	5	100.00
299	2025-01-03 20:50:51.626004+01	2025-01-10 11:17:17.82211+01	t	2025-01-08 20:50:00+01	B	239	100.00	2 Geburtsurkunde	1	1	1	359	5	100.00
278	2024-11-28 16:07:53.975105+01	2024-12-03 11:27:26.087562+01	t	2024-12-04 16:07:00+01	B	218	100.00	Vollmacht - Geburtsurkunde	1	1	1	334	5	100.00
276	2024-11-28 10:14:38.161595+01	2025-03-10 16:29:17.786312+01	t	2025-02-28 13:21:00+01	B	216	835.00		1	1	1	195	5	835.00
298	2024-12-27 14:53:21.632863+01	2025-01-10 11:18:10.505788+01	t	2024-12-27 14:53:00+01	B	238	100.00	2 Geburtsurkunde	1	1	1	357	5	100.00
396	2025-03-14 07:24:44.535492+01	2025-03-24 08:42:14.076937+01	f	2025-03-19 07:24:00+01	P	60	41.65	Führungszeugnis	1	1	1	89	5	41.65
280	2024-12-03 10:55:35.021915+01	2024-12-05 09:16:45.795077+01	t	2024-12-06 10:55:00+01	B	220	100.00	Einverständniserklärung für Minderjährige	1	1	1	338	5	100.00
297	2024-12-20 14:42:37.497075+01	2024-12-27 14:59:30.805751+01	t	2024-12-20 14:42:00+01	B	237	70.00		1	1	1	338	5	70.00
275	2024-11-28 09:52:32.25212+01	2024-11-28 12:35:59.85031+01	t	2024-11-29 09:52:00+01	B	215	100.00	Einverständniserklärung für Minderjährige	1	1	1	331	5	100.00
272	2024-11-27 11:23:25.475989+01	2024-11-29 09:14:24.132607+01	t	2024-11-29 11:23:00+01	B	212	100.00	Einverständniserklärung für Minderjährige	1	1	1	329	5	100.00
185	2024-09-19 19:25:00.765556+02	2024-12-31 09:23:51.43046+01	t	2024-10-04 19:24:00+02	B	137	385.00	Vollmacht - Ledigkeitsbescheinigung (tradusa de Catalin)	1	1	1	224	5	385.00
277	2024-11-28 12:02:59.201589+01	2024-12-05 09:20:58.501004+01	t	2024-12-03 12:02:00+01	B	217	60.00	Geburtsurkunde	1	1	1	332	5	60.00
279	2024-12-02 12:56:33.107424+01	2025-01-10 14:59:29.066176+01	t	2024-12-21 12:55:00+01	B	219	925.00	5 Zertifikate (Apostille und Übersetzung)	1	1	1	337	5	925.00
286	2024-12-11 12:01:45.545504+01	2024-12-12 13:47:49.211514+01	t	2024-12-13 12:01:00+01	B	226	100.00	Vollmacht - Auto	1	1	1	349	5	0.00
308	2025-01-13 12:15:58.78811+01	2025-01-14 09:31:02.38035+01	t	2025-01-14 12:15:00+01	B	248	70.00	Vollmacht - Führerschein	1	1	1	365	5	70.00
270	2024-11-26 10:23:32.234024+01	2024-12-13 10:04:51.676158+01	t	2024-11-29 10:20:00+01	B	210	135.00	3 Geburtsurkunde	1	1	1	326	5	135.00
281	2024-12-03 16:09:22.558266+01	2024-12-13 10:07:45.014621+01	t	2024-12-06 16:09:00+01	B	221	50.00	Geburtsurkunde	1	1	1	340	5	50.00
274	2024-11-27 21:52:55.978712+01	2025-01-13 13:11:53.897007+01	t	2024-12-31 13:18:00+01	B	214	795.00		1	1	1	282	5	795.00
291	2024-12-17 12:22:27.16081+01	2025-01-13 13:12:07.853039+01	t	2025-01-05 12:22:00+01	B	231	30.00		1	1	1	317	5	30.00
296	2024-12-20 08:31:23.900323+01	2025-01-13 13:12:59.703929+01	t	2024-12-27 08:30:00+01	B	236	145.00	Bescheinigung	1	1	1	356	5	145.00
307	2025-01-13 12:10:18.493619+01	2025-01-13 12:13:05.47523+01	t	2025-01-13 12:10:00+01	B	247	70.00	Einverständniserklärung für Minderjährige	1	1	1	364	5	70.00
303	2025-01-09 12:22:06.243296+01	2025-01-13 13:13:17.922837+01	t	2025-01-10 12:20:00+01	B	243	60.00	Sterbeurkunde 2. Beglaubigung	2	1	1	184	5	60.00
288	2024-12-13 15:17:17.973377+01	2025-01-15 12:08:07.987921+01	t	2025-01-17 15:17:00+01	B	228	100.00	Vollmacht - Ausweis	1	1	1	334	5	100.00
309	2025-01-13 15:24:57.572844+01	2025-01-16 14:48:09.705746+01	t	2025-01-17 15:24:00+01	B	249	100.00	Einverständniserklärung für Minderjährige	1	1	1	366	5	100.00
311	2025-01-14 09:52:54.426344+01	2025-01-16 16:48:36.211051+01	t	2025-01-14 09:52:00+01	B	251	185.00	2 Scheidungsurteil	1	1	1	318	5	185.00
314	2025-01-16 14:15:43.353375+01	2025-01-18 16:14:03.916673+01	t	2025-01-16 14:15:00+01	B	254	100.00	Einverständniserklärung für Minderjährige	1	1	1	368	5	100.00
310	2025-01-14 09:41:51.093666+01	2025-01-18 16:14:19.332798+01	t	2025-01-14 09:40:00+01	B	250	160.00	1 Heiratsurkunde und 3 Geburtsurkunden	1	1	1	367	5	160.00
289	2024-12-13 16:15:46.02181+01	2025-01-18 16:14:49.622795+01	t	2024-12-13 16:15:00+01	B	229	100.00	Geburtsurkunde und Anlage	1	1	1	352	5	100.00
304	2025-01-09 15:01:18.994582+01	2025-01-18 16:15:11.576706+01	t	2025-01-16 15:01:00+01	B	244	125.00	2 Geburtsurkunde	1	1	1	354	5	125.00
306	2025-01-13 10:54:49.862121+01	2025-01-18 16:15:24.331686+01	t	2025-01-17 10:53:00+01	B	246	100.00	2 Ledigkeitbescheinigung	2	1	1	363	5	100.00
316	2025-01-18 16:01:51.894339+01	2025-01-21 16:41:23.545845+01	t	2025-01-18 16:01:00+01	B	256	100.00	Erklärung	1	1	1	370	5	100.00
318	2025-01-20 12:47:31.777654+01	2025-01-21 16:41:09.711732+01	t	2025-01-24 12:47:00+01	B	258	100.00	Einverständniserklärung für Minderjährige	1	1	1	373	5	100.00
320	2025-01-22 11:52:14.022314+01	2025-01-24 08:15:07.817305+01	t	2025-01-29 11:52:00+01	B	260	70.00	Geburtsurkunde	1	1	1	377	5	70.00
317	2025-01-20 10:11:54.576282+01	2025-01-24 08:15:25.854256+01	t	2025-01-24 10:11:00+01	B	257	50.00	Auszug Heiratsantrag	1	1	1	372	5	50.00
315	2025-01-16 14:42:11.604569+01	2025-01-24 08:15:38.263833+01	t	2025-01-16 14:41:00+01	B	255	130.00	Decizie recalculare pensie	1	1	1	289	5	130.00
319	2025-01-20 17:47:48.871505+01	2025-01-24 08:17:32.290425+01	t	2025-01-24 17:47:00+01	B	259	50.00	Geburtsurkunde	2	1	1	374	5	50.00
321	2025-01-22 12:00:45.078794+01	2025-01-24 08:18:28.82723+01	t	2025-01-31 12:00:00+01	B	261	0.00	Documente studii	2	1	1	378	6	0.00
302	2025-01-09 12:10:58.117621+01	2025-01-24 08:18:13.191746+01	t	2025-01-24 12:10:00+01	B	242	100.00	 Einverständniserklärung	2	1	1	318	5	100.00
312	2025-01-15 13:06:00.778927+01	2025-03-10 16:28:06.666011+01	t	2025-02-28 08:43:00+01	B	252	580.00		1	1	1	205	5	580.00
295	2024-12-19 13:16:04.591726+01	2025-01-10 11:19:29.729531+01	t	2024-12-31 13:15:00+01	B	235	95.00		1	1	1	355	5	95.00
16	2024-06-05 14:00:37.541394+02	2025-03-24 14:21:31.517063+01	f	2024-06-05 14:00:00+02	P	5	190.00	Urteil, Diplom mit Anlage zum Diplom	1	1	1	24	10	0.00
347	2025-02-07 11:15:29.020337+01	2025-02-20 17:03:28.444083+01	t	2025-02-14 11:15:00+01	B	286	50.00	Geburtsurkunde	1	1	1	412	5	50.00
342	2025-02-06 11:09:56.214913+01	2025-02-06 11:54:10.074278+01	t	2025-02-14 11:09:00+01	B	281	100.00	Vollmacht - Reisepass	1	1	1	406	5	100.00
344	2025-02-06 16:14:50.841944+01	2025-02-20 17:03:53.793144+01	t	2025-02-14 16:14:00+01	B	283	45.00	Führungszeugnis	1	1	1	409	5	45.00
338	2025-02-03 17:23:20.492028+01	2025-02-06 11:54:53.925379+01	t	2025-02-07 17:22:00+01	B	277	120.00	Vollmacht - Anwalt	2	1	1	402	5	120.00
327	2025-01-27 10:16:03.359972+01	2025-01-30 19:15:49.982841+01	t	2025-01-31 10:15:00+01	B	267	100.00	2 Geburtsurkunde	2	1	1	363	5	100.00
359	2025-02-19 09:08:37.799219+01	2025-02-21 15:52:37.28604+01	t	2025-02-28 09:07:00+01	B	297	100.00	Vollmacht 	1	1	1	430	5	100.00
334	2025-01-30 15:02:39+01	2025-01-31 11:43:41.714506+01	t	2025-02-07 15:02:00+01	B	273	100.00	Einverständniserklärung für Minderjährige	1	1	1	396	5	100.00
335	2025-01-30 15:15:20.990136+01	2025-02-06 11:55:27.416545+01	t	2025-02-07 15:14:00+01	B	274	150.00	3 Kindergeldsbescheinigung	1	1	1	91	5	150.00
324	2025-01-24 10:58:34.929223+01	2025-01-24 11:07:58.141863+01	t	2025-01-24 10:58:00+01	B	264	50.00	Erklärung	1	1	1	384	5	50.00
323	2025-01-24 08:34:09.467726+01	2025-01-24 11:08:15.715821+01	t	2025-01-24 08:34:00+01	B	263	210.00		1	1	1	383	5	210.00
362	2025-02-20 17:28:53.281086+01	2025-03-21 19:26:13.602126+01	t	2025-03-28 17:28:00+01	B	300	460.00	Studien Dokumente	1	1	1	433	7	0.00
328	2025-01-27 11:54:30.818008+01	2025-01-31 12:14:23.284248+01	t	2025-01-31 11:53:00+01	B	268	100.00	Erklärung - Verzicht auf Erbe	2	1	1	388	5	100.00
369	2025-02-26 11:04:45.411896+01	2025-02-26 12:09:32.225986+01	t	2025-02-27 11:04:00+01	B	306	80.00	Medizinische Zertifikat	1	1	1	442	5	80.00
360	2025-02-20 10:43:47.012419+01	2025-02-26 12:14:18.086091+01	t	2025-02-28 10:43:00+01	B	298	220.00	Contract	1	1	1	431	5	220.00
331	2025-01-29 16:32:32+01	2025-02-03 16:43:51.031073+01	t	2025-02-07 16:32:00+01	B	271	100.00	Einverständniserklärung für Minderjährige	1	1	1	393	5	100.00
367	2025-02-25 17:04:57.493594+01	2025-02-27 12:33:43.335758+01	t	2025-02-28 17:04:00+01	B	304	100.00	Vollmacht - Ausweis	1	1	1	441	5	100.00
346	2025-02-06 20:32:09.432448+01	2025-02-12 08:25:55.956844+01	t	2025-02-21 20:32:00+01	B	285	0.00	Geburtsurkunde	1	1	1	411	10	0.00
365	2025-02-21 11:39:23.991665+01	2025-02-27 12:28:43.79892+01	t	2025-02-28 11:39:00+01	B	303	100.00	Einverständniserklärung für Minderjährige	1	1	1	439	6	0.00
372	2025-02-27 10:22:47.468653+01	2025-03-08 17:27:49.294258+01	t	2025-03-31 10:22:00+02	B	309	245.00	Antrag Kindergeld	1	1	1	68	3	245.00
337	2025-02-03 16:50:02.941945+01	2025-02-04 15:30:34.023001+01	t	2025-02-10 16:49:00+01	B	276	0.00	2 Geburtsurkunde	2	1	1	401	6	0.00
371	2025-02-26 19:13:06.128337+01	2025-02-28 10:54:29.696926+01	t	2025-02-28 19:12:00+01	B	308	100.00	Einverständniserklärung für Minderjährige	2	1	1	444	5	100.00
370	2025-02-26 11:39:10.315889+01	2025-02-28 10:55:38.100301+01	t	2025-03-04 11:38:00+01	B	307	100.00	Vollmacht - Anwalt	2	1	1	443	5	100.00
373	2025-02-27 19:27:32.810643+01	2025-03-03 14:50:11.885398+01	t	2025-03-07 19:27:00+01	B	310	100.00	Vollmacht - Finanzamt	1	1	1	446	5	100.00
376	2025-02-28 11:49:12.828413+01	2025-03-10 16:31:36.74861+01	t	2025-03-07 11:48:00+01	B	313	295.00	Steuerbescheinigung , Beglaubigung und Apostille	1	1	1	450	5	295.00
329	2025-01-28 15:34:09.886734+01	2025-02-10 15:45:37.217468+01	t	2025-01-31 15:33:00+01	B	269	80.00	Diplom	1	1	1	390	5	80.00
341	2025-02-05 18:04:23+01	2025-02-07 11:58:07.31906+01	t	2025-02-05 18:04:00+01	B	280	-70.00	Storno	1	1	1	387	6	0.00
374	2025-02-28 10:24:06.104238+01	2025-03-05 10:39:41.955354+01	t	2025-03-07 10:23:00+01	B	311	100.00	Vollmacht - Bank	1	1	1	447	5	100.00
363	2025-02-20 17:36:43.536562+01	2025-03-07 15:20:07.722383+01	t	2025-03-03 17:36:00+01	B	301	80.00	Geburtsurkunde	1	1	1	434	5	80.00
300	2025-01-07 12:21:31.550146+01	2025-03-07 15:27:06.450407+01	t	2025-02-28 15:05:00+01	B	240	465.00		1	1	1	342	5	465.00
352	2025-02-12 11:42:08.221286+01	2025-03-08 17:24:52.989644+01	t	2025-02-12 11:41:00+01	B	291	350.00	Anlage Bruxelles	1	1	1	415	5	350.00
343	2025-02-06 16:09:34.57449+01	2025-02-11 11:30:56.883463+01	t	2025-02-06 16:09:00+01	B	282	100.00	Vollmacht - Vertretung Rentenversicherung	1	1	1	408	5	100.00
330	2025-01-29 16:23:29.117148+01	2025-02-11 11:31:19.675339+01	t	2025-02-07 16:22:00+01	B	270	200.00	Erklärung - Erbe	1	1	1	392	5	200.00
325	2025-01-24 12:21:01.682494+01	2025-03-10 16:28:23.079141+01	t	2025-02-28 12:20:00+01	B	265	480.00	Ledigkeitsbescheinigung und neue Geburtsurkunde (pe drum)	1	1	1	385	5	480.00
332	2025-01-30 09:38:01.622089+01	2025-02-11 13:27:39.05227+01	t	2025-02-21 09:37:00+01	B	272	190.00	Kindergeldsdokumente	1	1	1	394	1	0.00
377	2025-03-01 13:17:27.036975+01	2025-03-10 16:30:51.724603+01	t	2025-03-04 13:17:00+01	B	314	30.00	Geburtsurkunde	1	1	1	451	5	30.00
336	2025-02-03 14:00:38.215648+01	2025-02-12 12:08:36.16673+01	t	2025-03-31 11:59:00+02	B	275	130.00		1	1	1	399	5	130.00
339	2025-02-05 17:01:36.771036+01	2025-02-12 12:09:11.051096+01	t	2025-02-15 17:00:00+01	B	278	100.00	2 Geburtsurkunde	2	1	1	405	5	100.00
340	2025-02-05 17:17:46.275861+01	2025-02-12 12:09:57.294115+01	t	2025-02-14 17:17:00+01	B	279	50.00	Geburtsurkunde	1	1	1	161	5	50.00
353	2025-02-12 16:57:34.14657+01	2025-02-18 11:10:28.547608+01	t	2025-02-21 16:57:00+01	B	292	100.00	Vollmacht - Vertretung	1	1	1	421	5	100.00
354	2025-02-13 09:51:36.193421+01	2025-02-18 11:10:43.806028+01	t	2025-02-21 09:51:00+01	B	293	100.00	Erklärung	1	1	1	422	5	100.00
355	2025-02-13 13:52:58.84626+01	2025-02-18 11:10:54.061265+01	t	2025-02-21 13:52:00+01	B	294	100.00	Antrag	1	1	1	423	5	100.00
350	2025-02-12 08:34:45.773335+01	2025-02-14 10:31:50.811771+01	t	2025-02-21 08:34:00+01	B	289	270.00	4 Vollmacht - Vertretung	1	1	1	418	6	0.00
357	2025-02-14 12:05:04.262071+01	2025-02-19 15:04:54.194372+01	t	2025-02-14 12:04:00+01	B	295	135.00	3 Führerschein	1	1	1	425	5	135.00
349	2025-02-12 08:28:30.096939+01	2025-02-19 15:15:35.523835+01	t	2025-02-18 08:28:00+01	B	288	100.00	Erklärung	1	1	1	417	6	0.00
345	2025-02-06 16:47:27.726025+01	2025-02-19 15:18:04.482786+01	t	2025-02-21 16:47:00+01	B	284	50.00	Geburtsurkunde	1	1	1	410	5	50.00
294	2024-12-19 13:06:11.99279+01	2025-02-19 15:23:38.656821+01	t	2025-02-28 09:27:00+01	B	234	460.00		1	1	1	333	5	460.00
364	2025-02-21 10:34:26.788847+01	2025-03-21 19:26:30.983543+01	t	2025-03-28 10:33:00+01	B	302	220.00	Auszug Geburtsurkunde (de livrat)	1	1	1	438	9	220.00
322	2025-01-23 14:53:56.507667+01	2025-01-24 15:13:39.631808+01	t	2025-01-31 14:53:00+01	B	262	100.00	Vollmacht - Studiendokumente	1	1	1	382	5	100.00
351	2025-02-12 11:31:20.787539+01	2025-02-20 17:02:22.205246+01	t	2025-02-21 11:31:00+01	B	290	160.00	Urteil	1	1	1	419	5	160.00
398	2025-03-17 07:17:19.187942+01	2025-03-24 13:54:32.559839+01	t	2025-03-25 07:16:00+01	B	334	45.00	Zertifikat	1	1	1	485	5	45.00
394	2025-03-10 17:38:08.04607+01	2025-03-12 08:18:36.062062+01	t	2025-03-14 17:34:00+01	B	331	0.00	3 Führungszeugnis, 4 Meldebescheinigung	1	1	1	246	10	0.00
30	2024-06-11 09:57:36.256718+02	2024-06-13 08:32:22.008703+02	t	2024-06-11 09:57:00+02	B	23	110.00	Vollmacht zur Vertretung bei der Scheidung	1	1	1	55	5	0.00
70	2024-07-16 12:24:46.697726+02	2025-03-24 14:22:28.586383+01	f	2024-07-16 12:24:00+02	P	14	45.00	1 Heiratsurkunde und 2 Geburtsurkunden - Varga	1	1	1	24	10	0.00
112	2024-08-09 12:34:04.861862+02	2025-03-24 14:23:54.681832+01	f	2024-08-15 12:34:00+02	P	23	15.00	Geburtsurkunde - Matvei	1	1	1	24	10	0.00
154	2024-09-10 09:00:27.929472+02	2025-03-24 14:25:17.231852+01	f	2024-09-13 09:00:00+02	P	32	15.00	Adeverinta alocatie - Lazar	1	1	1	24	10	0.00
382	2025-03-04 15:37:46.304901+01	2025-03-07 12:54:12.475028+01	t	2025-03-14 15:37:00+01	B	319	100.00	Vollmacht - Geburtsurkunde	1	1	1	458	5	100.00
379	2025-03-03 10:16:26.422925+01	2025-03-10 15:21:12.65194+01	t	2025-03-14 10:16:00+01	B	316	65.00	Bescheinigung	1	1	1	453	5	65.00
388	2025-03-10 10:29:05.994518+01	2025-03-12 11:30:18.281525+01	t	2025-03-14 10:27:00+01	B	325	100.00	Vollmacht - Renteversicherung	1	1	1	456	5	100.00
390	2025-03-10 13:17:17.191698+01	2025-03-12 11:31:40.106924+01	t	2025-03-12 13:15:00+01	B	327	45.00	Anschreiben	1	1	1	475	5	45.00
381	2025-03-03 15:01:32.355918+01	2025-03-05 10:39:18.890633+01	t	2025-03-14 15:01:00+01	B	318	100.00	Vollmacht - Kindergeld	1	1	1	456	5	100.00
378	2025-03-01 15:03:41.802136+01	2025-03-05 10:40:06.266934+01	t	2025-03-05 15:03:00+01	B	315	50.00	Heiratsurkunde	1	1	1	452	5	50.00
380	2025-03-03 11:27:38.96764+01	2025-03-13 08:31:43.500878+01	t	2025-03-14 11:27:00+01	B	317	100.00	Vollmacht - PFA	1	1	1	454	5	100.00
384	2025-03-06 17:19:37.340379+01	2025-03-13 08:32:07.68156+01	t	2025-03-14 17:19:00+01	B	321	100.00	Vollmacht - Ausweis	1	1	1	465	5	100.00
392	2025-03-10 16:20:44.222906+01	2025-03-21 19:26:44.184893+01	t	2025-03-28 16:20:00+01	B	329	170.00	2 Geburtsurkunde	1	1	1	105	4	170.00
366	2025-02-21 21:39:12.415004+01	2025-03-06 06:46:53.096849+01	f	2025-02-28 21:38:00+01	P	59	77.35	4 Meldebescheinigungen, 3 Fürungszeugnisse	1	1	1	89	5	77.35
391	2025-03-10 16:16:59.6076+01	2025-03-21 09:28:07.611461+01	t	2025-03-14 16:16:00+01	B	328	45.00	Führerschein	1	1	1	476	5	45.00
385	2025-03-06 17:27:23.724308+01	2025-03-07 11:25:34.481401+01	t	2025-03-14 17:27:00+01	B	322	100.00	Einverständniserklärung für Minderjährige	1	1	1	466	5	100.00
389	2025-03-10 11:42:38.845054+01	2025-03-10 12:06:01.146355+01	t	2025-03-21 11:41:00+01	B	326	100.00	Vollmacht - Anlage 9	1	1	1	474	1	0.00
176	2024-09-18 16:50:37.315475+02	2024-09-19 08:31:46.367419+02	f	2024-09-18 16:50:00+02	P	44	41.60	Arbeitgeberbescheinigung - Yeshchenko	1	1	1	42	5	41.60
282	2024-12-07 14:25:33.061308+01	2024-12-10 16:50:52.127115+01	t	2024-12-13 14:25:00+01	B	222	100.00	Einverständniserklärung für Minderjährige	1	1	1	344	5	100.00
386	2025-03-07 12:35:36.881437+01	2025-03-11 09:29:04.742655+01	t	2025-03-14 12:35:00+01	B	323	100.00	Vollmacht - Geburtsurkunde	1	1	1	471	5	100.00
109	2024-08-08 13:37:21.360167+02	2024-08-12 12:38:30.41859+02	t	2024-08-15 13:37:00+02	B	87	50.00	Geburtsurkunde	1	1	1	147	5	0.00
55	2024-07-03 07:19:57.323518+02	2024-07-03 12:39:22.655024+02	t	2024-07-03 10:19:00+02	B	45	40.00	Vollmacht - Verkauf des Autos	1	1	1	97	5	0.00
78	2024-07-23 08:42:51.758805+02	2024-07-25 13:12:41.877676+02	t	2024-07-26 08:42:00+02	B	61	240.00	Urteil	1	1	1	114	5	0.00
383	2025-03-05 14:39:46.861553+01	2025-03-07 11:25:24.791985+01	t	2025-03-14 14:39:00+01	B	320	100.00	Einverständniserklärung für Minderjährige	1	1	1	461	5	100.00
96	2024-07-31 07:29:31.346982+02	2024-07-31 12:49:11.898672+02	t	2024-08-02 07:29:00+02	B	75	55.00	Einverständniserklärung für Minderjährige	1	1	1	132	5	0.00
118	2024-08-14 07:52:56.807456+02	2024-08-16 09:17:57.844386+02	t	2024-08-23 07:52:00+02	B	94	90.00	Vollmacht - Vertretung Bank	1	1	1	160	5	0.00
68	2024-07-16 11:38:01.875204+02	2024-08-16 17:54:37.693806+02	t	2024-07-16 11:38:00+02	B	55	0.00	Einverständniserklärung für Minderjährige	1	1	1	106	6	0.00
175	2024-09-18 16:48:55.28423+02	2024-09-19 08:31:32.418494+02	t	2024-09-18 16:48:00+02	B	132	95.00	Arbeitgeberbescheinigung	1	1	1	215	5	95.00
114	2024-08-09 17:40:37.161016+02	2024-08-12 15:22:17.577377+02	t	2024-08-14 17:40:00+02	B	90	75.00	Einverständniserklärung für Minderjährige	1	1	1	152	5	0.00
135	2024-09-02 13:56:24.981093+02	2025-03-08 17:25:16.955185+01	t	2025-02-20 13:55:00+01	B	108	610.00	Vermittlung - Scheidungsurkunde	1	1	1	180	5	610.00
190	2024-09-23 15:57:01.004461+02	2024-10-01 08:42:33.147699+02	t	2024-09-30 15:56:00+02	B	139	85.00	Geburtsurkunde 	1	1	1	226	5	85.00
254	2024-11-12 10:49:21.074758+01	2024-11-14 11:13:54.65699+01	t	2024-11-13 10:46:00+01	B	194	50.00	Bestätigung Arbeitsverhältnis	1	1	1	194	5	50.00
250	2024-11-07 15:32:58.164849+01	2024-11-12 11:43:15.848864+01	t	2024-11-14 15:32:00+01	B	191	50.00	Geburtsurkunde	1	1	1	303	5	50.00
255	2024-11-12 11:12:24.419474+01	2024-11-13 14:54:53.335417+01	t	2024-11-13 11:12:00+01	B	195	30.00	Einverständniserklärung für Minderjährige	1	1	1	277	5	30.00
236	2024-10-25 10:18:43.482301+02	2024-10-28 10:46:28.860472+01	t	2024-11-01 10:18:00+01	B	177	100.00	Einverständniserklärung für Minderjährige	1	1	1	291	5	100.00
301	2025-01-08 13:58:39.363915+01	2025-01-24 15:13:21.836728+01	t	2025-01-17 13:57:00+01	B	241	0.00	Vollmacht Reisepass und Einverständniserklärung	1	1	1	361	6	0.00
285	2024-12-10 16:31:30.566635+01	2024-12-19 13:10:45.042572+01	t	2024-12-13 16:29:00+01	B	225	125.00	Empfehlungsschreiben und Bescheinigung	1	1	1	347	5	125.00
284	2024-12-10 14:18:58.979643+01	2024-12-11 19:52:22.268815+01	t	2024-12-11 14:18:00+01	B	224	140.00	Einverständniserklärung für Minderjährige und Vollmacht für Ausweis	1	1	1	346	5	140.00
375	2025-02-28 11:11:01.102207+01	2025-03-13 08:33:40.085956+01	t	2025-03-28 11:06:00+01	B	312	520.00	Antrg Heiratsurkunde	1	1	1	295	4	520.00
361	2025-02-20 17:18:17.969397+01	2025-02-21 09:19:31.179264+01	t	2025-02-27 17:18:00+01	B	299	100.00	Einverständniserklärung für Minderjährige	1	1	1	432	5	100.00
358	2025-02-18 14:31:29.42887+01	2025-03-08 17:25:43.969625+01	t	2025-02-21 14:31:00+01	B	296	98.00	Diplom und Anhang	1	1	1	429	5	98.00
348	2025-02-10 13:51:55.990533+01	2025-02-19 15:07:39.362137+01	t	2025-02-14 13:51:00+01	B	287	75.00	Einverständniserklärung für Minderjährige	1	1	1	414	6	0.00
393	2025-03-10 17:23:39.377433+01	2025-03-15 13:20:55.009853+01	t	2025-03-22 17:23:00+01	B	330	270.00	2 Erklärung	1	1	1	478	2	270.00
399	2025-03-17 12:46:52.538085+01	2025-03-17 12:47:18.90292+01	t	2025-03-17 12:46:00+01	B	335	50.00	Antrag Finanzamt	1	1	1	68	5	50.00
387	2025-03-08 09:06:36.467177+01	2025-03-18 15:31:18.307234+01	t	2025-03-14 09:06:00+01	B	324	150.00	Vollmacht - Reisepass	1	1	1	473	6	0.00
417	2025-03-13 13:58:43+01	2025-03-24 13:59:25+01	f	2025-03-20 13:58:00+01	P	68	30.00	2 certificate Hariuc - colationare	1	1	1	24	5	0.00
402	2025-03-17 15:30:35.318053+01	2025-03-21 09:23:57.469029+01	t	2025-03-28 15:30:00+01	B	338	85.00	Diplom	1	1	1	489	7	85.00
400	2025-03-17 13:59:39.700027+01	2025-03-21 19:27:31.464128+01	t	2025-03-22 13:59:00+01	B	336	100.00	2 Medizinische Zertifikate	1	1	1	486	9	100.00
419	2025-03-07 16:04:20+01	2025-03-24 16:05:21+01	f	2025-03-24 16:03:00+01	P	70	55.00	Bestätigung Botschaft Rumäniens in Berlin	1	1	1	467	5	55.00
407	2025-03-18 15:01:10.197653+01	2025-03-24 12:55:31.740589+01	f	2025-03-21 15:00:00+01	P	62	59.50	Bescheinigungen Natalia und Oleksii Palchun	1	1	1	494	5	59.50
397	2025-03-14 11:22:08.313059+01	2025-03-24 13:54:20.921774+01	t	2025-03-25 11:21:00+01	B	333	100.00	2 Ledigkeitsbescheinigung	1	1	1	483	5	100.00
418	2025-03-17 13:59:55+01	2025-03-24 14:00:04+01	f	2025-03-24 13:59:00+01	P	69	15.00	Decizie alocatie Timofte - colationare	1	1	1	24	5	0.00
408	2025-03-18 15:02:27.168193+01	2025-03-21 09:20:11.609021+01	f	2025-03-21 15:02:00+01	P	63	20.00	Übersetzung Apostille	1	1	1	89	5	0.00
411	2025-03-21 08:34:34.804816+01	2025-03-21 09:21:50.193835+01	t	2025-03-21 08:34:00+01	B	344	45.00	Certificat medical	1	1	1	504	5	45.00
404	2025-03-17 15:41:00.208443+01	2025-03-21 09:22:24.379343+01	t	2025-03-28 15:40:00+01	B	340	195.00	2 Berufszertifikate	1	1	1	490	2	195.00
403	2025-03-17 15:33:43.245874+01	2025-03-21 09:23:26.677258+01	t	2025-03-28 15:33:00+01	B	339	150.00		1	1	1	405	9	150.00
410	2025-03-18 19:41:06.386662+01	2025-03-18 19:42:22.460683+01	t	2025-03-21 19:39:00+01	B	343	248.00	Einwohnerregister, Formular A	1	1	1	502	1	0.00
406	2025-03-18 13:06:28.670357+01	2025-03-19 09:02:21.252344+01	t	2025-03-21 13:06:00+01	B	341	40.00	Übersetzung Apostille	1	1	1	493	5	40.00
409	2025-03-18 18:02:37.160053+01	2025-03-20 09:51:02.305408+01	t	2025-03-21 18:02:00+01	B	342	100.00	Erklärung - Verzicht auf Erbe	1	1	1	495	5	100.00
405	2025-03-18 10:33:03.041774+01	2025-03-21 19:23:01.79109+01	f	2025-03-21 10:32:00+01	P	61	35.70		1	1	1	491	5	35.70
412	2025-03-22 11:27:07.266122+01	2025-03-24 07:53:16.004806+01	t	2025-03-25 11:26:00+01	B	345	65.00	Kaufvertrag	1	1	1	505	7	65.00
413	2025-03-24 07:55:28.690772+01	2025-03-24 08:03:55.814695+01	f	2025-03-28 07:54:00+01	P	64	15.00	Contract auto	1	1	1	24	1	0.00
\.


--
-- Data for Name: orders_orderelement; Type: TABLE DATA; Schema: public; Owner: postgres
--

COPY public.orders_orderelement (id, description, quantity, price, order_id, service_id, status_id, um_id) FROM stdin;
4	Vollmacht - Ledigkeitsbescheinigung	1	25.00	2	2	5	1
5	Rumänisch-Deutsch	1	30.00	2	1	5	1
55	Rumänisch-Deutsch	1	40.00	32	1	5	1
48	Vollmacht zur Vertretung in der Erbfolge	1	40.00	29	2	5	1
49	Beglaubigung der Unterschrift	1	30.00	29	3	5	1
15	Rumänisch-Deutsch	1	15.00	8	1	10	1
35		1	30.00	21	3	5	1
57	Lohnsteuerbescheinigung	1	25.00	34	4	5	1
10	Vollmacht - Anwalt	1	40.50	4	2	5	1
33	Englisch-Deutsch	1	110.00	20	1	5	1
7	Einverständniserklärung für Minderjährige	1	25.00	3	2	5	1
8	Rumänisch-Deutsch	1	30.00	3	1	5	1
32	Englisch-Deutsch	1	175.00	19	1	5	1
11		1	30.00	4	3	5	1
6		1	20.00	2	3	5	1
58	Rumänisch-Deutsch	1	100.00	35	1	5	1
1	Vollmacht - Verkauf des Autos	1	25.00	1	2	5	1
2	Rumänisch-Deutsch	1	30.00	1	1	5	1
3		1	20.00	1	3	5	1
39	Vollmacht - Ausweis	1	25.00	23	2	6	1
790	Rumänisch-Deutsch	1	40.00	419	1	5	1
36	Vollmacht - Vertretung	1	25.00	22	2	5	1
29	Vollmacht - Pässe	1	55.00	18	2	5	1
30	Erklärung	1	50.00	18	2	5	1
31		1	20.00	18	3	5	1
12	Rumänisch-Deutsch	2	50.00	5	1	5	1
14	Rumänisch-Deutsch	1	40.00	7	1	5	1
26	Vollmacht -  Einschulung	1	25.00	17	2	5	1
9		1	20.00	3	3	5	1
27	Rumänisch-Deutsch	1	30.00	17	1	5	1
28		1	20.00	17	3	5	1
34	Erklärung	1	30.00	21	2	5	1
20	Bankkarte beantragen	1	50.00	12	6	5	1
21	Bankkarte beantragen	1	50.00	13	6	5	1
18	Einverständniserklärung für Minderjährige	1	45.00	11	2	6	1
19	Rumänisch-Deutsch	1	55.00	11	1	6	1
37	Rumänisch-Deutsch	1	30.00	22	1	5	1
38		1	20.00	22	3	5	1
40	Vollmacht - Reisepass	1	25.00	23	2	6	1
16	Rumänisch-Deutsch	1	45.00	9	1	5	1
41	Rumänisch-Deutsch	2	30.00	23	1	6	1
59	Einverständniserklärung für Minderjährige	1	25.00	36	2	5	1
60	Rumänisch-Deutsch	1	30.00	36	1	5	1
61		1	20.00	36	3	5	1
42		1	20.00	23	3	6	1
68	Vollmacht - Auto	1	25.00	39	2	5	1
69	Rumänisch-Deutsch	1	30.00	39	1	5	1
70		1	20.00	39	3	5	1
23	Rumänisch-Deutsch	1	220.00	15	1	5	1
45	Rumänisch-Deutsch	1	55.00	26	1	5	1
43	Rumänisch-Deutsch	2	45.00	24	1	5	1
65	Einverständniserklärung für Minderjährige	1	25.00	38	2	5	1
66	Rumänisch-Deutsch	1	30.00	38	1	5	1
67		1	20.00	38	3	5	1
56	Rumänisch-Deutsch	2	50.00	33	1	5	1
50	Vollmacht zur Vertretung bei der Scheidung	1	80.00	30	2	5	1
51	Beurkundung	1	30.00	30	3	5	1
52	Einverständniserklärung für Minderjährige	2	30.00	31	2	5	1
53	Rumänisch-Deutsch	1	35.00	31	1	5	1
54		1	20.00	31	3	5	1
62	Einverständniserklärung für Minderjährige	1	25.00	37	2	5	1
63	Rumänisch-Deutsch	1	30.00	37	1	5	1
64		1	20.00	37	3	5	1
72	Rumänisch-Deutsch	1	30.00	40	1	5	1
73		1	20.00	40	3	5	1
71	Vollmacht - Geburtsurkunde	1	25.00	40	2	5	1
74	Vollmacht - Reisetitel	1	25.00	41	2	5	1
75	Vollmacht - Pässe und Geburtsurkunden	1	25.00	41	2	5	1
76	Rumänisch-Deutsch	2	30.00	41	1	5	1
77		1	30.00	41	3	5	1
44	Rumänisch-Deutsch	2	105.00	25	1	5	1
22	Deutsch-Rumänisch	1	185.00	14	1	5	1
46	Rumänisch-Deutsch	6	45.00	27	1	5	1
327		1	9.90	181	7	5	1
84	Einverständniserklärung für Minderjährige	1	25.00	45	2	5	1
85	Rumänisch-Deutsch	1	30.00	45	1	5	1
86		1	20.00	45	3	5	1
17	Rumänisch-Deutsch	1	15.00	10	1	10	1
24	Deutsch-Rumänisch	1	80.00	16	1	10	1
25	Deutsch-Rumänisch	1	110.00	16	1	10	1
47	Rumänisch-Deutsch	6	15.00	28	1	10	1
87	Vollmacht Kennzeichnen	1	70.00	46	2	5	1
88		1	30.00	46	3	5	1
81	Einverständniserklärung für Minderjährige	1	25.00	44	2	5	1
152	Vollmacht - Vertretung	1	30.00	81	2	5	1
153	Rumänisch-Deutsch	1	30.00	81	1	5	1
154		1	25.00	81	3	5	1
82	Rumänisch-Deutsch	1	30.00	44	1	5	1
83		1	20.00	44	3	5	1
78	Rumänisch-Deutsch	1	58.00	42	1	5	1
110	Rumänisch-Deutsch	1	60.00	59	1	5	1
111	Englisch-Deutsch	1	60.00	59	1	5	1
112		1	5.00	59	7	5	1
108	Rumänisch-Deutsch	1	50.00	57	1	5	1
149	Einverständniserklärung für Minderjährige	1	25.00	80	2	5	1
150	Rumänisch-Deutsch	1	30.00	80	1	5	1
151		1	20.00	80	3	5	1
129	Einverständniserklärung für Minderjährige	1	30.00	68	2	6	1
130	Rumänisch-Deutsch	1	40.00	68	1	6	1
131		1	30.00	68	3	6	1
233	Visitenkarten	1	45.00	124	2	5	1
106	Rumänisch-Deutsch	2	30.00	56	1	5	1
93	Rumänisch-Deutsch	1	185.00	49	1	5	1
107		2	20.00	56	3	5	1
286		1	100.00	155	4	5	1
126	Vollmacht - Pässe	1	25.00	67	2	10	1
132	Rumänisch-Deutsch	1	45.00	69	1	5	1
133	Rumänisch-Deutsch	2	45.00	69	1	5	1
134		1	5.00	69	7	5	1
100	Spanisch-Deutsch	1	17.85	52	1	10	1
97	Einverständniserklärung für Minderjährige	1	25.00	51	2	5	1
98	Rumänisch-Deutsch	1	30.00	51	1	5	1
99		1	20.00	51	3	5	1
89	Einverständniserklärung für Minderjährige	1	25.00	47	2	5	1
90	Rumänisch-Deutsch	1	30.00	47	1	5	1
91		1	20.00	47	3	5	1
94	Einverständniserklärung für Minderjährige	1	25.00	50	2	5	1
95	Rumänisch-Deutsch	1	30.00	50	1	5	1
96		1	20.00	50	3	5	1
141	Russisch-Deutsch	1	25.00	73	1	5	1
139	Russisch-Deutsch	1	40.00	72	1	5	1
140		1	5.00	72	7	5	1
101	Tschechisch-Deutsch	1	315.00	53	1	5	1
156	Rumänisch-Deutsch	1	30.00	82	1	5	1
103	Vollmacht - Verkauf des Autos	1	40.00	55	2	5	1
136	Einverständniserklärung für Minderjährige	1	30.00	71	2	5	1
92	Spanisch-Deutsch	1	70.00	48	1	5	1
102	Tschechisch-Deutsch	1	172.55	54	1	5	1
137	Rumänisch-Deutsch	1	30.00	71	1	5	1
138		1	20.00	71	3	5	1
114	Vollmacht - Anwalt	1	30.00	61	2	6	1
115	Rumänisch-Deutsch	1	40.00	61	1	6	1
116		1	30.00	61	3	6	1
117	Einverständniserklärung für Minderjährige	1	30.00	62	2	5	1
118	Rumänisch-Deutsch	1	40.00	62	1	5	1
121	Einverständniserklärung für Minderjährige	1	20.00	65	2	5	1
122	Rumänisch-Deutsch	1	30.00	65	1	5	1
123	Vollmacht - Geburtsurkunde	1	30.00	66	2	5	1
124	Rumänisch-Deutsch	1	40.00	66	1	5	1
119	Rumänisch-Deutsch	1	50.00	63	1	5	1
145		1	5.00	76	7	5	1
144	Rumänisch-Deutsch	1	145.00	76	1	5	1
142	Rumänisch-Deutsch	1	150.00	74	1	5	1
157		1	20.00	82	3	5	1
147	Rumänisch-Deutsch	1	240.00	78	1	5	1
225	Rumänisch-Deutsch	1	40.00	121	1	5	1
155	Einverständniserklärung für Minderjährige	1	25.00	82	2	5	1
308	Rumänisch-Deutsch	1	30.00	168	1	5	1
270		1	30.00	147	3	5	1
258	Einverständniserklärung für Minderjährige	1	25.00	139	2	5	1
260		1	20.00	139	3	5	1
661	Erklärung	1	35.00	349	2	6	1
127	Rumänisch-Deutsch	2	30.00	67	1	10	1
128		2	20.00	67	3	10	1
109	Rumänisch-Deutsch	1	15.00	58	1	10	1
113	Rumänisch-Deutsch	1	15.00	60	1	10	1
120	Rumänisch-Deutsch	1	15.00	64	1	10	1
135	Rumänisch-Deutsch	3	15.00	70	1	10	1
143	Rumänisch-Deutsch	1	60.00	75	1	10	1
146	Rumänisch-Deutsch	1	75.00	77	1	10	1
148	Rumänisch-Deutsch	1	80.00	79	1	10	1
192	Rumänisch-Deutsch	1	15.00	104	1	10	1
195	Vollmacht - Geburtsurkunde	1	35.00	106	2	5	1
196	Rumänisch-Deutsch	1	35.00	106	1	5	1
172	Vollmacht - Ledigkeitsbescheinigung	1	35.00	92	2	5	1
174		1	30.00	92	3	5	1
170		1	50.00	91	3	5	1
272	Rumänisch-Deutsch	1	35.00	148	1	5	1
179	Einverständniserklärung für Minderjährige	1	25.00	96	2	5	1
175	Einverständniserklärung für Minderjährige	1	25.00	93	2	5	1
207	Rumänisch-Deutsch	1	15.00	112	1	10	1
191		1	250.00	103	3	5	1
181	Einverständniserklärung für Minderjährige	1	30.00	97	2	5	1
290	Rumänisch-Deutsch	1	190.00	103	1	5	1
240		1	30.00	129	3	5	1
229	Rumänisch-Deutsch	1	50.00	123	1	5	1
230		1	20.00	123	3	5	1
232	Rumänisch-Deutsch	1	35.00	123	1	5	1
201	Einverständniserklärung für Minderjährige	1	25.00	108	2	5	1
203		1	20.00	108	3	5	1
199	Rumänisch-Deutsch	1	30.00	107	1	5	1
177	Rumänisch-Deutsch	1	465.00	94	1	5	1
208	Rumänisch-Deutsch	1	15.00	113	1	10	1
189	Ukrainisch - Deutsch	1	180.00	102	1	5	1
205	Rumänisch-Deutsch	1	50.00	110	1	5	1
210	Rumänisch-Deutsch	1	30.00	114	1	5	1
193	Einverständniserklärung für Minderjährige	1	25.00	105	2	5	1
235	Rumänisch-Deutsch	1	45.00	126	1	10	1
237	Rumänisch-Deutsch	1	45.00	128	1	10	1
268	Vollmacht - Rente	1	35.00	147	2	5	1
242	Rumänisch-Deutsch	1	55.00	131	1	5	1
245		1	30.00	132	3	5	1
246	Vollmacht - Vertretung	1	45.00	133	2	5	1
219	Vollmacht - Vertretung Bank	1	30.00	118	2	5	1
221		1	25.00	118	3	5	1
215	Rumänisch-Deutsch	1	35.00	116	1	5	1
217	Vollmacht - Rücknahme der Schulakte	1	30.00	117	2	5	1
248	Rumänisch-Deutsch	1	30.00	134	1	5	1
212	Einverständniserklärung für Minderjährige	1	35.00	115	2	5	1
187	In Romania din 12 august	1	100.00	100	3	5	1
227	Rumänisch-Deutsch	1	40.00	122	1	5	1
294		1	40.00	157	3	5	1
291	Erklärung Name	1	30.00	156	2	5	1
283	Rumänisch-Deutsch	1	50.00	153	1	5	1
298	Apostille - Vertrag	1	25.00	161	4	5	1
264	Französisch-Deutsch	1	23.80	143	1	5	1
262	Französisch-Deutsch	1	45.00	141	1	5	1
256	Deutsch-Rumänisch	1	35.00	138	1	5	1
300	Beglaubigung - Kopie	1	11.90	163	3	5	1
252	Rumänisch-Deutsch	1	35.00	136	1	5	1
253		1	20.00	136	3	5	1
302	Lycamobile 10	3	10.00	165	9	5	1
287	Deutsch-Rumänisch	1	120.00	155	1	5	1
274	Rumänisch-Deutsch	1	165.00	149	1	5	1
276	Rumänisch-Deutsch	1	48.00	149	1	5	1
105	Einverständniserklärung für Minderjährige	2	25.00	56	2	5	1
306		1	35.00	167	3	5	1
312		1	3.55	170	7	5	1
304	Einverständniserklärung für Minderjährige	1	25.00	167	2	5	1
313	Abo E-Plus	1	8.99	171	9	5	1
317	Deutsch-Englisch	1	95.00	175	1	5	1
320	Abo / 16.09.2024 - 16.10.2024	1	26.34	177	9	5	1
319		1	1.60	176	7	5	1
278	Arbeitsvertrag und Bestätigung	1	44.00	151	3	5	1
280	Deutsch-Rumänisch	1	120.00	151	1	5	1
266	Rumänisch-Deutsch	1	15.00	145	1	10	1
224	Vollmacht - Vertretung Gymnasium	1	30.00	121	2	5	1
211		1	20.00	114	3	5	1
226		1	30.00	121	3	5	1
741		1	30.00	386	3	5	1
243	Vollmacht - Reisepass	1	35.00	132	2	5	1
244	Rumänisch-Deutsch	1	35.00	132	1	5	1
309		1	20.00	168	3	5	1
159	Rumänisch-Deutsch	1	15.00	84	1	10	1
284	Rumänisch-Deutsch	1	15.00	154	1	10	1
328		1	4.61	182	9	5	1
310	Rumänisch-Deutsch	1	100.00	169	1	5	1
296	Rumänisch-Deutsch	1	45.00	159	1	5	1
223	Ukrainisch - Deutsch	1	52.00	120	1	5	1
314	Rumänisch-Deutsch	1	30.00	172	1	10	1
316	Rumänisch-Deutsch	1	15.00	174	1	10	1
791	mit Ruckschein	1	15.00	419	7	5	1
167	Rumänisch-Deutsch	1	15.00	90	1	10	1
190		1	70.00	103	2	5	1
222	Ukrainisch - Deutsch	1	90.00	119	1	5	1
289		1	100.00	103	4	5	1
161	Rumänisch-Deutsch	1	55.00	86	1	5	1
165	Rumänisch-Deutsch	1	55.00	88	1	5	1
297	Rumänisch-Deutsch	1	15.00	160	1	10	1
271	Vollmacht - Vormund	1	35.00	148	2	5	1
197		1	30.00	106	3	5	1
273		1	30.00	148	3	5	1
238	Vollmacht - Vertretung	1	70.00	129	2	5	1
228	Vollmacht - Vertretung Minderjähriger	1	50.00	123	2	5	1
231	Vollmacht - Vertretung Erwachsener	1	40.00	123	2	5	1
236	Rumänisch-Deutsch	1	180.00	127	1	5	1
241	Vollmacht - Vertretung	1	50.00	130	2	5	1
160	Rumänisch-Deutsch	1	70.00	85	1	5	1
234	Rumänisch-Deutsch	1	210.00	125	1	5	1
171	Vollmacht - Geburtsurkunde	1	35.00	92	2	5	1
173	Rumänisch-Deutsch	2	35.00	92	1	5	1
168	Vollmacht - Vertretung	2	30.00	91	2	5	1
169	Rumänisch-Deutsch	2	20.00	91	1	5	1
180	Rumänisch-Deutsch	1	30.00	96	1	5	1
176	Rumänisch-Deutsch	1	30.00	93	1	5	1
178	Rumänisch-Deutsch	1	230.00	95	1	5	1
182	Rumänisch-Deutsch	1	35.00	97	1	5	1
293	Erklärung	1	60.00	157	2	5	1
292	Rumänisch-Deutsch	1	30.00	156	1	5	1
247	Vollmacht - Geburtsurkunde	1	30.00	134	2	5	1
200	Vollmacht Reisepass	1	25.00	108	2	5	1
202	Rumänisch-Deutsch	2	30.00	108	1	5	1
198	Vollmacht - Reisepass	1	25.00	107	2	5	1
299	Beglaubigung - Kopie	1	11.90	162	3	5	1
261	Beglaubigung, Apostille und Übersetzungen	1	410.00	140	8	5	1
188	Rumänisch-Deutsch	1	50.00	101	1	5	1
158	Rumänisch-Deutsch	1	55.00	83	1	5	1
301	Ablagekorb	4	2.50	164	9	5	1
186	Rumänisch-Deutsch	1	65.00	99	1	5	1
162	Vollmacht - Seidungsurkunde	1	30.00	87	2	5	1
163	Rumänisch-Deutsch	1	40.00	87	1	5	1
164		1	30.00	87	3	5	1
204	Rumänisch-Deutsch	1	50.00	109	1	5	1
194	Rumänisch-Deutsch	1	30.00	105	1	5	1
209	Einverständniserklärung für Minderjährige	1	25.00	114	2	5	1
285		1	80.00	155	3	5	1
259	Rumänisch-Deutsch	1	30.00	139	1	5	1
288		1	50.00	155	7	5	1
265	Apostille - Jahreszeugnis	1	25.00	144	4	5	1
255	Vollmacht - Auto	1	35.00	138	2	5	1
257		1	30.00	138	3	5	1
220	Rumänisch-Deutsch	1	35.00	118	1	5	1
214	Vollmacht - Vertretung	1	30.00	116	2	5	1
216		1	25.00	116	3	5	1
218	Rumänisch-Deutsch	1	30.00	117	1	5	1
206	Rumänisch-Deutsch	1	68.00	111	1	5	1
213	Rumänisch-Englisch	1	40.00	115	1	5	1
267	Rumänisch-Deutsch	1	60.00	146	1	5	1
251	Vollmacht - Vertretung	1	35.00	136	2	5	1
263	Lebenslauf	1	40.00	142	2	5	1
311		1	4.25	170	7	5	1
277	Russisch-Deutsch	1	30.00	150	1	5	1
275	Rumänisch-Deutsch	1	95.00	149	1	5	1
305	Rumänisch-Deutsch	1	25.00	167	1	5	1
338	Deutsch-Rumänisch	1	30.00	186	1	10	1
282	Ukrainisch - Deutsch (Diplom und Anhang)	1	185.00	152	1	5	1
303	Ukrainisch - Deutsch	1	80.00	166	1	5	1
295	Vollmacht	1	40.00	158	2	5	1
279	Arbeitsvertrag	1	100.00	151	4	5	1
281		1	35.00	151	7	5	1
321	Buchhaltung - September 2024	1	18.47	178	9	5	1
737	Rumänisch-Deutsch	1	35.00	385	1	5	1
166	Rumänisch-Deutsch	1	15.00	89	1	10	1
318	Deutsch-Englisch	1	40.00	176	1	5	1
322	Vollmacht - Erbfolge	1	35.00	179	2	5	1
323	Rumänisch-Deutsch	1	35.00	179	1	5	1
307	Vollmacht - Auto	1	20.00	168	2	5	1
333	Vollmacht - Ledigkeitsbescheinigung	1	385.00	185	8	5	1
324	Einverständniserklärung für Minderjährige	1	30.00	180	2	5	1
325	Rumänisch-Deutsch	1	30.00	180	1	5	1
326		1	25.00	180	3	5	1
254	Anträge zum ausfüllen	1	240.00	137	2	5	1
372		1	250.00	205	4	10	1
349	Rumänisch-Deutsch	1	15.00	191	1	10	1
365	Rumänisch-Deutsch	1	60.00	201	1	10	1
269	Rumänisch-Deutsch	1	35.00	147	1	5	1
366	Rumänisch-Deutsch	1	15.00	202	1	10	1
454		1	40.00	239	7	5	1
339	Beglaubigung Unterschrift	1	20.00	187	9	5	1
340	Vollzugsgebühr	1	20.00	187	9	5	1
341	Post	1	8.00	187	7	5	1
342	Dokumentenpauschale (2 Kopien)	1	1.00	187	9	5	1
343	Umsatzsteuer 19%	1	9.31	187	9	5	1
344	Eintragung UVZ UBegl.  o.E.	1	2.50	187	9	5	1
315	Rumänisch-Deutsch	1	60.00	173	1	6	1
347	Prio - F1011C185E002DDE6F11	1	2.70	189	7	5	1
391	Rumänisch-Deutsch	1	40.00	212	1	5	1
358	Italienisch-Deutsch	1	290.00	196	1	5	1
329	Deutsch-Rumänisch	1	100.00	183	1	5	1
383	Rumänisch-Deutsch	1	35.00	209	1	5	1
384		1	30.00	209	3	5	1
390	Einverständniserklärung für Minderjährige	1	35.00	212	2	5	1
330	Vollmach - Erbfolge	1	35.00	184	2	5	1
331	Rumänisch-Deutsch	1	35.00	184	1	5	1
332		1	30.00	184	3	5	1
348	Englisch-Rumänisch	1	85.00	190	1	5	1
350	Rumänisch-Deutsch	1	50.00	192	1	5	1
382	Vollmacht - Erbfolge	1	35.00	209	2	5	1
397	Erklärung - Eigentum	1	20.00	215	2	5	1
398	Rumänisch-Deutsch	1	50.00	215	1	5	1
399		1	25.00	215	3	5	1
351	Nayarova 04.07.2024	1	28.60	193	1	5	1
352	Dorofieieva 25.07.2024	1	40.50	193	1	5	1
353	Brunova 25.07.2024	1	109.00	193	1	5	1
393	Einverständniserklärung für Minderjährige	1	35.00	214	2	5	1
394	Vollmacht - Reisepass	1	35.00	214	2	5	1
354	Huziev 04.07.2024	1	93.00	194	1	5	1
355	Dorofieiev 25.07.2024	1	155.00	194	1	5	1
356	Dorofieieva 25.07.2024	1	288.00	194	1	5	1
395	Rumänisch-Deutsch	2	35.00	214	1	5	1
357	Rumänisch-Deutsch	1	20.00	195	1	5	1
396		1	30.00	214	3	5	1
404	Vollmacht - Vertretung Bank	1	35.00	217	2	5	1
405	Rumänisch-Deutsch	1	35.00	217	1	5	1
406		1	25.00	217	3	5	1
400	Einverständniserklärung für Minderjährige	1	35.00	216	2	5	1
401	Vollmacht - Reisepass	1	35.00	216	2	5	1
402	Rumänisch-Deutsch	2	35.00	216	1	5	1
403		1	30.00	216	3	5	1
367	Italienisch-Rumänisch	1	45.00	203	1	5	1
378	Überbeglaubigung	1	25.00	203	4	5	1
79	Rumänisch-Deutsch	1	50.00	43	1	5	1
80	Rumänisch-Deutsch	1	60.00	43	1	5	1
345	Rumänisch-Deutsch	1	45.00	188	1	5	1
346		1	5.00	188	7	5	1
379		1	1.60	203	7	5	1
359	Vollmacht - Auto	1	35.00	197	2	5	1
360	Rumänisch-Deutsch	1	35.00	197	1	5	1
361		1	30.00	197	3	5	1
392		1	25.00	213	4	5	1
380	Einverständniserklärung für Minderjährige	1	30.00	208	2	5	1
362	Deutsch-Rumänisch	1	68.00	198	1	5	1
381	Rumänisch-Deutsch	1	30.00	208	1	5	1
373	Vollmacht - Ledigkeitsbescheinigung	1	35.00	206	2	5	1
374	Rumänisch-Deutsch	1	35.00	206	1	5	1
376	Einverständniserklärung für Minderjährige	1	30.00	207	2	5	1
377	Rumänisch-Deutsch	1	35.00	207	1	5	1
375		1	30.00	206	3	5	1
368	Vollmacht - Vertretung	1	35.00	204	2	5	1
369	Rumänisch-Deutsch	1	35.00	204	1	5	1
370		1	30.00	204	3	5	1
364	Rumänisch-Deutsch	1	200.00	200	1	5	1
363	Rumänisch-Deutsch	1	50.00	199	1	5	1
389	Rumänisch-Deutsch	1	100.00	211	1	5	1
385	Einverständniserklärung für Minderjährige	1	35.00	210	2	5	1
386	Vollmacht - Reisepass	1	35.00	210	2	5	1
387	Rumänisch-Deutsch	2	35.00	210	1	5	1
388		1	30.00	210	3	5	1
442	Rumänisch-Deutsch	1	70.00	235	1	5	1
441	Rumänisch-Deutsch	1	55.00	234	1	5	1
437	Rumänisch-Deutsch	1	50.00	232	1	5	1
589	Ukrainisch - Deutsch (Juniorspez.-Diplom 2004 + Apostille)	1	50.44	312	1	5	1
413	Einverständniserklärung für Minderjährige	1	30.00	221	2	5	1
414	Rumänisch-Deutsch	1	25.00	221	1	5	1
415		1	25.00	221	3	5	1
443	Einverständniserklärung für Minderjährige	1	35.00	236	2	5	1
444	Rumänisch-Deutsch	1	35.00	236	1	5	1
445		1	30.00	236	3	5	1
439	Rumänisch-Deutsch	1	40.00	233	1	5	1
440		1	25.00	233	3	5	1
508	Einverständniserklärung für Minderjährige	1	25.00	271	2	5	1
450	Russisch-Deutsch	1	150.00	238	1	5	1
469	Ledigkeitsbescheinigung	1	185.00	252	8	5	1
664	Vollmacht - Vertretung	4	30.00	350	2	6	1
427	Rumänisch-Deutsch	1	40.00	226	1	5	1
455	Rumänisch-Deutsch	1	135.00	240	1	5	1
456	Rumänisch-Deutsch	1	50.00	241	1	5	1
417	Einverständniserklärung für Minderjährige	1	30.00	223	2	5	1
418	Rumänisch-Deutsch	1	30.00	223	1	5	1
419		1	25.00	223	3	5	1
458	Rumänisch-Deutsch	1	180.00	243	1	5	1
459	Rumänisch-Deutsch	1	120.00	244	1	5	1
420	Einverständniserklärung für Minderjährige	1	30.00	224	2	5	1
421	Rumänisch-Deutsch	1	30.00	224	1	5	1
457	Polnisch-Deutsch	1	120.00	242	1	5	1
422		1	25.00	224	3	5	1
476	Rumänisch-Deutsch	1	220.00	257	1	5	1
423	Vollmacht - Vertretung Schule	1	35.00	225	2	5	1
424	Rumänisch-Deutsch	1	30.00	225	1	5	1
425		1	30.00	225	3	5	1
416	Rumänisch-Deutsch	3	50.00	222	1	5	1
408	Rumänisch-Deutsch	1	50.00	218	1	5	1
465	Rumänisch-Deutsch	1	80.00	248	1	5	1
409	Vollmacht - Aufenthaltstitel	1	35.00	220	2	5	1
410	Vollmacht - Einwohnermeldeamt	1	35.00	220	2	5	1
411	Rumänisch-Deutsch	2	35.00	220	1	5	1
412		1	30.00	220	3	5	1
473	Rumänisch-Englisch	1	50.00	254	1	5	1
464	Rumänisch-Deutsch	1	98.00	247	1	5	1
460	Rumänisch-Deutsch	1	45.00	245	1	5	1
433	Rumänisch-Deutsch	1	30.00	230	1	5	1
461	Vollmacht - Führerschein	1	30.00	246	2	5	1
462	Rumänisch-Deutsch	1	30.00	246	1	5	1
463		1	20.00	246	3	5	1
430	Vollmacht - Geburtsurkunde	1	40.00	229	2	5	1
431	 Vollmacht - Reisepass	1	40.00	229	2	5	1
428	Vollmacht - Kindergeld	1	30.00	227	3	5	1
468	Rumänisch-Deutsch	1	50.00	250	1	5	1
426	Vollmacht - Vertretung	1	40.00	226	2	5	1
466	Rumänisch-Deutsch	1	95.00	249	1	5	1
434	Vollmacht - Geburtsurkunde Kind	1	35.00	231	2	5	1
435	Rumänisch-Deutsch	1	35.00	231	1	5	1
436		1	30.00	231	3	5	1
453	Rumänisch-Deutsch	1	90.00	239	1	5	1
470	Einverständniserklärung für Minderjährige	1	35.00	253	2	5	1
471	Rumänisch-Deutsch	1	35.00	253	1	5	1
472		1	30.00	253	3	5	1
474	Einverständniserklärung für Minderjährige	1	30.00	255	2	5	1
429		1	550.00	228	8	5	1
477	Einverständniserklärung für Minderjährige	1	35.00	258	2	5	1
478	Rumänisch-Deutsch	1	35.00	258	1	5	1
479		1	30.00	258	3	5	1
480	Vollmacht - Geburtsurkunde	1	35.00	259	2	6	1
482	Vollmacht - Ledigkeitsbescheinigung	2	35.00	259	2	6	1
483	Rumänisch-Deutsch	3	35.00	259	1	6	1
484		2	30.00	259	3	6	1
452		1	130.00	239	4	5	1
490	Vollmacht - Reisepass	1	35.00	263	2	5	1
475	Rumänisch-Deutsch	1	95.00	256	1	5	1
485	Rumänisch-Deutsch	2	50.00	260	1	5	1
486	Vollmacht - Vertretung	1	35.00	261	2	5	1
487	Rumänisch-Deutsch	1	35.00	261	1	5	1
488		1	30.00	261	3	5	1
489	Rumänisch-Deutsch	1	152.00	262	1	5	1
552	Vollmacht - Vertretung	1	65.00	290	2	6	1
553		1	35.00	290	3	6	1
548	Vollmacht - Ausweis	1	35.00	288	2	5	1
503	Rumänisch-Deutsch	1	50.00	268	1	6	1
549	Rumänisch-Deutsch	1	35.00	288	1	5	1
550		1	30.00	288	3	5	1
438	Vollmacht - Vertretung Rentenversicherung	1	35.00	233	2	5	1
509	Vollmacht - Reisepass	1	25.00	271	2	5	1
510	Rumänisch-Deutsch	2	25.00	271	1	5	1
504	Vollmacht - Vertretung	1	35.00	269	2	5	1
505	Rumänisch-Deutsch	1	35.00	269	1	5	1
506		1	30.00	269	3	5	1
556		1	550.00	293	8	5	1
669	Vollmacht - Vertretung	1	35.00	353	2	5	1
551	Englisch-Deutsch	1	100.00	289	1	5	1
491	Rumänisch-Deutsch	1	35.00	263	1	5	1
492		1	30.00	263	3	5	1
731	Rumänisch-Deutsch	1	35.00	383	1	5	1
511	Einverständniserklärung für Minderjährige	1	35.00	272	2	5	1
496	Rumänisch-Deutsch	1	50.00	265	1	5	1
497	Russisch-Deutsch	1	60.00	265	1	5	1
512	Rumänisch-Deutsch	1	35.00	272	1	5	1
513		1	30.00	272	3	5	1
597	Erklärung	1	70.00	316	2	5	1
498	Einverständniserklärung für Minderjährige	1	35.00	266	2	5	1
499	Rumänisch-Deutsch	1	35.00	266	1	5	1
732		1	30.00	383	3	5	1
665	Rumänisch-Deutsch	4	30.00	350	1	6	1
668	Brüssel-II-Verordnung Formular	1	350.00	352	8	5	1
500	Vollmacht - Vertretung	2	35.00	267	2	5	1
501	Rumänisch-Deutsch	2	35.00	267	1	5	1
502		1	30.00	267	3	5	1
520	Einverständniserklärung für Minderjährige	1	45.00	275	2	5	1
521	Rumänisch-Deutsch	1	55.00	275	1	5	1
530	Einverständniserklärung für Minderjährige	1	35.00	280	2	5	1
493	Vollmacht - Ausweis	1	35.00	264	2	5	1
494	Rumänisch-Deutsch	1	35.00	264	1	5	1
495		1	30.00	264	3	5	1
514	Englisch-Deutsch	1	55.00	273	1	5	1
524	Vollmacht - Geburtsurkunde	1	35.00	278	2	5	1
525	Rumänisch-Deutsch	1	35.00	278	1	5	1
526		1	30.00	278	3	5	1
531	Rumänisch-Deutsch	1	35.00	280	1	5	1
532		1	30.00	280	3	5	1
523	Russisch-Deutsch	1	60.00	277	1	5	1
534	Einverständniserklärung für Minderjährige	1	35.00	282	2	5	1
535	Rumänisch-Deutsch	1	35.00	282	1	5	1
536		1	30.00	282	3	5	1
537	Vollmacht - Auto	1	35.00	283	2	5	1
538	Rumänisch-Deutsch	1	35.00	283	1	5	1
539		1	30.00	283	3	5	1
540	Einverständniserklärung für Minderjährige	1	35.00	284	2	5	1
541	Vollmacht - Ausweis 	1	35.00	284	2	5	1
542	Rumänisch-Deutsch	2	35.00	284	1	5	1
544	Vollmacht - Auto	1	35.00	286	2	5	1
545	Rumänisch-Deutsch	1	35.00	286	1	5	1
546		1	30.00	286	3	5	1
507	Ukrainisch - Deutsch	3	45.00	270	1	5	1
533	Rumänisch-Deutsch	1	50.00	281	1	5	1
555	Rumänisch-Deutsch	2	50.00	292	1	5	1
547	Ukrainisch - Deutsch	1	60.00	287	1	5	1
543	Rumänisch-Englisch	1	125.00	285	1	5	1
561	Englisch-Deutsch	1	35.00	297	1	5	1
562	Rumänisch-Deutsch	2	50.00	298	1	5	1
558	Ukrainisch - Deutsch	1	95.00	295	1	5	1
527		5	127.00	279	4	5	1
528	Rumänisch-Deutsch	5	58.00	279	1	5	1
516	Ukrainisch - Deutsch (Zeugnis Schulabschluss 1992 und Juniorspezialist-Diplom mit Anhang Noten)	1	165.00	274	1	5	1
517	Ukrainisch - Deutsch (Bachelor-Diplom mit Anhang Noten und Spezialist-Diplom mit Anhang Noten)	1	170.00	274	1	5	1
518	Ukrainisch - Deutsch (Bescheinigung der Universität für Radioelektronik und Archivbescheinigung der Universität für Radioelektronik)	1	240.00	274	1	5	1
519	Ukrainisch - Deutsch (Bescheinigung Kurs Buchhaltung 2005)	1	80.00	274	1	5	1
554	Vollmacht - Vertretung	1	30.00	291	3	5	1
559	Rumänisch-Deutsch	1	145.00	296	1	5	1
560	Einverständniserklärung für Minderjährige	1	35.00	297	2	5	1
621	Rumänisch-Deutsch	1	80.00	329	1	5	1
622	Erklärung - Erbe	2	35.00	330	2	5	1
623	Rumänisch-Deutsch	2	35.00	330	1	5	1
624		2	30.00	330	3	5	1
590	Ukrainisch - Deutsch (Anhang Zeugnis + Juniorspez.-Diplom 2004 + Apostille)	1	126.14	312	1	5	1
591	Ukrainisch - Deutsch (Arbeitsbuch 5 Seiten)	1	126.00	312	6	5	1
613	Ledigkeitsbescheinigung un neue Geburtsurkunde beantragen	1	480.00	325	8	5	1
592	Ukrainisch - Deutsch (Diplom und Anhang Noten)	1	150.00	313	1	5	1
587	Ukrainisch - Deutsch (Geburtsurkunde handschr. + Eheurkunde)	1	50.44	312	1	5	1
628	Deutsch-Rumänisch	1	190.00	332	1	1	1
581	(Redaktion, Übersetzungen, Erteilung Urkunden, Beglaubigungen)	1	565.00	237	8	1	1
618	Erklärung - Verzicht auf Erbe	1	35.00	328	2	5	1
639	Russisch-Deutsch (Diplom mit Anhang)	1	130.00	336	1	5	1
666		1	30.00	350	3	6	1
582	Einverständniserklärung für Minderjährige	1	35.00	309	2	5	1
583	Rumänisch-Deutsch	1	35.00	309	1	5	1
584		1	30.00	309	3	5	1
586	Rumänisch-Deutsch	1	185.00	311	1	5	1
574	Vollmacht - Duplikat Heiratsurkunde	1	35.00	305	2	5	1
575	Rumänisch-Deutsch	1	35.00	305	1	5	1
563	Rumänisch-Deutsch	2	50.00	299	1	5	1
593	Einverständniserklärung für Minderjährige	1	35.00	314	2	5	1
577	Einverständniserklärung für Minderjährige	1	35.00	307	2	5	1
578	Rumänisch-Deutsch	1	35.00	307	1	5	1
594	Rumänisch-Deutsch	1	35.00	314	1	5	1
595		1	30.00	314	3	5	1
515	Ukrainisch - Deutsch (Geburtsurkunde und Eheurkunde mit Zusatzstempel Rückseite)	1	140.00	274	1	5	1
572	Sterbeurkunde 2. Beglaubigung	1	60.00	303	8	5	1
585	Rumänisch-Deutsch	4	40.00	310	1	5	1
573	Rumänisch-Deutsch	1	125.00	304	1	5	1
576	Rumänisch - Deutsch	1	100.00	306	1	5	1
601	Rumänisch-Deutsch	1	35.00	318	1	5	1
579	Vollmacht - Führerschein	1	35.00	308	2	5	1
580	Deutsch-Rumänisch	1	35.00	308	1	5	1
602		1	30.00	318	3	5	1
600	Einverständniserklärung für Minderjährige	1	35.00	318	2	5	1
598		1	30.00	316	3	5	1
604	Serbisch-Deutsch	1	70.00	320	1	5	1
599	Deutsch-Rumänisch	1	50.00	317	1	5	1
596	Rumänisch-Deutsch	1	130.00	315	1	5	1
603	Rumänisch - Deutsch	1	50.00	319	1	5	1
565	Vollmacht für Reisepass 	1	35.00	301	2	6	1
566	Einverständniserklärung für Mindesjahrige	1	35.00	301	2	6	1
569	Einverständniserklärung für Mindesjahrige	1	35.00	302	2	5	1
570	Rumänisch - Deutsch	1	35.00	302	1	5	1
571		1	30.00	302	3	5	1
567	Rumänisch - Deutsch	2	35.00	301	1	6	1
568		1	30.00	301	3	6	1
605	Vollmacht - Studiendokumente	1	35.00	322	2	5	1
606	Rumänisch-Deutsch	1	35.00	322	1	5	1
607		1	30.00	322	3	5	1
611	Erklärung	1	25.00	324	2	5	1
612	Englisch-Deutsch	1	25.00	324	1	5	1
608	auf Original (Geburtsurkunde)	1	50.00	323	4	5	1
609	Deutsch - Ukrainisch	1	110.00	323	1	5	1
610	auf Übersetzung	1	50.00	323	4	5	1
638	Rumänisch-Deutsch	2	50.00	327	1	5	1
632	Einverständniserklärung für Minderjährige	1	35.00	334	2	5	1
633	Rumänisch-Deutsch	1	35.00	334	1	5	1
634		1	30.00	334	3	5	1
619	Rumänisch - Deutsch	1	35.00	328	1	5	1
620		1	30.00	328	3	5	1
626	Rumänisch-Deutsch	1	35.00	331	1	5	1
627		1	30.00	331	3	5	1
635	Rumänisch-Deutsch	1	60.00	335	1	5	1
636	Rumänisch-Deutsch	2	45.00	335	1	5	1
614	Vollmacht - Bank	1	35.00	326	2	5	1
615	Rumänisch-Deutsch	1	35.00	326	1	5	1
616		1	30.00	326	3	5	1
625	Einverständniserklärung für Minderjährige	1	35.00	331	2	5	1
694	Deutsch-Englisch	1	77.35	366	1	5	1
651	Vollmacht - Vertretung Rentenversicherung	1	35.00	343	2	5	1
652	Rumänisch-Deutsch	1	35.00	343	1	5	1
653		1	30.00	343	3	5	1
640	Rumänisch - Deutsch	1	90.00	337	1	6	1
680	Rumänisch-Deutsch	1	98.00	358	1	5	1
670	Rumänisch-Deutsch	1	35.00	353	1	5	1
656	Rumänisch-Deutsch	1	50.00	346	1	10	1
706	Antrag Kindergeld	1	100.00	372	8	3	1
644	Ukrainisch-Deutsch 	1	100.00	339	1	5	1
645	Ukrainisch - Deutsch	1	50.00	340	1	5	1
707	Rumänisch-Deutsch	1	145.00	372	1	3	1
718	Russisch-Deutsch	1	30.00	377	1	5	1
647	Vollmacht - Reisepass	1	35.00	342	2	5	1
648	Rumänisch-Deutsch	1	35.00	342	1	5	1
649		1	30.00	342	3	5	1
641	Vollmacht - Anwalt	1	40.00	338	2	5	1
642	Rumänisch - Deutsch	1	50.00	338	1	5	1
643		1	30.00	338	3	5	1
715		1	55.00	376	3	5	1
671		1	30.00	353	3	5	1
716		1	60.00	376	4	5	1
717	Rumänisch-Deutsch	1	180.00	376	1	5	1
734	Rumänisch-Deutsch	1	35.00	384	1	5	1
714	Antrg Heiratsurkunde - Zypern	1	520.00	375	8	4	1
688	Ukrainisch - Deutsch	1	460.00	362	1	7	1
646	Teilstornierung für Rechnung RE147	1	-70.00	341	9	6	1
657	Rumänisch-Deutsch	1	50.00	347	1	5	1
654	Rumänisch-Deutsch	1	45.00	344	1	5	1
672	Erklärung	1	35.00	354	2	5	1
673	Rumänisch-Deutsch	1	35.00	354	1	5	1
674		1	30.00	354	3	5	1
675	Antrag	1	35.00	355	2	5	1
676	Rumänisch-Deutsch	1	35.00	355	1	5	1
677		1	30.00	355	3	5	1
679	Rumänisch-Deutsch	3	45.00	357	1	5	1
658	Einverständniserklärung für Minderjährige	1	25.00	348	2	6	1
659	Rumänisch-Deutsch	1	30.00	348	1	6	1
660		1	20.00	348	3	6	1
662	Rumänisch-Deutsch	1	35.00	349	1	6	1
663		1	30.00	349	3	6	1
655	Rumänisch-Deutsch	1	50.00	345	1	5	1
557	Ukrainisch - Deutsch (Eheurkunde, 2 Diplome mit Apostillen, 2 Anhänge mit Apostillen)	1	460.00	294	1	5	1
667	Ukrainisch - Deutsch	1	160.00	351	1	5	1
685	Einverständniserklärung für Minderjährige	1	35.00	361	2	5	1
686	Rumänisch-Deutsch	1	35.00	361	1	5	1
687		1	30.00	361	3	5	1
681	Vollmacht 	1	25.00	359	2	5	1
682	Rumänisch-Deutsch	1	45.00	359	1	5	1
683		1	30.00	359	3	5	1
699	Deutsch-Rumänisch	1	80.00	369	1	5	1
698	Deutsch-Rumänisch	1	50.00	368	1	5	1
684	Rumänisch-Deutsch	1	220.00	360	1	5	1
691	Einverständniserklärung für Minderjährige	1	35.00	365	2	6	1
692	Rumänisch-Deutsch	1	35.00	365	1	6	1
693		1	30.00	365	3	6	1
695	Vollmacht - Ausweis	1	35.00	367	2	5	1
696	Rumänisch-Deutsch	1	35.00	367	1	5	1
697		1	30.00	367	3	5	1
703	Einverständniserklärung für Minderjährige	1	35.00	371	2	5	1
704	Rumänisch - Deutsch	1	35.00	371	1	5	1
705		1	30.00	371	3	5	1
700	Vollmacht - Anwalt	1	35.00	370	2	5	1
701	Rumänisch - Deutsch	1	35.00	370	1	5	1
702		1	30.00	370	3	5	1
708	Vollmacht - Finanzamt	1	35.00	373	2	5	1
709	Rumänisch-Deutsch	1	35.00	373	1	5	1
710		1	30.00	373	3	5	1
711	Vollmacht - Bank	1	35.00	374	2	5	1
712	Rumänisch-Deutsch	1	35.00	374	1	5	1
713		1	30.00	374	3	5	1
738		1	30.00	385	3	5	1
689	Russisch-Deutsch	1	80.00	363	1	5	1
564	Rumänisch-Deutsch (Abiturzeugnis mit Anhang, Bachelorurkunde, Bachelorzeugnis)	1	465.00	300	1	5	1
750		1	30.00	389	3	1	1
748	Vollmacht - Anlage 9	1	35.00	389	2	1	1
588	Ukrainisch - Deutsch (Zeugnis 2001 + Apostille, Anhang Zeugnis + Zeugnis 2001 + Apostille)	1	226.98	312	1	5	1
739	Vollmacht - Geburtsurkunde	1	35.00	386	2	5	1
758	Deutsch-Englisch	7	40.00	394	1	10	1
746	Rumänisch-Deutsch	1	35.00	388	1	5	1
735		1	30.00	384	3	5	1
754	Erklärung	2	30.00	393	2	2	1
756	Rumänisch-Deutsch	2	40.00	393	1	2	1
742	Vollmacht - Reisepass	1	55.00	387	2	6	1
744		1	40.00	387	3	6	1
759	Deutsch-Englisch	3	35.00	395	1	10	2
776	Erklärung - Verzicht auf Erbe	1	35.00	409	2	5	1
778		1	30.00	409	3	5	1
780	Deutsch-Rumänisch	1	45.00	411	1	5	1
770	Estnisch-Deutsch	2	95.00	404	1	2	1
768	Ukrainisch - Deutsch	1	85.00	402	1	7	1
752	Rumänisch-Deutsch	1	45.00	391	1	5	1
772	Polnisch-Deutsch	1	35.70	405	1	5	1
690	Apostille auf Original, Übersetzung mit Apostille	1	220.00	364	8	9	1
763		1	50.00	392	4	4	1
766	Polnisch-Deutsch	2	50.00	400	1	9	1
782	Rumänisch-Deutsch	1	65.00	412	1	7	1
761	Deutsch-Englisch	1	41.65	396	1	5	1
774	Estnisch-Deutsch	1	59.50	407	1	5	1
764	Rumänisch-Deutsch	1	45.00	398	1	5	1
786	Rumänisch-Deutsch	1	30.00	415	1	5	1
788	Rumänisch-Deutsch	1	30.00	417	1	5	1
13	Rumänisch-Deutsch	2	15.00	6	1	10	1
730	Einverständniserklärung für Minderjährige	1	35.00	383	2	5	1
736	Einverständniserklärung für Minderjährige	1	35.00	385	2	5	1
727	Vollmacht - Geburtsurkunde	1	35.00	382	2	5	1
728	Rumänisch-Deutsch	1	35.00	382	1	5	1
729		1	30.00	382	3	5	1
249	Vollmacht - Seidungsurkunde	1	300.00	135	3	5	1
724	Vollmacht - Kindergeld	1	35.00	381	2	5	1
725	Rumänisch-Deutsch	1	35.00	381	1	5	1
726		1	30.00	381	3	5	1
719	Rumänisch-Deutsch	1	50.00	378	1	5	1
250	Beschaffung und Zustellung von Dokumenten	1	310.00	135	8	5	1
749	Rumänisch-Deutsch	1	35.00	389	1	1	1
720	Rumänisch-Deutsch	1	65.00	379	1	5	1
783	Rumänisch-Deutsch	1	15.00	413	1	1	1
522	Ukrainisch-Deutsch (Zeugnis 9.Klasse mit Anhang Noten, Zeugnis 11. Klasse mit Anhang Noten, Arbeitsbuch 7 Seiten, Bachelor Diplom: Urkunde und Anhang 8 Seiten, Magister-Diplom)	1	835.00	276	1	5	1
762	Rumänisch-Deutsch	2	50.00	397	1	5	1
125	Einverständniserklärung für Minderjährige	1	25.00	67	2	10	1
785	Rumänisch-Deutsch	1	15.00	414	1	5	1
740	Rumänisch-Deutsch	1	35.00	386	1	5	1
757		7	45.00	394	4	10	1
745	Vollmacht - Renteversicherung	1	35.00	388	2	5	1
747		1	30.00	388	3	5	1
751	Deutsch-Englisch	1	45.00	390	1	5	1
371	Rumänisch-Englisch	1	500.00	205	1	10	1
721	Vollmacht - Handelregister	1	35.00	380	2	5	1
722	Rumänisch-Deutsch	1	35.00	380	1	5	1
723		1	30.00	380	3	5	1
733	Vollmacht - Ausweis	1	35.00	384	2	5	1
787	Rumänisch-Deutsch	1	15.00	416	1	5	1
755		2	65.00	393	3	2	1
765	Antrag Steuerklasse Finanzamt	1	50.00	399	2	5	1
789	Rumänisch-Deutsch	1	15.00	418	1	5	1
767	Ukrainisch - Deutsch (Facharztzertifikat, Diplomurkunde, Anhang zum Diplom, Eheurkunde, Geburtsurkunde)	1	351.00	401	1	2	1
743	Rumänisch-Deutsch	1	55.00	387	1	6	1
779	Türkisch-Deutsch	5	49.60	410	1	1	1
760		1	50.00	395	4	10	1
773	Englisch-Deutsch	1	40.00	406	1	5	1
777	Rumänisch-Deutsch	1	35.00	409	1	5	1
769	Deutsch - Ukrainisch	1	100.00	403	1	5	1
775	Englisch-Deutsch	1	20.00	408	1	5	1
771		1	5.00	404	7	2	1
781		1	50.00	403	4	9	1
753	Rumänisch-Deutsch	2	60.00	392	1	4	1
\.


--
-- Data for Name: payments_payment; Type: TABLE DATA; Schema: public; Owner: postgres
--

COPY public.payments_payment (id, created_at, modified_at, type, is_client, serial, number, value, payment_date, description, created_by_id, currency_id, modified_by_id, person_id, cancellation_to_id, cancelled_from_id, is_recurrent) FROM stdin;
40	2024-09-13 14:21:46.382325+02	2024-09-13 14:21:46.382373+02	bank	t			45.00	2024-09-13		1	1	1	204	\N	\N	f
20	2024-09-03 08:31:39.652779+02	2024-09-03 08:31:39.652823+02	bank	t			60.00	2024-09-03	Vollmacht - Geburtsurkunde	1	1	1	179	\N	\N	f
53	2024-09-19 08:33:13.702301+02	2024-09-19 08:33:13.702351+02	bank	t			95.00	2024-09-19		1	1	1	215	\N	\N	f
21	2024-09-03 08:45:04.419658+02	2024-09-03 08:45:04.41972+02	bank	t			100.00	2024-09-03	Vollmacht - Auto	1	1	1	182	\N	\N	f
41	2024-09-15 11:17:10.231861+02	2024-09-15 11:17:10.231902+02	bank	f			25.00	2024-09-14		1	1	1	62	\N	\N	f
22	2024-09-04 06:45:17.715468+02	2024-09-04 06:45:17.715525+02	cash	t	BE	1	410.00	2024-09-04		1	1	1	184	\N	\N	f
23	2024-09-04 09:35:23.139127+02	2024-09-04 09:35:23.139183+02	bank	t			90.00	2024-09-04		1	1	1	181	\N	\N	f
24	2024-09-04 09:38:20.746549+02	2024-09-04 09:38:20.746592+02	bank	t			240.00	2024-09-04		1	1	1	178	\N	\N	f
42	2024-09-15 11:22:42.846428+02	2024-09-15 11:22:42.846475+02	cash	f	-	-	11.90	2024-09-05		1	1	1	108	\N	\N	f
25	2024-09-04 16:10:49.040138+02	2024-09-04 16:10:49.040189+02	bank	f			23.80	2024-09-04		1	1	1	185	\N	\N	f
26	2024-09-05 12:06:09.136975+02	2024-09-05 12:06:09.137021+02	bank	f			25.00	2024-09-05		1	1	1	62	\N	\N	f
54	2024-09-19 08:53:22.658675+02	2024-09-19 08:53:22.658717+02	bank	t			70.00	2024-09-19		1	1	1	218	\N	\N	f
43	2024-09-15 11:27:44.016716+02	2024-09-15 11:28:09.970766+02	cash	f	-	-	11.90	2024-09-11		1	1	1	108	\N	\N	f
27	2024-09-05 13:27:29.754855+02	2024-09-05 13:29:36.340496+02	bank	t			100.00	2024-09-04	Kostenträger: Cosmin-Beniamin Lingurar	1	1	1	192	\N	\N	f
28	2024-09-05 13:31:05.927969+02	2024-09-05 13:31:05.928012+02	bank	t			300.00	2024-09-05		1	1	1	180	\N	\N	f
29	2024-09-05 13:31:55.047116+02	2024-09-05 13:31:55.047158+02	bank	t			60.00	2024-09-05		1	1	1	191	\N	\N	f
44	2024-09-15 11:40:15.885646+02	2024-09-15 11:40:15.885691+02	bank	f			10.00	2024-09-04		1	1	1	206	\N	\N	f
30	2024-09-06 08:36:27.125805+02	2024-09-06 08:36:27.125852+02	bank	t			40.00	2024-09-06		1	1	1	188	\N	\N	f
31	2024-09-09 12:47:22.85909+02	2024-09-09 12:47:22.859133+02	bank	f			30.00	2024-09-09		1	1	1	42	\N	\N	f
32	2024-09-09 12:54:49.094426+02	2024-09-09 12:54:49.094477+02	bank	t			308.00	2024-09-09		1	1	1	55	\N	\N	f
45	2024-09-15 11:43:50.537259+02	2024-09-15 11:43:50.537314+02	bank	f			30.00	2024-09-10		1	1	1	207	\N	\N	f
33	2024-09-09 19:57:16.811012+02	2024-09-09 19:57:16.811069+02	bank	t			100.00	2024-09-09		1	1	1	193	\N	\N	f
34	2024-09-11 09:14:46.304549+02	2024-09-11 09:14:46.304592+02	bank	t			299.00	2024-09-10		1	1	1	194	\N	\N	f
35	2024-09-11 12:38:16.315654+02	2024-09-11 12:38:16.315708+02	bank	t			350.00	2024-09-10		1	1	1	200	\N	\N	f
36	2024-09-11 12:39:04.153254+02	2024-09-11 12:39:04.153305+02	bank	t			185.00	2024-09-11		1	1	1	196	\N	\N	f
55	2024-09-19 10:21:18.436087+02	2024-09-19 10:22:27.626214+02	cash	f	-	83111949	9.90	2024-09-11		1	1	1	210	\N	\N	f
37	2024-09-12 09:35:47.283346+02	2024-09-12 09:35:47.283388+02	bank	t			60.00	2024-09-12		1	1	1	122	\N	\N	f
38	2024-09-12 14:09:04.739624+02	2024-09-12 14:09:04.739669+02	bank	t			100.00	2024-09-12		1	1	1	202	\N	\N	f
39	2024-09-13 13:29:14.842066+02	2024-09-13 13:29:14.842114+02	bank	t			40.00	2024-09-13		1	1	1	158	\N	\N	f
56	2024-09-19 12:19:23.985789+02	2024-09-19 12:19:23.985836+02	bank	f			18.47	2024-09-18		1	1	1	217	\N	\N	f
46	2024-09-16 20:35:35.025064+02	2024-09-16 20:36:33.159132+02	cash	f			3.55	2024-09-04		1	1	1	210	\N	\N	f
47	2024-09-16 20:36:57.446726+02	2024-09-16 20:37:01.908921+02	cash	f			4.25	2024-09-05		1	1	1	210	\N	\N	f
57	2024-09-19 12:42:27.436983+02	2024-09-19 12:42:27.43703+02	bank	f			41.60	2024-09-19		1	1	1	42	\N	\N	f
48	2024-09-17 09:08:44.22339+02	2024-09-17 09:08:44.223442+02	bank	t			100.00	2024-09-16		1	1	1	127	\N	\N	f
49	2024-09-17 09:11:55.618059+02	2024-09-17 09:11:55.618102+02	bank	f			8.99	2024-09-17		1	1	1	212	\N	\N	f
50	2024-09-17 09:13:24.441386+02	2024-09-17 09:13:24.441431+02	bank	t			85.00	2024-09-17		1	1	1	208	\N	\N	f
58	2024-09-19 12:42:34.520297+02	2024-09-19 12:42:34.520337+02	bank	t			100.00	2024-09-19		1	1	1	221	\N	\N	f
51	2024-09-18 17:00:48.666457+02	2024-09-18 17:00:48.666509+02	bank	t			70.00	2024-09-17		1	1	1	209	\N	\N	f
52	2024-09-18 17:06:57.44481+02	2024-09-18 17:06:57.444858+02	bank	f			26.34	2024-09-18		1	1	1	216	\N	\N	f
59	2024-09-19 16:18:38.055957+02	2024-09-19 16:18:38.056001+02	bank	t			85.00	2024-09-18		1	1	1	219	\N	\N	f
60	2024-09-19 19:27:49.510573+02	2024-09-19 19:27:49.510618+02	bank	t			385.00	2024-09-19		1	1	1	224	\N	\N	f
61	2024-09-20 11:13:09.246069+02	2024-09-20 11:13:09.246117+02	bank	t			100.00	2024-09-19		1	1	1	222	\N	\N	f
62	2024-09-22 17:47:54.165259+02	2024-09-22 17:47:54.165324+02	bank	f			60.81	2024-09-22		1	1	1	199	\N	\N	f
75	2024-09-30 13:43:23.103687+02	2024-09-30 13:43:23.10374+02	bank	t			50.00	2024-09-30		1	1	1	168	\N	\N	f
70	2024-09-26 10:52:35.42506+02	2024-09-26 10:52:35.425128+02	bank	f			536.00	2024-09-26		1	1	1	162	\N	\N	f
63	2024-09-23 11:52:11.016481+02	2024-09-23 11:52:25.346946+02	cash	f	-	83114668	2.70	2024-09-23		1	1	1	210	\N	\N	f
64	2024-09-23 12:38:02.42173+02	2024-09-23 12:38:02.42179+02	cash	f	-	1420842021	4.61	2024-09-18		1	1	1	220	\N	\N	f
65	2024-09-24 08:47:44.455899+02	2024-09-24 08:47:44.455952+02	bank	t			50.00	2024-09-24		1	1	1	225	\N	\N	f
71	2024-09-26 11:09:39.549086+02	2024-09-26 11:09:39.549132+02	bank	t			20.00	2024-09-24		1	1	1	230	\N	\N	f
66	2024-09-26 09:39:47.465977+02	2024-09-26 09:39:47.46602+02	bank	t			85.00	2024-09-24		1	1	1	226	\N	\N	f
67	2024-09-26 09:41:17.950725+02	2024-09-26 09:41:17.950784+02	bank	t			50.00	2024-09-25		1	1	1	229	\N	\N	f
81	2024-10-09 07:31:51.170597+02	2024-10-09 07:31:51.170644+02	bank	t			170.00	2024-10-08		1	1	1	256	\N	\N	f
68	2024-09-26 09:52:30.326603+02	2024-09-26 09:52:30.326698+02	bank	t			110.00	2024-09-26		1	1	1	79	\N	\N	f
72	2024-09-26 11:19:10.886802+02	2024-09-26 11:19:10.886849+02	bank	t			290.00	2024-09-26		1	1	1	231	\N	\N	f
69	2024-09-26 10:47:22.32732+02	2024-09-26 10:47:22.327366+02	bank	f			230.10	2024-09-26		1	1	1	162	\N	\N	f
76	2024-09-30 13:43:29.500118+02	2024-09-30 13:43:29.500165+02	bank	t			68.00	2024-09-30		1	1	1	120	\N	\N	f
73	2024-09-27 10:49:24.399659+02	2024-09-27 10:49:24.399716+02	bank	t			100.00	2024-09-27		1	1	1	237	\N	\N	f
74	2024-09-30 13:43:05.998896+02	2024-09-30 13:43:05.998947+02	bank	t			100.00	2024-09-30		1	1	1	245	\N	\N	f
79	2024-10-02 08:14:36.691873+02	2024-10-02 08:14:36.691926+02	bank	t			65.00	2024-10-01		1	1	1	249	\N	\N	f
77	2024-10-01 08:47:14.210297+02	2024-10-01 08:47:14.210355+02	bank	t			100.00	2024-09-30		1	1	1	247	\N	\N	f
78	2024-10-01 11:05:35.068917+02	2024-10-01 11:05:35.068956+02	bank	f			71.60	2024-10-01		1	1	1	233	\N	\N	f
80	2024-10-08 10:07:32.111651+02	2024-10-08 10:07:32.111709+02	bank	t			60.00	2024-10-02		1	1	1	251	\N	\N	f
83	2024-10-09 07:36:52.846356+02	2024-10-09 07:36:52.846398+02	bank	t			100.00	2024-10-09		1	1	1	254	\N	\N	f
82	2024-10-09 07:36:45.675788+02	2024-10-09 07:36:45.675834+02	bank	t			100.00	2024-10-09		1	1	1	255	\N	\N	f
84	2024-10-09 15:46:18.531601+02	2024-10-09 15:46:18.531711+02	bank	f			25.00	2024-10-09		1	1	1	259	\N	\N	f
85	2024-10-14 08:50:38.799703+02	2024-10-14 08:50:38.79977+02	bank	t			170.00	2024-10-10		1	1	1	260	\N	\N	f
86	2024-10-14 08:53:44.289326+02	2024-10-14 08:53:44.289377+02	bank	t			95.00	2024-10-11		1	1	1	263	\N	\N	f
87	2024-10-14 08:54:44.792192+02	2024-10-14 08:54:44.792235+02	bank	t			75.00	2024-10-14		1	1	1	257	\N	\N	f
88	2024-10-15 08:59:56.661545+02	2024-10-15 08:59:56.661598+02	bank	t			170.00	2024-10-14		1	1	1	264	\N	\N	f
89	2024-10-15 09:00:56.476447+02	2024-10-15 09:00:56.476497+02	bank	t			50.00	2024-10-14		1	1	1	267	\N	\N	f
90	2024-10-15 09:01:38.295449+02	2024-10-15 09:01:38.295503+02	bank	t			95.00	2024-10-15		1	1	1	265	\N	\N	f
91	2024-10-16 09:28:13.160371+02	2024-10-16 09:28:13.160419+02	bank	t			150.00	2024-10-15		1	1	1	111	\N	\N	f
92	2024-10-16 09:30:31.83001+02	2024-10-16 09:30:31.830061+02	bank	t			170.00	2024-10-16		1	1	1	268	\N	\N	f
93	2024-10-17 08:29:55.231358+02	2024-10-17 08:29:55.231412+02	bank	t			85.00	2024-10-16		1	1	1	270	\N	\N	f
115	2024-11-06 09:13:56.982529+01	2024-11-06 09:13:56.982572+01	bank	t			45.00	2024-11-04		1	1	1	296	\N	\N	f
94	2024-10-17 16:54:29.655246+02	2024-10-17 16:54:29.655304+02	bank	t			85.00	2024-10-17		1	1	1	274	\N	\N	f
95	2024-10-17 16:54:36.599692+02	2024-10-17 16:54:36.599749+02	bank	t			95.00	2024-10-17		1	1	1	275	\N	\N	f
96	2024-10-19 18:20:21.376308+02	2024-10-19 18:20:21.376355+02	bank	t			80.00	2024-10-18		1	1	1	269	\N	\N	f
116	2024-11-06 09:15:02.288722+01	2024-11-06 09:15:02.288772+01	bank	t			98.00	2024-11-06		1	1	1	301	\N	\N	f
97	2024-10-21 16:22:27.600196+02	2024-10-21 16:22:27.600241+02	bank	t			30.00	2024-10-21		1	1	1	280	\N	\N	f
98	2024-10-21 16:26:11.057588+02	2024-10-21 16:26:11.057638+02	bank	t			550.00	2024-10-21		1	1	1	168	\N	\N	f
99	2024-10-23 08:59:57.490309+02	2024-10-23 08:59:57.490361+02	bank	t			30.00	2024-10-23		1	1	1	280	\N	\N	f
117	2024-11-08 09:48:39.754187+01	2024-11-08 09:48:39.754269+01	bank	t			80.00	2024-11-07		1	1	1	55	\N	\N	f
100	2024-10-23 14:52:25.378213+02	2024-10-23 14:52:25.378298+02	bank	t			80.00	2024-10-23		1	1	1	277	\N	\N	f
101	2024-10-24 09:24:45.276205+02	2024-10-24 09:24:45.276251+02	bank	t			50.00	2024-10-23		1	1	1	169	\N	\N	f
128	2024-11-19 13:17:16.782305+01	2024-11-19 13:17:24.673183+01	bank	t			100.00	2024-11-19		1	1	1	318	\N	\N	f
102	2024-10-24 09:25:50.424368+02	2024-10-24 09:25:50.424418+02	bank	t			80.00	2024-10-23		1	1	1	283	\N	\N	f
118	2024-11-08 11:50:06.53653+01	2024-11-08 11:50:06.536578+01	bank	t			95.00	2024-11-08		1	1	1	302	\N	\N	f
103	2024-10-24 09:26:16.173465+02	2024-10-24 09:26:16.17351+02	bank	t			100.00	2024-10-23		1	1	1	286	\N	\N	f
104	2024-10-25 13:19:16.613489+02	2024-10-25 13:19:16.613539+02	bank	t			70.00	2024-10-24		1	1	1	289	\N	\N	f
105	2024-10-25 13:20:06.444867+02	2024-10-25 13:20:06.44492+02	bank	t			55.00	2024-10-25		1	1	1	288	\N	\N	f
119	2024-11-08 11:50:12.699397+01	2024-11-08 11:50:12.699442+01	bank	t			50.00	2024-11-08		1	1	1	303	\N	\N	f
106	2024-10-28 10:44:26.867804+01	2024-10-28 10:44:26.867855+01	bank	t			100.00	2024-10-28		1	1	1	291	\N	\N	f
107	2024-10-28 16:10:24.43987+01	2024-10-28 16:10:24.439925+01	cash	t	BE	2	150.00	2024-10-28		1	1	1	293	\N	\N	f
138	2024-11-29 08:07:19.807261+01	2024-11-29 08:07:19.807314+01	bank	t			100.00	2024-11-28		1	1	1	329	\N	\N	f
108	2024-10-30 10:33:11.202962+01	2024-10-30 10:33:11.203015+01	bank	t			50.00	2024-10-29		1	1	1	163	\N	\N	f
120	2024-11-08 11:52:15.999882+01	2024-11-08 11:52:15.999927+01	bank	t			185.00	2024-11-06		1	1	1	304	\N	\N	f
109	2024-10-30 10:33:17.40796+01	2024-10-30 10:33:17.408012+01	bank	t			135.00	2024-10-30		1	1	1	296	\N	\N	f
110	2024-10-31 09:14:28.772067+01	2024-10-31 09:14:28.772117+01	bank	t			260.00	2024-10-31		1	1	1	295	\N	\N	f
129	2024-11-19 16:38:19.583057+01	2024-11-19 16:38:19.583114+01	bank	t			70.00	2024-11-19		1	1	1	318	\N	\N	f
111	2024-10-31 16:06:55.676913+01	2024-10-31 16:06:55.676966+01	bank	t			180.00	2024-10-31		1	1	1	298	\N	\N	f
121	2024-11-12 19:04:33.469923+01	2024-11-12 19:04:33.469977+01	cash	t	BE	3	220.00	2024-11-12		1	1	1	311	\N	\N	f
112	2024-11-01 08:14:25.187366+01	2024-11-01 08:14:25.187416+01	bank	t			120.00	2024-10-31		1	1	1	299	\N	\N	f
113	2024-11-01 08:14:36.987785+01	2024-11-01 08:14:36.98783+01	bank	t			120.00	2024-11-01		1	1	1	297	\N	\N	f
114	2024-11-06 09:13:38.106443+01	2024-11-06 09:13:38.10649+01	bank	t			80.00	2024-11-05		1	1	1	300	\N	\N	f
122	2024-11-13 07:56:02.937071+01	2024-11-13 07:56:02.937126+01	bank	t			100.00	2024-11-12		1	1	1	307	\N	\N	f
123	2024-11-14 11:13:43.804758+01	2024-11-14 11:13:43.804804+01	bank	t			50.00	2024-11-13		1	1	1	194	\N	\N	f
130	2024-11-19 16:38:50.183945+01	2024-11-19 16:38:50.184004+01	bank	t			152.00	2024-11-19		1	1	1	301	\N	\N	f
124	2024-11-14 11:14:41.130995+01	2024-11-14 11:14:41.131048+01	bank	t			30.00	2024-11-14		1	1	1	277	\N	\N	f
125	2024-11-14 14:41:43.110315+01	2024-11-14 14:41:43.11036+01	bank	t			95.00	2024-11-14		1	1	1	310	\N	\N	f
126	2024-11-18 13:10:27.608109+01	2024-11-18 13:10:27.608173+01	bank	t			100.00	2024-11-18		1	1	1	312	\N	\N	f
131	2024-11-19 16:42:00.307432+01	2024-11-19 16:42:00.307481+01	bank	t			110.00	2024-11-19		1	1	1	320	\N	\N	f
139	2024-12-01 18:55:37.652403+01	2024-12-01 18:55:37.652455+01	bank	t			55.00	2024-11-29		1	1	1	330	\N	\N	f
132	2024-11-22 08:40:26.121788+01	2024-11-22 08:40:26.121837+01	bank	t			170.00	2024-11-22		1	1	1	322	\N	\N	f
127	2024-11-18 13:34:46+01	2024-11-18 14:44:28.721084+01	cash	t	BE	4	100.00	2024-11-18	Vollmacht	1	1	1	317	\N	\N	f
133	2024-11-25 10:45:07.528836+01	2024-11-25 10:45:07.528879+01	bank	t			100.00	2024-11-25		1	1	1	287	\N	\N	f
145	2024-12-04 08:53:53.554037+01	2024-12-04 08:53:53.55409+01	bank	t			100.00	2024-12-03		1	1	1	338	\N	\N	f
134	2024-11-27 09:01:39.041575+01	2024-11-27 09:01:39.041629+01	bank	t			100.00	2024-11-26		1	1	1	318	\N	\N	f
140	2024-12-01 18:56:30.796084+01	2024-12-01 18:56:30.796139+01	bank	t			60.00	2024-11-29		1	1	1	332	\N	\N	f
135	2024-11-27 09:02:54.733071+01	2024-11-27 09:02:54.733142+01	bank	t			135.00	2024-11-26		1	1	1	326	\N	\N	f
136	2024-11-27 09:07:18.292053+01	2024-11-27 09:07:18.292103+01	bank	t			100.00	2024-11-27		1	1	1	328	\N	\N	f
137	2024-11-28 09:56:09.647754+01	2024-11-28 09:56:09.647807+01	bank	t			100.00	2024-11-27		1	1	1	331	\N	\N	f
141	2024-12-01 18:57:09.24309+01	2024-12-01 18:57:09.243135+01	bank	t			100.00	2024-11-29		1	1	1	334	\N	\N	f
149	2024-12-10 16:43:53.896326+01	2024-12-10 16:43:53.896369+01	bank	t			100.00	2024-12-10		1	1	1	345	\N	\N	f
142	2024-12-02 10:08:58.752147+01	2024-12-02 10:08:58.752194+01	bank	t			100.00	2024-12-02		1	1	1	319	\N	\N	f
146	2024-12-05 09:18:58.381624+01	2024-12-05 09:18:58.381672+01	bank	t			795.00	2024-12-05		1	1	1	282	\N	\N	f
143	2024-12-03 11:03:29.030027+01	2024-12-03 11:03:29.030079+01	bank	t			835.00	2024-12-03		1	1	1	195	\N	\N	f
144	2024-12-03 16:10:18.366189+01	2024-12-03 16:10:18.36625+01	bank	t			50.00	2024-12-03		1	1	1	340	\N	\N	f
147	2024-12-08 17:55:12.276263+01	2024-12-08 17:55:12.276303+01	bank	t			925.00	2024-12-06		1	1	1	337	\N	\N	f
155	2024-12-19 12:48:47.066883+01	2024-12-19 12:48:47.066937+01	bank	t			60.00	2024-12-19		1	1	1	326	\N	\N	f
148	2024-12-10 16:43:16.435841+01	2024-12-10 16:43:16.435889+01	bank	t			100.00	2024-12-10		1	1	1	344	\N	\N	f
150	2024-12-11 19:52:53.224467+01	2024-12-11 19:52:53.224508+01	bank	t			140.00	2024-12-11		1	1	1	346	\N	\N	f
152	2024-12-16 11:13:29.402421+01	2024-12-16 11:13:50.074352+01	bank	t			125.00	2024-12-16		1	1	1	347	\N	\N	f
154	2024-12-19 12:46:59.941434+01	2025-01-30 19:13:56.124794+01	bank	t			550.00	2024-12-18		1	1	1	168	\N	\N	f
153	2024-12-17 14:40:54.623426+01	2024-12-17 14:40:54.623472+01	bank	t			100.00	2024-12-17		1	1	1	354	\N	\N	f
156	2024-12-20 09:37:43.005476+01	2024-12-20 14:42:06.342612+01	bank	t			145.00	2024-12-19		1	1	1	356	\N	\N	f
157	2024-12-20 14:44:02.632403+01	2024-12-20 14:44:02.632451+01	bank	t			70.00	2024-12-20		1	1	1	338	\N	\N	f
158	2024-12-20 14:44:20.622292+01	2024-12-20 14:44:20.622343+01	bank	t			95.00	2024-12-20		1	1	1	355	\N	\N	f
159	2024-12-27 14:57:51.173853+01	2024-12-27 14:57:51.173901+01	bank	t			30.00	2024-12-23		1	1	1	317	\N	\N	f
160	2024-12-27 14:58:40.769896+01	2024-12-27 14:58:40.769944+01	bank	t			460.00	2024-12-27		1	1	1	333	\N	\N	f
161	2025-01-03 20:52:10.173308+01	2025-01-03 20:52:10.173346+01	bank	t			100.00	2025-01-03		1	1	1	359	\N	\N	f
162	2025-01-03 20:53:09.525864+01	2025-01-03 20:53:09.525906+01	bank	t			100.00	2025-01-03		1	1	1	357	\N	\N	f
163	2025-01-10 10:14:46.648698+01	2025-01-10 10:14:46.648741+01	bank	t			60.00	2025-01-09		1	1	1	184	\N	\N	f
164	2025-01-10 10:15:35.545879+01	2025-01-10 10:15:35.545922+01	bank	t			125.00	2025-01-10		1	1	1	354	\N	\N	f
165	2025-01-10 10:16:31.260686+01	2025-01-10 10:16:31.260739+01	bank	t			100.00	2025-01-10		1	1	1	318	\N	\N	f
187	2025-01-28 13:42:27.806987+01	2025-01-28 13:42:27.807031+01	bank	t			100.00	2025-01-27		1	1	1	363	\N	\N	f
166	2025-01-10 11:14:25.584847+01	2025-01-10 11:14:25.584885+01	bank	t			70.00	2025-01-10		1	1	1	362	\N	\N	f
167	2025-01-13 12:12:54.828305+01	2025-01-13 12:12:54.828345+01	bank	t			70.00	2025-01-13		1	1	1	364	\N	\N	f
209	2025-02-14 08:57:27.544642+01	2025-02-14 08:57:27.544686+01	bank	t			465.00	2025-02-14		1	1	1	342	\N	\N	f
168	2025-01-14 09:27:49.079445+01	2025-01-14 09:27:49.079491+01	bank	t			100.00	2025-01-14		1	1	1	363	\N	\N	f
188	2025-01-28 13:42:53.609482+01	2025-01-28 13:42:53.609523+01	bank	t			100.00	2025-01-28		1	1	1	387	\N	\N	f
169	2025-01-14 09:28:59.220142+01	2025-01-14 09:28:59.220182+01	bank	t			70.00	2025-01-14		1	1	1	365	\N	\N	f
170	2025-01-14 12:34:05.7824+01	2025-01-14 12:34:05.782444+01	bank	t			185.00	2025-01-14		1	1	1	318	\N	\N	f
201	2025-02-07 11:20:05.781691+01	2025-02-07 11:20:28.0794+01	bank	t			200.00	2025-02-07		1	1	1	392	\N	\N	f
171	2025-01-14 12:36:17.297581+01	2025-01-14 12:36:17.297622+01	bank	t			160.00	2025-01-14		1	1	1	367	\N	\N	f
189	2025-01-29 13:46:34.652048+01	2025-01-29 13:46:34.652088+01	bank	t			80.00	2025-01-29		1	1	1	390	\N	\N	f
172	2025-01-14 12:37:08.142024+01	2025-01-14 12:37:08.142065+01	bank	t			100.00	2025-01-14		1	1	1	366	\N	\N	f
173	2025-01-15 09:48:05.396758+01	2025-01-15 09:48:05.396801+01	bank	t			100.00	2025-01-15		1	1	1	334	\N	\N	f
174	2025-01-15 13:27:02.173758+01	2025-01-15 13:27:02.173802+01	cash	t	BE	5	100.00	2025-01-15		1	1	1	352	\N	\N	f
190	2025-01-30 09:46:47.447038+01	2025-01-30 09:46:47.447082+01	bank	t			100.00	2025-01-30		1	1	1	393	\N	\N	f
175	2025-01-16 14:43:53.002584+01	2025-01-16 14:43:53.002628+01	bank	t			130.00	2025-01-16		1	1	1	289	\N	\N	f
176	2025-01-17 08:33:40.610026+01	2025-01-17 08:33:40.610064+01	bank	t			100.00	2025-01-16		1	1	1	368	\N	\N	f
177	2025-01-20 10:32:48.968098+01	2025-01-20 10:32:48.968137+01	bank	t			50.00	2025-01-20		1	1	1	372	\N	\N	f
191	2025-01-30 18:58:12.51977+01	2025-01-30 18:58:12.519817+01	bank	t			100.00	2025-01-30		1	1	1	388	\N	\N	f
178	2025-01-20 17:49:44.152329+01	2025-01-20 17:49:44.152383+01	bank	t			50.00	2025-01-20		2	1	2	374	\N	\N	f
179	2025-01-20 18:58:18.041329+01	2025-01-20 18:58:18.041374+01	cash	t	BE	6	100.00	2025-01-20		1	1	1	370	\N	\N	f
202	2025-02-07 13:20:03.358397+01	2025-02-07 13:20:03.358439+01	bank	t			50.00	2025-02-07		1	1	1	412	\N	\N	f
180	2025-01-21 11:14:28.360088+01	2025-01-21 11:14:28.360137+01	bank	t			100.00	2025-01-20		1	1	1	373	\N	\N	f
192	2025-01-30 18:58:55.70062+01	2025-01-30 18:58:55.700662+01	bank	t			150.00	2025-01-30		1	1	1	91	\N	\N	f
181	2025-01-21 11:15:10.898673+01	2025-01-21 11:15:10.898714+01	bank	t			150.00	2025-01-21		1	1	1	313	\N	\N	f
182	2025-01-23 11:12:52.119726+01	2025-01-23 11:12:52.119771+01	bank	t			580.00	2025-01-23		1	1	1	205	\N	\N	f
183	2025-01-23 11:42:49.538685+01	2025-01-23 11:42:49.538726+01	bank	t			70.00	2025-01-23		1	1	1	377	\N	\N	f
193	2025-01-31 12:53:23.50683+01	2025-01-31 12:53:23.506871+01	bank	t			100.00	2025-01-31		1	1	1	396	\N	\N	f
184	2025-01-24 08:13:33.271985+01	2025-01-24 08:13:33.272038+01	bank	t			100.00	2025-01-24		1	1	1	382	\N	\N	f
185	2025-01-24 09:28:02.181238+01	2025-01-24 09:28:02.181283+01	cash	t	BE	7	210.00	2025-01-24		1	1	1	383	\N	\N	f
228	2025-02-28 08:51:31.44203+01	2025-02-28 08:51:31.442077+01	bank	t			245.00	2025-02-27		1	1	1	68	\N	\N	f
186	2025-01-24 10:59:30.351949+01	2025-01-24 10:59:30.35199+01	cash	t	BE	8	50.00	2025-01-24		1	1	1	384	\N	\N	f
194	2025-01-31 12:53:47.206836+01	2025-01-31 12:53:47.206879+01	bank	t			300.00	2025-01-31		1	1	1	385	\N	\N	f
203	2025-02-07 13:20:48.365864+01	2025-02-07 13:20:48.365905+01	bank	t			100.00	2025-02-07		1	1	1	405	\N	\N	f
225	2025-02-26 12:15:39.810045+01	2025-02-26 12:15:39.810087+01	bank	t			50.00	2025-02-26		1	1	1	194	\N	\N	f
195	2025-02-03 14:04:16.660746+01	2025-02-03 14:04:24.65154+01	cash	t	BE	9	100.00	2025-02-03		1	1	1	399	\N	\N	f
196	2025-02-04 15:26:59.166084+01	2025-02-04 15:26:59.166139+01	bank	t			120.00	2025-02-04		1	1	1	402	\N	\N	f
219	2025-02-19 17:26:08.245366+01	2025-02-19 17:26:20.893499+01	bank	t			98.00	2025-02-18		1	1	1	429	\N	\N	f
197	2025-02-06 11:14:59.530489+01	2025-02-06 11:14:59.530532+01	bank	t			-70.00	2025-02-06		1	1	1	387	\N	\N	f
204	2025-02-10 19:23:56.880452+01	2025-02-10 19:24:00.515389+01	bank	t			180.00	2025-02-10		1	1	1	385	\N	\N	f
198	2025-02-06 11:21:01.987587+01	2025-02-06 11:21:01.987625+01	bank	t			100.00	2025-02-05		1	1	1	406	\N	\N	f
199	2025-02-06 16:16:55.268331+01	2025-02-06 16:16:55.268373+01	bank	t			45.00	2025-02-06		1	1	1	409	\N	\N	f
200	2025-02-07 08:57:59.160794+01	2025-02-07 08:57:59.160835+01	bank	t			100.00	2025-02-07		1	1	1	408	\N	\N	f
205	2025-02-12 11:32:43.982653+01	2025-02-12 11:32:43.9827+01	bank	t			160.00	2025-02-10		1	1	1	419	\N	\N	f
206	2025-02-12 11:33:29.935118+01	2025-02-12 11:33:29.935161+01	bank	t			50.00	2025-02-11		1	1	1	161	\N	\N	f
207	2025-02-13 12:55:53.664278+01	2025-02-13 12:55:53.664316+01	bank	t			100.00	2025-02-13		1	1	1	422	\N	\N	f
212	2025-02-14 10:33:24.312119+01	2025-02-14 10:33:24.312161+01	cash	t	BE	10	30.00	2025-02-14		1	1	1	399	\N	\N	f
208	2025-02-13 12:58:50.903063+01	2025-02-13 12:58:50.903108+01	bank	t			100.00	2025-02-13		1	1	1	421	\N	\N	f
220	2025-02-20 09:09:13.153276+01	2025-02-20 09:09:13.15332+01	bank	t			100.00	2025-02-20		1	1	1	430	\N	\N	f
211	2025-02-14 10:27:06.464175+01	2025-02-14 11:01:58.671421+01	bank	t			50.00	2025-02-14		1	1	1	410	\N	\N	f
213	2025-02-14 11:39:58.466728+01	2025-02-14 11:39:58.466778+01	bank	t			100.00	2025-02-13		1	1	1	423	\N	\N	f
223	2025-02-21 10:37:13.426183+01	2025-02-21 10:37:18.31853+01	cash	t	BE	12	100.00	2025-02-21		1	1	1	438	\N	\N	f
214	2025-02-14 12:10:11.811425+01	2025-02-14 12:10:11.811466+01	cash	t	BE	11	135.00	2025-02-14		1	1	1	425	\N	\N	f
221	2025-02-21 08:05:30.911692+01	2025-02-21 08:05:30.911743+01	bank	t			100.00	2025-02-20		1	1	1	432	\N	\N	f
222	2025-02-21 08:07:13.363562+01	2025-02-21 08:07:13.363602+01	bank	t			220.00	2025-02-21		1	1	1	431	\N	\N	f
227	2025-02-26 15:47:01.442716+01	2025-02-26 15:47:01.442761+01	bank	t			100.00	2025-02-26		1	1	1	443	\N	\N	f
224	2025-02-26 11:08:29.165211+01	2025-02-26 11:08:29.165254+01	bank	t			80.00	2025-02-24		1	1	1	442	\N	\N	f
226	2025-02-26 12:16:38.019919+01	2025-02-26 12:16:38.019963+01	bank	t			100.00	2025-02-26		1	1	1	441	\N	\N	f
229	2025-02-28 08:54:26.121252+01	2025-02-28 08:54:26.121296+01	bank	t			350.00	2025-02-27		1	1	1	415	\N	\N	f
230	2025-02-28 11:45:44.603264+01	2025-02-28 11:45:44.603309+01	bank	t			100.00	2025-02-28		1	1	1	447	\N	\N	f
231	2025-02-28 11:51:05.335733+01	2025-02-28 11:51:05.335776+01	bank	t			295.00	2025-02-28		1	1	1	450	\N	\N	f
232	2025-03-01 13:23:27.268265+01	2025-03-01 13:23:27.26831+01	bank	t			100.00	2025-02-28		1	1	1	446	\N	\N	f
233	2025-03-01 15:07:15.685054+01	2025-03-01 15:07:15.68511+01	bank	t			50.00	2025-03-01		1	1	1	452	\N	\N	f
234	2025-03-03 10:59:48.096193+01	2025-03-03 10:59:48.096242+01	bank	t			520.00	2025-03-03		1	1	1	295	\N	\N	f
235	2025-03-03 14:52:24.311953+01	2025-03-03 14:52:24.311996+01	bank	t			65.00	2025-03-03		1	1	1	453	\N	\N	f
236	2025-03-03 14:54:06.87754+01	2025-03-03 14:54:06.87758+01	bank	t			30.00	2025-03-03		1	1	1	451	\N	\N	f
237	2025-03-03 14:57:04.601069+01	2025-03-03 14:57:04.601108+01	bank	t			310.00	2025-03-03		1	1	1	180	\N	\N	f
238	2025-03-03 15:03:41.62597+01	2025-03-03 15:03:41.626031+01	bank	t			100.00	2025-03-03		1	1	1	456	\N	\N	f
239	2025-03-04 09:14:53.309751+01	2025-03-04 09:14:53.30981+01	bank	t			100.00	2025-03-04		1	1	1	454	\N	\N	f
257	2025-03-17 15:37:42.038364+01	2025-03-17 15:37:42.038405+01	bank	t			85.00	2025-03-17		1	1	1	489	\N	\N	f
240	2025-03-04 15:43:04.65879+01	2025-03-04 15:43:04.658851+01	cash	t	BE	13	100.00	2025-03-04		1	1	1	444	\N	\N	f
241	2025-03-06 11:21:15.707329+01	2025-03-06 11:21:15.707379+01	bank	t			100.00	2025-03-05		1	1	1	458	\N	\N	f
242	2025-03-06 17:28:31.916569+01	2025-03-06 17:28:31.916612+01	bank	t			100.00	2025-03-06		1	1	1	466	\N	\N	f
258	2025-03-17 17:09:24.041002+01	2025-03-17 17:09:24.041056+01	bank	f			41.65	2025-03-17		1	1	1	89	\N	\N	f
243	2025-03-06 17:29:12.082656+01	2025-03-06 17:29:12.082697+01	bank	t			100.00	2025-03-06		1	1	1	461	\N	\N	f
244	2025-03-07 15:23:20.981832+01	2025-03-07 15:23:20.981889+01	cash	t	BE	14	80.00	2025-03-07		1	1	1	434	\N	\N	f
245	2025-03-08 08:02:17.379865+01	2025-03-08 08:02:17.379905+01	bank	t			100.00	2025-03-07		1	1	1	465	\N	\N	f
259	2025-03-18 10:10:37.821855+01	2025-03-18 10:10:37.821908+01	bank	t			100.00	2025-03-18		1	1	1	486	\N	\N	f
246	2025-03-11 09:30:38.645663+01	2025-03-11 09:30:38.645711+01	bank	t			45.00	2025-03-11		1	1	1	475	\N	\N	f
247	2025-03-11 09:31:14.668655+01	2025-03-11 09:31:14.668699+01	bank	t			100.00	2025-03-11		1	1	1	456	\N	\N	f
248	2025-03-12 09:03:19.414737+01	2025-03-12 09:03:19.414781+01	bank	t			45.00	2025-03-11		1	1	1	476	\N	\N	f
260	2025-03-18 10:15:44.499362+01	2025-03-18 10:15:44.499412+01	bank	t			100.00	2025-03-18		1	1	1	483	\N	\N	f
249	2025-03-12 09:05:20.064521+01	2025-03-12 09:05:20.064562+01	bank	t			100.00	2025-03-11		1	1	1	471	\N	\N	f
250	2025-03-12 09:06:09.106417+01	2025-03-12 09:06:09.106464+01	bank	t			270.00	2025-03-12		1	1	1	478	\N	\N	f
251	2025-03-12 09:15:28.96555+01	2025-03-12 09:15:28.9656+01	cash	t	BE	15	120.00	2025-03-12		1	1	1	438	\N	\N	f
261	2025-03-18 12:57:57.019265+01	2025-03-18 12:57:57.019319+01	bank	t			195.00	2025-03-18		1	1	1	490	\N	\N	f
252	2025-03-14 13:32:12.527638+01	2025-03-14 13:32:12.527681+01	bank	f			77.35	2025-02-26		1	1	1	89	\N	\N	f
253	2025-03-17 12:44:56.729935+01	2025-03-17 12:44:56.729989+01	bank	t			170.00	2025-03-17		1	1	1	105	\N	\N	f
254	2025-03-17 12:47:52.685498+01	2025-03-17 12:47:52.685552+01	bank	t			50.00	2025-03-17		1	1	1	68	\N	\N	f
262	2025-03-19 08:43:15.566379+01	2025-03-19 08:43:15.566425+01	bank	t			40.00	2025-03-19		1	1	1	493	\N	\N	f
255	2025-03-17 12:55:55.904952+01	2025-03-17 12:55:55.905005+01	bank	t			45.00	2025-03-17		1	1	1	485	\N	\N	f
256	2025-03-17 15:37:27.654769+01	2025-03-17 15:37:27.654814+01	bank	t			100.00	2025-03-17		1	1	1	405	\N	\N	f
263	2025-03-19 08:43:43.845021+01	2025-03-19 08:43:43.845059+01	bank	t			100.00	2025-03-19		1	1	1	495	\N	\N	f
264	2025-03-19 15:53:48.347009+01	2025-03-19 15:53:48.347064+01	bank	f			35.70	2025-03-19		1	1	1	491	\N	\N	f
265	2025-03-21 08:35:58.512821+01	2025-03-21 08:35:58.512873+01	bank	t			45.00	2025-03-19		1	1	1	504	\N	\N	f
266	2025-03-21 08:38:53.73521+01	2025-03-21 08:38:53.735249+01	bank	t			50.00	2025-03-19		1	1	1	405	\N	\N	f
267	2025-03-24 07:52:42.098153+01	2025-03-24 07:52:42.098195+01	bank	t			65.00	2025-03-24		1	1	1	505	\N	\N	f
268	2025-03-24 12:47:11.665644+01	2025-03-24 12:47:11.665686+01	bank	f			59.50	2025-03-24		1	1	1	494	\N	\N	f
269	2025-03-24 16:06:28.658249+01	2025-03-24 16:06:28.658302+01	bank	f			55.00	2025-03-12		1	1	1	467	\N	\N	f
\.


--
-- Data for Name: payments_paymentelement; Type: TABLE DATA; Schema: public; Owner: postgres
--

COPY public.payments_paymentelement (id, invoice_id, payment_id) FROM stdin;
20	21	20
21	22	21
22	23	22
23	24	23
24	25	24
25	26	25
26	27	26
27	28	27
28	29	28
29	30	29
30	31	30
31	33	31
32	34	32
33	36	33
34	38	34
35	39	35
36	37	36
37	40	37
38	41	38
39	42	39
40	43	40
41	44	41
42	45	42
43	46	43
44	47	44
45	48	45
46	50	46
47	50	47
48	49	48
49	51	49
50	52	50
51	53	51
52	54	52
53	55	53
54	56	54
55	57	55
56	59	56
57	58	57
58	60	58
59	61	59
60	62	60
61	63	61
62	64	62
63	65	63
64	66	64
65	67	65
66	68	66
67	69	67
68	70	68
69	71	69
70	72	70
71	73	71
72	74	72
73	75	73
74	76	74
75	78	75
76	77	76
77	79	77
78	81	78
79	80	79
80	82	80
81	83	81
82	84	82
83	85	83
84	86	84
85	87	85
86	88	86
87	89	87
88	90	88
89	91	89
90	92	90
91	93	91
92	94	92
93	95	93
95	96	95
96	98	94
97	99	96
98	100	97
99	101	98
100	102	99
101	103	100
102	104	101
103	105	102
104	106	103
105	107	104
106	108	105
107	109	106
108	110	107
109	111	108
110	112	109
111	113	110
112	114	111
113	115	112
114	116	113
115	118	114
116	117	115
117	119	116
118	120	117
119	121	118
120	122	119
121	123	120
122	124	121
123	125	122
124	126	123
125	127	124
126	128	125
127	129	126
128	130	127
129	131	128
130	132	129
131	133	130
132	134	131
133	135	132
134	136	133
135	137	134
136	138	135
137	139	136
138	141	137
139	142	138
140	143	139
141	144	140
142	145	141
143	146	142
144	147	143
145	148	144
146	149	145
147	140	146
148	150	147
149	152	148
150	153	149
151	154	150
153	151	152
154	156	153
155	157	154
156	158	155
157	161	156
158	162	157
159	160	158
160	163	159
161	159	160
162	164	161
163	165	162
164	167	163
165	168	164
166	169	165
167	170	166
168	171	167
169	172	168
170	173	169
171	174	170
172	175	171
173	176	172
174	177	173
175	155	174
176	179	175
177	180	176
178	181	177
179	183	178
180	182	179
181	184	180
182	178	181
183	185	182
184	186	183
185	187	184
186	188	185
187	189	186
188	190	187
189	191	188
190	192	189
191	193	190
192	194	191
193	195	192
194	196	193
195	197	194
196	198	195
197	199	196
198	200	197
199	201	198
200	202	199
201	203	200
202	205	201
203	206	202
204	207	203
205	197	204
206	208	205
207	209	206
208	210	207
209	211	208
210	166	209
212	213	211
213	198	212
214	215	213
215	216	214
216	217	219
217	218	220
218	219	221
219	220	222
220	221	223
221	222	224
222	224	225
223	225	226
224	223	227
225	226	228
226	227	229
227	228	230
228	229	231
229	230	232
230	231	233
231	232	234
232	233	235
233	234	236
234	235	237
235	236	238
236	237	239
237	238	240
238	239	241
239	240	242
240	241	243
241	242	244
242	243	245
243	244	246
244	245	247
245	246	248
246	247	249
247	248	250
248	221	251
249	249	252
250	250	253
251	251	254
252	252	255
253	255	256
254	254	257
255	256	258
256	257	259
257	258	260
258	259	261
259	260	262
260	261	263
261	262	264
262	263	265
263	264	266
264	265	267
265	266	268
266	267	269
\.


--
-- Data for Name: persons_person; Type: TABLE DATA; Schema: public; Owner: postgres
--

COPY public.persons_person (id, created_at, modified_at, entity, gender, firstname, lastname, identity_card, company_name, company_tax_code, company_iban, phone, email, address, services, created_by_id, modified_by_id, token) FROM stdin;
2	2024-05-23 10:20:35.554331+02	2024-05-23 10:20:59.558171+02	co	ma	Joel	Straub		Notar Dr. Joel Straub			004970517943710	kanzlei@notar-straub.de	Lederstraße 39, 75365 Calw	Notar	1	1	58difmX55EVcRfM7RNhD
4	2024-05-23 10:24:46.490669+02	2024-05-23 10:25:16.413562+02	co	ma	Jean-Philip	Möllmann		Notar Jean-Philip Möllmann			004970327847476	kanzlei@notar-jm.de	Seeländerpl. 2, 71083 Herrenberg	Notar	1	1	0vynBB7SViOj4z98znh3
5	2024-05-23 11:00:03.740521+02	2024-05-23 11:02:23.829741+02	co	ma	Carl Philipp	Schaubele		Notar Carl Philipp Schaubele			004970329561980	kanzlei@notar-schaubele.de	Reinhold-Schick-Platz 4, 71083 Herrenberg	Notar	1	1	6XfXVn50Hbe9ySvGwcTO
6	2024-05-23 11:01:02.744161+02	2024-05-23 11:02:32.933757+02	co	ma	Thorsten	Glombik		Notar Thorsten Glombik			004974527904940	info@notar-gl.de	Hirschstraße 6, 72202 Nagold	Notar	1	1	MxGiiEOuaDQ9dp99RQqI
7	2024-05-23 11:01:44.586377+02	2024-05-23 11:02:53.542711+02	co	ma	Timm	Läpple		Notar Timm Läpple			00497452883960	Kanzlei@Notar-Laepple.de	Schillerstraße 13, 72202 Nagold	Notar	1	1	ZT6GM2hmLv2G2Up30Ukf
8	2024-05-23 12:16:18.988387+02	2024-05-23 12:16:51.500046+02	pi	ma	Marian	Ifrim					004915145635586		Breitenbichl 12, 82256 Fürstenfeldbruck		1	1	u3N5CEfWdG7oIfO0xQD8
10	2024-05-23 14:13:03.622112+02	2024-05-23 14:13:03.622112+02	pi	ma	Claudius	Korch		Notar Dr. Claudius Korch			00497221944730	kanzlei@notar-korch.de	Pariser Platz, Pariser Ring 1, 76532 Baden-Baden	Notar	1	1	V7luzx6qojAwWo7lwvMl
9	2024-05-23 14:11:51.185637+02	2024-05-23 15:55:09.027005+02	pi	ma	Florin	Sima					00491722573474		Luisen Str.8,  76571 Gaggenau		1	1	oEjWHSXLFOXg8EoF9Lkt
13	2024-05-24 09:17:07.731575+02	2024-05-24 09:25:52.084386+02	co	ma	Nikolaus	Buchta		Notare Nikolaus Buchta & Martin Jung			00498141401630	mail@notare-bju.de	Oskar-von-Miller-Straße 4d, 82256 Fürstenfeldbruck	Notar	1	1	5WQmgUD8F1WsNxdeCVeZ
12	2024-05-24 09:15:45.386578+02	2024-05-24 09:26:22.321944+02	co	ma	Alexander	Krafka		Notare Alexander Krafka & Thorsten Langnau			004981414041780	krafka.langnau@notarnet.de	Ledererstraße 10, 82256 Fürstenfeldbruck	Notar	1	1	lWeDUKsGBlRWMHb5nFPN
14	2024-05-24 09:49:28.157444+02	2024-05-24 09:49:28.157444+02	pi	wo	Florina-Mădălina	Păunescu					00491772773392		Siedlung 12, 38368 Mariental OT Dorf		1	1	WNPwpBWIYPANeVtGxEoJ
15	2024-05-24 13:28:37.577604+02	2024-05-24 13:28:37.577604+02	sp	wo	Kirsten	Hirche					004939140095470	info@notarin-hirche.de	Olvenstedter Straße 10, 39108 Magdeburg	Notar	1	1	jAru0gHm5yFcoDDX4QkU
16	2024-05-25 11:37:26.110462+02	2024-05-25 11:54:26.037562+02	pi	wo	Petronela-Florentina	Mușinoiu					0040729509241		Landshuter Str. 35 B, 94315 Straubing		1	1	fbTwpoHgg0ggpy51VTV6
17	2024-05-27 09:16:05.473828+02	2024-05-27 09:16:05.473828+02	sp	ma	Florian	Hagenbucher					00499421187670	mail@notarhagenbucher.de	Bahnhofpl. 1A, 94315 Straubing	Notar	1	1	EbIKVz1wyKHPEbBM41g7
18	2024-05-27 09:17:48.571652+02	2024-05-27 09:18:22.740526+02	pi	ma	Andreas	Bosch		Notare Dr. Schreindorfer & Bosch			0049942199050	info@schreindorfer-bosch.de	Mühlsteingasse 7, 94315 Straubing	Notar	1	1	TMXrCRxXXZ7z6MpdgO53
19	2024-05-27 09:19:08.495647+02	2024-05-27 09:19:23.084332+02	sp	ma	Michael	Böhme					004994221227	info@notar-boehme.de	Mussinanstraße 5, 94327 Bogen	Notar	1	1	XywBYIK8GOT7HQSjD4uB
22	2024-05-27 09:25:52.780343+02	2024-05-27 09:25:52.780343+02	sp	wo	Gundula	Höpner					0049391609330	notarin_gundula.hoepner@t-online.de	Klausenerstraße 37A, 39112 Magdeburg	Notar	1	1	KVdt5Vn24G3PbC3NzExN
24	2024-05-27 12:05:02.429516+02	2024-05-27 12:05:02.429516+02	sp	ma	Cătălin Dănuț	Moraru					00491745350007	catalindanut@yahoo.de	König Leopold III, Nr. 37 4710 Lontzen, Belgien	Übersetzer Rumänisch	1	1	PhFmGGflAdXMQqi6Ani2
32	2024-05-29 09:26:10.524115+02	2024-05-29 09:26:10.524115+02	pi	wo	Maria-Ioana	Stoica					004915739819416		Franz-Liszt-Straße 8, 52249 Eschweiler		1	1	yBNM7WZL5EaHns9uVcke
33	2024-05-29 09:27:25.708582+02	2024-05-29 09:27:25.708582+02	sp	ma	Martin	Kley		Notar Dr. Kley			004924035027425	mail@eschweiler-notarkley.de	Marienstrasse 37, 52249 Eschweiler	Notar	1	1	j3Nk1UrehBq6hX3njjqg
25	2024-05-27 12:43:46.455279+02	2024-05-27 14:31:46.557329+02	pi	wo	Adina-Adriana	Aostăcioae					00491632912284		Taschnerstraße 21, 60388 Frankfurt am Main		1	1	suLhBgRbINBw9VIUXvrk
27	2024-05-27 14:50:48.182241+02	2024-05-27 14:50:48.182241+02	sp	ma	Christian	Dietrich					004925812397	Dr.Christian-Dietrich@web.de	Splieterstraße 27, 48231 Warendorf	Notar	1	1	bAXtJkMzOcVRsMqrNtqp
28	2024-05-27 14:52:33.015949+02	2024-05-27 14:52:33.015949+02	pi	ma	Alfons	Lentfort		Lentfort - Notar und Anwalt			00492581989200	post@lentfort.de	Zumlohstraße 1A, 48231 Warendorf	Notar	1	1	vOXURNL0nHWPZ69DO3My
29	2024-05-27 14:54:48.918364+02	2024-05-27 14:54:48.918364+02	co	ma	Heike	Rensinghoff					004925227081	faber.mareike@anwalt-oelde.de	Bahnhofstraße 22, 59302 Oelde	Notar	1	1	BdNutnnoMpoQYUSZ4XKp
30	2024-05-28 08:49:38.63111+02	2024-05-28 08:49:38.63111+02	pi	wo	Georgeta-Denisa	Ungureanu					004917656803956		Mozartstraße 2, 33775 Versmold		1	1	VC2IcfAoaqeOOn5ETL0a
23	2024-05-27 11:35:10.612343+02	2024-05-28 10:09:27.830543+02	pi	ma	Sandu	Alexa					004915142853918		Str. d. Deutschen Einheit 35, 39326 Wolmirstedt		1	1	SjFtorRolW7wM86bVysN
34	2024-05-29 22:43:44.844872+02	2024-05-29 22:43:44.844872+02	pi	ma	Ioan-Florin	Urs					0040758194387		Hermannstraße 20 , 42897 Remscheid		1	1	iy3cklxUvEiO7gNtDnZr
35	2024-05-30 08:01:56.231681+02	2024-05-30 08:01:56.231681+02	pi	ma	Petre	Petre					0040730345602		Magdeburg		1	1	6cXsYBZ7ookTod2I2278
36	2024-06-03 09:33:58.060403+02	2024-06-03 09:33:58.060403+02	pi	wo	Silvia-Viorica	Vladutu					004915738325130		Obertürkheimer Str. 12, 73733 Esslingen am Neckar		1	1	bLeCeH6tUa4ZKTEm3B5D
37	2024-06-03 15:25:17.269101+02	2024-06-03 15:25:17.269101+02	pi	ma	Cătălin	Munteanu					004915510702251		Rosenheimer Str. 35, 83059 Kolbermoor (Hotel Heider)		1	1	A1aDSKG9z8lYWFdtHTLn
31	2024-05-28 10:46:57.329368+02	2024-06-03 16:22:36.752293+02	sp	ma	Adrian George	Radu		Sprachen Express			00491636299796	adrian.george.radu@gmail.com	Hektorweg 20, 39118, Magdeburg	Dolmetscher Rumänisch	1	1	OrcNfqRKLpNlm5movcXv
38	2024-06-04 19:35:34.578709+02	2024-06-04 19:35:34.578709+02	pi	wo	Natalya	Muller							Bonhoeffer Straße 10, 04668 Grimma		1	1	6tBfx8llRGhyHcWeQYTb
39	2024-06-06 07:00:38.563339+02	2024-06-06 07:00:38.563339+02	pi	wo	Simona	Sava					004917680395937		Elisabeth-Schiemann 5, 59077 Hamm		1	1	0s015CEQAbJ0PmviW2G3
41	2024-06-06 12:37:22.484321+02	2024-06-06 12:37:22.484321+02	pi	ma	Oleg	Vlas		Bau Netzwerk OV GmbH			004915141375409		Wehrener Straße 42, 34281 Gudensberg		1	1	X82FCQNAmLZpMfqBm3Eb
42	2024-06-06 12:43:11.920645+02	2024-06-06 12:43:11.920645+02	sp	wo	Swetlana	Donnerstag					004917620611313	swetlana_donnerstag@yahoo.de	Olvenstedter Str. 15, 39108 Magdeburg	Übersetzer Russisch, Englisch	1	1	Q0tLZzVoMftscIdEAfHJ
43	2024-06-06 12:55:15.300623+02	2024-06-06 12:55:15.300623+02	pi	ma	Constantin	Lipan					004915211638184		Groß Sterneberger Straße 46, 21714 Hammah OT Groß Sterneberg		1	1	zvG6jxADz9TPMSYftxcD
40	2024-06-06 10:46:32.600553+02	2024-06-07 10:05:11.441718+02	pi	ma	Gabriel-Grigore	Lupoae					0040771432425		Poeler Str. 138, 23970 Wismar		1	1	up4uLpKrITFwQTKq64x9
44	2024-06-06 13:05:08.198213+02	2024-06-07 09:49:09.228482+02	pi	ma	Denis-Adrian	Aldea					004915901928595		Seehofstraße 44, 96052 Bamberg		1	1	fCCYd4hwX6u4gh1fxx1j
46	2024-06-07 15:30:18.734185+02	2024-06-07 15:31:38.632783+02	pi	wo	Maria-Lorena	Badea					004915218961646 		Frommeyerstraße 23, 49584 Fürstenau		1	1	C9CLbhmQTQc5I9Fr4tst
48	2024-06-07 15:49:29.072472+02	2024-06-07 15:49:29.072472+02	pi	ma	George	Isopescu					004915223901563	georgeisopescu13@gmail.com	Landsberger Str. 441, 81241 München		1	1	s8h4MPpTadMwLwP0Wwcd
50	2024-06-10 12:44:49.246306+02	2024-06-10 12:44:49.246306+02	sp	wo	Christiane	Streßig					0049238191990	canta@kahlert-padberg.de	Willy-Brandt-Platz 9, 59065 Hamm	Notar	1	1	7h52SWZ83sQwRM74jpcE
81	2024-06-25 07:50:04.661804+02	2024-06-25 07:54:27.759326+02	pi	wo	Irina	Szabo					004915214004253		Friedrich-Engels-Str. 13, 07545 Gera		1	1	iX4EzcYJTzGVlcGsuDfp
49	2024-06-10 12:41:33.30059+02	2024-06-10 12:45:23.223475+02	co	ma	Florian	Dallwig		Peter Rösmann, Rechtsanwalt und Notar			04923811608147	fdallwig@grueter.de	Hesslerstraße 40, 59065 Hamm	Notar	1	1	Vlap7ynYDlWbHwzqpwdf
51	2024-06-10 13:12:20.63161+02	2024-06-10 13:12:20.63161+02	sp	ma	Christoph	Ritter					0049962147240	info@notar-ritter.de	Marienstraße 8, 92224 Amberg	Notar	1	1	vJD5FrkYWSGxHQLTVvjz
53	2024-06-10 15:16:27.475047+02	2024-06-10 15:16:27.475047+02	pi	ma	Manuel	Răducanu							Magdeburg		1	1	x0upPJjHHiwt1B4pK4if
54	2024-06-11 09:51:09.696649+02	2024-06-11 09:51:09.696649+02	pi	ma	Adrian	Dima					004915234679669		Gneisenaustr. 87, 10961 Berlin		1	1	eXkXp7zg3lp4dwJTdwD2
55	2024-06-11 09:52:08.901677+02	2024-06-11 09:52:08.901677+02	pi	wo	Anca-Flavia	Ciliboaie					004915205242998		Bahnhofstraße 4, 84558 Kirchweidach		1	1	wxjdPVPF51sQ7rb45UCB
56	2024-06-11 18:04:13.955991+02	2024-06-11 18:04:13.955991+02	pi	ma	Michael	Habel		Notare Michael Habel und Dr. Sabine Keindl			00498671957990	info@notare-altoetting.de	Dr.-Hiemer-Straße 4, 84503 Altötting	Notar	1	1	NHZuDArs2mORNanlc3sp
47	2024-06-07 15:35:42.31277+02	2024-06-12 08:41:32.722013+02	pi	wo	Amalia	Dumbrava					004915128591649		Schloßstrasse 21a, 49356 Diepholz		1	1	wQZVPJfpMHGdm6OEGlmK
57	2024-06-12 08:43:18.578628+02	2024-06-12 08:43:18.578628+02	pi	wo	Lidia	Grosu					0037367564320		Kalugaer Straße 25, 98724 Neuhaus am Rennweg		1	1	L3tXrCzeGGQyfFiYuK1I
59	2024-06-12 17:36:18.206134+02	2024-06-12 17:36:18.206134+02	pi	ma	Jochen	Keßler		Keßler | Hardt | Notare			00499261910270	mail@notare-kronach.de	Kulmbacher Str. 20, 96317 Kronach	Notar	1	1	1OKCy8iYYKwVXeIQYwA3
60	2024-06-13 11:01:24.891626+02	2024-06-13 11:01:24.891626+02	co	wo	Ulrike	Henschel		HHW			0049308859670	mail@hhw-berlin.de	Bundesallee 39-40A, 10717 Berlin	Notar	1	1	d1g4e7jNT31XY1w1Xsx9
62	2024-06-13 16:52:57.737064+02	2024-06-13 16:52:57.737064+02	co	ma	Landgericht	Magdeburg					00493916060		Halberstüdter Str. 8, 39112 Magdeburg	Apostille	1	1	0nk5aaVtPxa4L3hZqsPD
61	2024-06-13 13:06:44.83862+02	2024-06-14 07:57:17.864254+02	pi	wo	Ioana-Roxana	Căruță					0040755753078		Fritz-Schubert-Ring 46, 63486 Bruchköbel		1	1	MhaZLgysIKAOumX7AfeL
63	2024-06-14 08:03:52.781505+02	2024-06-14 08:03:52.781505+02	pi	ma	Ionuț Cătălin 	Croitoru					004915209702649		Hauptstraße 10, 84558 Kirchweidach		1	1	8WfnkgBlt2MjwlrDIboH
64	2024-06-14 12:41:17.372786+02	2024-06-14 12:41:17.372786+02	co	ma	Caroline	Reichenauer		Landeshauptstadt Magdeburg, Jugendamt 51.61			00493915403131	Caroline.Reichenauer@jga.magdeburg.de	Wilhelm-Höpfner-Ring 1		1	1	AG54WqVQtsdJpg9F8k2E
65	2024-06-17 09:35:51.041789+02	2024-06-17 09:35:51.041789+02	pi	ma	Ciprian	Domnica					00491625336020		Köslinerweg 10, 30900 Wedemark		1	1	shy669pKciIfTL99J0N4
66	2024-06-17 09:49:13.613307+02	2024-06-17 09:49:13.613307+02	pi	wo	Adela-Daniela	Molnar					004915778408207		Leinwebergasse 2, 60386 Frankfurt am Main		1	1	hA3oxZhLUKWLMjuX1Qqg
82	2024-06-25 17:41:45.069201+02	2024-06-25 17:41:45.069201+02	pi	wo	Daniela	Voica					0040721994432		Podbielskistraße 185, 30117 Hannover		1	1	dd8RB19JiI2VSzCzMpeG
68	2024-06-17 10:12:45.757793+02	2024-06-17 11:05:29.066477+02	pi	ma	Valentin-Emanuel	Mertoiu					0040762833085		Thüngersheimer Str. 72, 97261 Güntersleben		1	1	t4dNYoAMR0v6N43U7V5k
69	2024-06-17 13:49:52.988374+02	2024-06-17 13:49:52.988374+02	pi	wo	Petra	Becke					00495139989520	notariat@versteyl.de	Kokenhorststraße 19, 30938 Burgwedel	Notar	1	1	q3y6KiX6xEu9ShVkaQQf
70	2024-06-17 15:31:08.785021+02	2024-06-17 15:31:08.785021+02	sp	ma	Jens	Neie					00499313590200	mail@notar-neie.de	Domstraße 5, 97070 Würzburg	Notar	1	1	D09j2VregIPhroMcyndF
71	2024-06-18 10:00:07.921327+02	2024-06-18 10:00:07.921327+02	sp	ma	Andreas	Lanters					004926176041	info@notariat-lanters.de	Im Teichert 117, 56076 Koblenz	Notar	1	1	8ggSthLQD1woUnEx6Iqp
73	2024-06-18 16:30:56.353888+02	2024-06-18 16:30:56.353888+02	sp	ma	Klaus	Hackenbroich					004969888639	info@notar-hackenbroich.de	Luisenstraße 33, 63067 Offenbach am Main	Notar	1	1	uCfT09MysjY7SwAJhjQ0
74	2024-06-18 16:33:17.973405+02	2024-06-18 16:33:17.973405+02	sp	ma	Norbert	Koch		HaackSchubert Partnerschaftsgesellschaft mbB			004969800735100	info@haackschubert.de	Hafeninsel 11, 63067 Offenbach am Main	Notar	1	1	GxF2iMOJtUeaN9B3U3mV
75	2024-06-19 08:53:19.341224+02	2024-06-19 08:53:19.341224+02	pi	ma	Florin-Ion	Stan					004915510752382	fion43@yahoo.com	Rübezahlplatz 13, 87700 Memmingen		1	1	qFyT8dHCPV1Up8e9ecBw
76	2024-06-19 11:23:09.196452+02	2024-06-19 11:23:09.196452+02	sp	wo	Susanne	Franke		Rechtsanwältin und Notarin			 004944135027236	office@susanne-franke.com	Amalienstraße 22, 26135 Oldenburg	Notar	1	1	ejYl2lw5CNGz7BOUArWo
77	2024-06-20 10:21:31.877705+02	2024-06-20 10:21:31.877705+02	pi	ma	Arnold	Voran		Kanzlei Memmingen			00498331929000	info@notar-voran.de	Hallhof 6, 87700 Memmingen (/1. Stock)	Notar	1	1	CoTuV7QbIUfMNkpWd8dH
78	2024-06-24 07:18:23.945355+02	2024-06-24 07:18:23.945355+02	pi	wo	Mihaela Amalia	Birsan						birsan.amalia@gmail.com	Feldstr.15, 63329 Egelsbach		1	1	BLDmNWJyDi9CLvbIX4VD
79	2024-06-24 08:00:57.049874+02	2024-06-24 08:00:57.049874+02	pi	ma	Clement-Emil	Cârdan					004915147423707				1	1	kIOXPjm4g0UTkjsuagJL
83	2024-06-26 09:36:13.194944+02	2024-06-26 09:36:13.194944+02	sp	wo	Janett	Talke					0049365290570	notarin@talke.org	Humboldtstraße 29, 07545 Gera	Notar	1	1	LcMfYN6z0FKjKuHUnska
84	2024-06-26 09:49:57.443341+02	2024-06-26 09:49:57.443341+02	co	ma	Gerd	Lange		LANGE Notar & Rechtsanwälte			0049511368840	mail@notarlange.de	Schiffgraben 23, 30159 Hannover	Notar	1	1	NQmKHr0IiKUuxrIs1ul5
85	2024-06-27 05:14:34.099889+02	2024-06-27 05:14:34.099889+02	sp	ma	Tim	Kraus					004997765008	mail@notar-kraus.de	Erfurter Str. 23, 97638 Mellrichstadt	Notar	1	1	zeoLexBYQy0mdkY9KJDA
86	2024-06-27 13:00:01.118345+02	2024-06-27 13:00:01.118345+02	pi	ma	Ștefăniță-Dănuț	Dorobanțu					0040759586425		Waldstraße 8, 39291 Möckern		1	1	Sp7uW7coebEDiOmPrs7K
88	2024-06-27 14:09:16.659144+02	2024-06-27 16:00:10.46538+02	pi	ma	Alexandru	Panfil					00491756264863	info@panfil-fbh.de	Eichendorff Str. 6 ,  57610 Altenkirchen		1	1	UnxnFRoELYwlh8LNpljw
90	2024-06-28 12:11:38.481906+02	2024-06-28 12:11:38.481906+02	sp	wo	Sonja	Krause					00493920162013	info@notarin-krause.de	Bahnhofstraße 37, 39326 Wolmirstedt	Notar	1	1	xJJrPElwNk6YU22GpmuZ
93	2024-07-01 09:02:44.425721+02	2024-07-01 09:02:55.93247+02	sp	ma	Hans	Peller					0049374115130	notar@notar-peller.de	Klosterstraße 1, 08523 Plauen	Notar	1	1	BGNH1053EyIowEmbJuNR
92	2024-07-01 08:56:03.442924+02	2024-07-01 10:38:17.823296+02	pi	ma	Puiu	Niculae					004915222309309		Olvenstedter Scheid 53, 39130 Magdeburg		1	1	BoT1v38xMp9UwMT6qSFC
95	2024-07-01 17:39:48.205175+02	2024-07-01 17:39:48.205175+02	sp	ma	Matthias	Golz					00493923780019	info@notar-golz.de	Alte Brücke 45, 39261 Zerbst/Anhalt	Notar	1	1	mTQM5d67jZNKhbdc79O6
97	2024-07-03 07:19:24.489607+02	2024-07-03 07:19:24.489607+02	pi	ma	Fiodor	Bocancea					0037367372444				1	1	Ww1jVUzARx7lRIMJrrzE
98	2024-07-06 09:20:26.665692+02	2024-07-06 09:23:11.474666+02	pi	ma	Petru	Tulea					0037367233770		Akazienstr. 38, 27751 Delmenhorst		1	1	Gx1sB58nhCEYLGQG4gIF
99	2024-07-09 08:05:06.495384+02	2024-07-09 08:05:16.950713+02	pi	wo	Camelia	Lösch					004917624147647		Richard-Wagner-Str. 20, 89250 Senden		1	1	3xdpe9ymDTJT3JKhAnAR
100	2024-07-09 08:06:38.936204+02	2024-07-09 08:21:10.279239+02	pi	wo	Ana	Alexe					004915256042454 		Suarezstraße 43, 14057 Berlin, Deutschland		1	1	XUu9Y38AAYFtNBYiG3hG
101	2024-07-10 08:32:17.140265+02	2024-07-10 08:32:17.140265+02	pi	ma	Mihai	Sebastian					004915773756179		Köln		1	1	7zF190S3B7en0dxJQh21
102	2024-07-11 09:18:43.7543+02	2024-07-11 09:18:43.7543+02	pi	wo	Lina	Shaban							Rosenthal str 5a, 39124  Magdeburg		1	1	bkhU10TkfSKWpL2yqxCe
104	2024-07-12 11:26:01.087205+02	2024-07-12 11:26:01.087205+02	pi	wo	Manuela-Florentina	Ostendörfer					004917620605975		Vorwerkstr. 12,  85051 Ingolstadt		1	1	IMw8IHDTvulOpDYFFsug
105	2024-07-16 08:24:08.470632+02	2024-07-16 08:27:25.004449+02	pi	wo	Mihaela	Sergheev					0037369048440		Bahnikstraße 13, 39112 Magdeburg		1	1	ntSzIssYKMw0lzagCvOW
106	2024-07-16 11:37:33.70917+02	2024-07-16 11:37:33.70917+02	pi	ma	Ioana	Nichifor					0040760080866		Rathausstraße 39, 65203 Wiesbaden Biebrich		1	1	GtvbZXpanzGnNFX6CUT3
108	2024-07-16 14:19:38.644898+02	2024-07-16 14:19:38.644898+02	sp	ma	Peter	Krolopp					00493916209334	notar-peter-krolopp@notarnet.de	Humboldtstraße 2, 39112 Magdeburg	Notar	1	1	y65MIwmAsQuCi2CEKLi5
107	2024-07-16 12:08:42.786465+02	2024-07-17 10:02:57.599077+02	pi	ma	Augustin-Nicolae	Varga					0040799318456		Gotthardstraße 118, 80689 München		1	1	jlvnBnKwjQAwnQnJOgSm
110	2024-07-18 11:52:01.706805+02	2024-07-18 11:52:01.706805+02	pi	ma	Sergej	Kruzalski					004917647646712		Heinrich-Rau-Straße 26, 39218 Schönebeck		1	1	4KFNaGpD59r6MC8F5kp5
111	2024-07-20 09:16:02.08354+02	2024-07-20 09:16:02.08354+02	pi	wo	Gabriela	Bamboi					004915213615256		Grünstraße 14, 39124 Magdeburg		1	1	xNUup0U8JKiM3Yda6Yez
113	2024-07-22 11:09:59.03604+02	2024-07-22 11:09:59.03604+02	co	ma	Rainer	Werum		Werum.Notare			00496924741550	mail@werum.law	Roßmarkt 14, 60311 Frankfurt am Main	Notar	1	1	l520wX2ilYXSxaTD3vSs
114	2024-07-23 08:42:29.192508+02	2024-07-23 09:04:06.42702+02	pi	ma	Victor	Alexa					004915758904706	alexavictor96@gmail.com	Mühlenberg 52, 31547 Rehburg-Loccum		1	1	HarCXcNVZGDGAqI1hofV
115	2024-07-23 10:08:34.878817+02	2024-07-23 10:08:34.878817+02	pi	wo	Mihaela-Măcinica	Rusu					004915168601558		Am Waldberg 25, 74670 Forchtenberg		1	1	jriCHpsmQ1att2vQRbvD
116	2024-07-23 10:34:14.094049+02	2024-07-23 10:34:14.094049+02	pi	ma	Artur	Harcomici					0040723425431		Wasbeker Straße 38A, 24534 Neumünster		1	1	Rmz7S8Svh5DpK5ccmveA
117	2024-07-23 12:37:58.968972+02	2024-07-23 12:37:58.968972+02	pi	wo	Roxana-Silviana	Ciobanu					004915175334029		Rudolf-Elle-Straße 3, 07607 Eisenberg		1	1	8AS0m8aifgH08c985PS7
112	2024-07-20 09:58:23.124512+02	2024-07-24 08:09:36.331781+02	pi	wo	Andreea	Zaharia					004917626091944	zaharia.valer.iulius@gmail.com	Bahnhofstr. 39,  85591 Vaterstetten		1	1	D6NSWf3a10LE7x9BHuaP
118	2024-07-24 09:55:59.290189+02	2024-07-24 09:55:59.290189+02	sp	ma	Martin	Seikel					004936691830990	notar.seikel@notarnet.de	Friedrich-Ebert-Straße 29, 07607 Eisenberg	Notar	1	1	QdDvNXMCiV6a02DiDWMW
126	2024-07-26 08:35:45.82666+02	2024-07-26 08:35:45.82666+02	sp	ma	Jonas	Pfizenmayer					004979416979560	info@notar-veitinger.de	Haagweg 35, 74613 Öhringen	Notar	1	1	6A7DUYDtG8kJRrzMWjep
127	2024-07-26 11:17:34.446832+02	2024-07-26 11:17:34.446832+02	pi	ma	Madalin	Florea					00491795669658		Josefstaler Str. 24,  83727 Schliersee		1	1	KsF5rUcNCRHZP7XYimf6
123	2024-07-25 08:50:21.408571+02	2024-07-25 14:11:07.660245+02	pi	ma	Nicolae-Bogdan	Savuț							Wilhelms Heide 8, 49451 Holdorf		1	1	QgaCvTIu46sNq2SefDSR
121	2024-07-24 15:24:44.951264+02	2024-07-25 14:36:09.939673+02	pi	ma	Ștefan	Chetrari					00393669071861		Fechenheimer Weg 24, 63477 Maintal		1	1	mpujxZOGq1wPiLgS5PVV
120	2024-07-24 13:53:38.911762+02	2024-07-29 08:17:52.080279+02	pi	ma	Daniel Gheorghe	Ciorna					004917666889096	smecheru_daniel2008@yahoo.com	Magdeburg		1	1	BewwJPH7JS0gQKHM4h4F
128	2024-07-29 11:07:53.00652+02	2024-07-29 11:07:53.00652+02	sp	wo	Patricia	Hăbășescu					004915165677391	patriciahabasescu@gmail.com	10629 Berlin	Übersetzer Rumänisch	1	1	eYaQnGlhGFiEj9zg9Ogu
129	2024-07-29 12:08:04.912585+02	2024-07-29 12:08:04.912585+02	pi	ma	Vitali	Godorogea					0037362042809		Leckringhäuser Str. 8A, 34466 Wolfhagen		1	1	IVt3zakAK6XzZ4boQdE1
131	2024-07-29 16:22:40.684711+02	2024-07-29 16:33:47.395223+02	pi	wo	Alexandra Ioana	Baltaretu					0040741922050		Eybstraße B244, 86633 Neuburg a. d. Donau		1	1	mEoR4NsIgA1elkt6Izce
134	2024-07-31 11:26:06.224197+02	2024-07-31 11:26:06.224197+02	sp	ma	Hagen	Wolff					00496214017570	mail@notar-drwolff.de	O3 11-12, 68161 Mannheim	Notar	1	1	XmJlCtT33PIdFV3dP4kk
119	2024-07-24 10:28:54.616766+02	2024-07-29 17:22:52.071317+02	pi	ma	Lenuta Corina	Matraș					004915738629253	Black_angel_alex24@yahoo.com	Nußdorfer Str. 6, 70435 Stuttgart Zuffenhausen		1	1	Owp4IlLbB8ks2CynzzUL
132	2024-07-31 07:29:19.017079+02	2024-07-31 07:29:19.017079+02	pi	ma	Marin	Almăjanu					004915217985804		Beethovenstraße 18, 08525 Plauen		1	1	LCNhIZEx9jVWj0wjG4qc
130	2024-07-29 13:03:39.420158+02	2024-07-31 10:17:17.884148+02	pi	wo	Diana	Merjan					004915510802745		Lammgasse 5, 88299 Leutkirch im Allgäu		1	1	8OHb31MlC5IcFiH2FWEu
124	2024-07-25 15:50:31.063354+02	2024-07-31 11:27:42.918661+02	pi	wo	Victoria	Focht					004917624288060		Am Steingarten 11, 68169 Mannheim		1	1	KMRfv2P3WGiO3CL31I2n
138	2024-08-04 19:05:57.658881+02	2024-08-04 19:05:57.658881+02	pi	ma	Cosmina-Denisa	Anghel					004915210266746 		Wüstrathstraße 2,  47829 Krefeld		1	1	ZStkVpqtZo7iT1gzM2pQ
139	2024-08-04 19:07:24.747242+02	2024-08-04 19:07:24.747242+02	pi	ma	Roman	Melnic					0040739437450		Steinfurther Str. 4a, 61231 Bad Nauheim		1	1	YnBN8sTezdORV5JdTxFE
140	2024-08-04 20:12:28.016506+02	2024-08-04 20:12:28.016506+02	pi	ma	Huziev	Dmytro					00491602406144	dmitriy.kharczsk@gmail.com	Unterdorf 10, 82069 Schäftlarn		1	1	VeDRoYVr446ZOfhLa4Iw
137	2024-08-04 18:39:57.853308+02	2024-08-05 13:05:37.624964+02	pi	ma	Verginica	Geiger					004915510156287		Schützenstraße 15, 86830 Schwabmünchen		1	1	BwlT2N3XPZjaGVbRyUIy
122	2024-07-25 08:08:50.168151+02	2024-08-09 09:30:25.175889+02	pi	wo	Cristina	Toderașco					0037368213815		Rathauspl. 2, 78166 Donaueschingen		1	1	IZeqByxrnaR2t61FhA7T
141	2024-08-05 10:11:48.271232+02	2024-08-05 10:13:31.989989+02	pi	wo	Anastasia	Efimuc					004915167754020		Kaiserstraße  91, 63065 Offenbach am Main		1	1	dIZnNNBR6Cwt5MMRIpFQ
142	2024-08-05 12:56:23.517615+02	2024-08-05 12:57:09.25703+02	pi	wo	Cornelia	Ghiță					004915175957937				1	1	Gi7qCns0GrlHWjivL4S0
143	2024-08-06 11:00:10.602277+02	2024-08-06 11:00:10.602277+02	pi	ma	Constantin	Mazilu					004915235858098		Pflanzenländer Weg 3, 63683 Ortenberg		1	1	MOSi8SCU8gyPVJ6Bvp96
144	2024-08-07 11:03:29.611184+02	2024-08-07 13:02:57.570694+02	pi	wo	Cristina-Ionelia	Boca					00491795669658		Josefstaler Str. 24, 83727 Schliersee		1	1	5wSt8fS4kx0yBoB0q5S0
146	2024-08-07 19:21:36.275162+02	2024-08-07 19:21:36.275162+02	pi	ma	Alex	Boncu					0040727479967		Apenrader Str. 23, 24939 Flensburg		1	1	3fqoNOPe2ILTYD8i4NDJ
149	2024-08-08 14:46:17.720422+02	2024-08-08 14:46:17.720422+02	pi	ma	Mihai-Ioan	Bozesan					004915510092663				1	1	FV7FPo5YftsY1lQpvjnW
177	2024-08-29 11:34:50.125179+02	2024-08-29 11:34:50.125179+02	pi	ma	Dan Dumitru	Mortoiu					004917641506464	dan_mortoiu@yahoo.com	Am Estedeich 4c , 21614 Buxtehude		1	1	SvnldPMH5h6i4MPuLenV
150	2024-08-09 11:48:32.297968+02	2024-08-09 11:48:32.297968+02	sp	ma	Dietrich	Schenke					0049461520770	baeuerle@khs-flensburg.de	Stuhrsallee 35, 24937 Flensburg	Notar	1	1	N8Ou70mfwB5ELPzXt26k
148	2024-08-08 13:39:37.685975+02	2024-08-09 12:28:20.138798+02	pi	ma	Ion	Dontu					004915211483235		St.-Josef-Straße 90, 39130 Magdeburg		1	1	UhKAxDHqFvHHXIEINDcc
152	2024-08-09 17:40:26.46528+02	2024-08-09 17:40:26.46528+02	pi	ma	Emerik-Iuliu	Sas					004915510213362		Adolf-Todt-Straße 8, 65203 Wiesbaden		1	1	oK7rO3qoWR8N8MXyT335
153	2024-08-10 09:06:22.375028+02	2024-08-10 09:06:22.375028+02	pi	ma	Florin	Heveş					0048501833541	hevesflorin14@gmai.com	Schlachthofstraße 16, 44649 Herne		1	1	4MiR6VHseIy5nZQU1Qpg
154	2024-08-12 08:51:57.37006+02	2024-08-12 08:51:57.37006+02	sp	wo	Melanie	Kleine					00496997392150	kleine@kanzlei-kleine.de	Frankfurter Str. 111b, 63067 Offenbach am Main	Notar	1	1	OkZogQMcHzB4g9bND8nS
147	2024-08-08 13:37:06.910377+02	2024-08-12 12:38:49.454979+02	pi	ma	Dumitru	Matvei							Weidenhof 5, 14478 Potsdam		1	1	QYjRAqMHnJQjBShEIWAz
155	2024-08-12 15:21:16.521442+02	2024-08-12 15:21:16.521442+02	sp	ma	Lutz	Hoppe					0049611989190	hoppe@rechtsanwalt-wiesbaden.de	Biebricher Allee 23, 65187 Wiesbaden	Notar	1	1	oon440HWDZMvVbLRJWiE
178	2024-09-02 09:05:32.34593+02	2024-09-02 09:05:32.34593+02	pi	ma	Viorel-Cornel	Mureșan					004917663471644 		Feuerbach Walterstr. 6, 70469 Stutgart		1	1	wKeIWRWqB2AFhWjfQL36
158	2024-08-14 07:48:56.198096+02	2024-08-14 07:48:56.198096+02	pi	wo	Lucreția	Mureșan					004915213569753		Rendlenstraße 14, 70469 Stuttgart		1	1	Ila0JpFhi2DeMmEg0VdX
161	2024-08-14 08:29:20.643569+02	2024-08-14 08:29:20.643569+02	pi	wo	Tetiana	Zhulanova					00380985520963		Hermann-Böcker-Str. 3, 82140 Olching		1	1	gFDmyx63IQmuCTE3dsHJ
160	2024-08-14 07:52:05.028869+02	2024-08-15 10:36:12.803668+02	pi	ma	Dinu-Gheorghe	Cucerzan					004915751447857		Böblingerstrasse 12, 71139 Ehningen		1	1	8rr6OQft5X8HOcEVGHnr
162	2024-08-15 14:50:39.587809+02	2024-08-15 14:50:39.587809+02	sp	ma	Hartmut	Rank		Übersetzungsbüro RANK			004915207037600		Eichenstr. 3, 06198 Salzatal OT Schochwitz	Übersetzer Ukrainisch	1	1	aUFnKFixb8BQy3ULSekR
163	2024-08-16 09:16:11.592627+02	2024-08-16 09:16:11.592627+02	pi	wo	Andreea-Mădălina	Petre					004915510373594		Gottfried Str. 3, 49584 Fürstenau		1	1	WoadrInUpg1m6EWhNwNp
165	2024-08-16 13:49:05.352366+02	2024-08-16 13:49:05.352366+02	pi	ma	Nicolae G.	Baciu					004915566634123	abaciu931@gmail.com	Flechtinger Str.  57, 39110 Magdeburg		1	1	UhNq5gB5xBEO0ekrTQoo
156	2024-08-13 08:34:38.547207+02	2024-08-19 12:27:59.923108+02	co	ma	Thorsten	Fischer		Flyeralarm GmbH			0049931465840		Alfred-Nobel-Str. 18, 97080 Würzburg	Design, Druckerei	1	1	AoAWAbWObHedjTthbWBh
166	2024-08-20 11:31:56.734304+02	2024-08-20 11:31:56.734304+02	pi	ma	Klaus	Uthoff		Geers - Overhoff - Uthoff			004959011091	rechtsanwaelte@geers-overhoff.de	Konrad-Adenauer-Straße 15, 49584 Fürstenau	Notar	1	1	QBaJvYS2gfq7Unw4Hlrf
167	2024-08-23 11:47:33.986249+02	2024-08-23 11:47:33.986249+02	pi	ma	Sergiu	Stinga		S_G-Bauleistungen			004915775412514		Hauptstraße 9, 39343 Schackensleben	Bauleistungen	1	1	dnQfv7moRXm0hSt2gItn
168	2024-08-26 10:45:44.275048+02	2024-08-26 10:45:44.275048+02	pi	ma	Ioan	Simonyak					00491607543815		Kaltbronner Str. 12, 87764 Legau		1	1	gH1WOmxY5OCeVjEbVOyr
170	2024-08-26 13:44:38.77468+02	2024-08-26 13:44:38.77468+02	pi	ma	Constantin-Eugen	Vilău-Hăinaru					0040768606343		Auf d. Klinge 3, 86757 Wallerstein		1	1	wZLZ76v1ARXzfpmmAH8T
169	2024-08-26 13:04:18.016671+02	2024-08-27 08:47:38.318935+02	pi	ma	Galina	Mahu					004917687304442	gruzcovgalina@gmail.com	Morsbacher Str. 30, 52146 Würselen		1	1	8ztMXCfUWcGximIJXJ76
172	2024-08-27 11:27:21.234272+02	2024-08-27 11:27:21.234272+02	pi	wo	Claudia	Stenzel					004990818050650	info@notarin-stenzel.de	Weinmarkt 8, 86720 Nördlingen	Notar	1	1	corOj2924H81i3ELkBzi
173	2024-08-27 11:32:36.644257+02	2024-08-27 11:32:36.644257+02	pi	wo	Samira-Ramona	Dinescu					00491627671191				1	1	IfKrIi8alN7NpYyqXiiJ
175	2024-08-27 15:07:05.385769+02	2024-08-27 15:07:05.385769+02	pi	ma	Ionuț	Călin					004915773718084 		Gerhart-Hauptmann-Hof 1, 56626 Andernach		1	1	ooToLfOJWkPcocQQrOSP
176	2024-08-28 11:28:13.93468+02	2024-08-28 11:28:13.93468+02	co	ma	Stephan	Schuck		Dr. Schuck & Dr. Reichert			0049263249770	info@schuck-reichert.de	Rennweg 97, 56626 Andernach	Notar	1	1	axQc6MhbybUYJXGzK8Ip
174	2024-08-27 14:44:16.581916+02	2024-08-28 14:46:53.415739+02	pi	ma	Mindra	Gabor					0040755424013	pvkonzept@gmail.com	Haverländer Str. 7, 39615 Groß Garz		1	1	YixsMgdjv4Ec9TYuDgym
179	2024-09-02 09:42:57.253935+02	2024-09-02 10:09:42.324216+02	pi	wo	Vasilica	Moraru					004915218642620		Eickenstraße 38, 58300 Wetter		1	1	GR3VuDacFShG6IwUy7K2
180	2024-09-02 13:55:22.002+02	2024-09-02 13:55:22.002+02	pi	wo	Laura	Cobîlaș					004915217534674		Deulstraße 21, 12459 Berlin		1	1	MZGBXUkJyHPXn5L2JtMw
182	2024-09-03 08:39:48.68019+02	2024-09-03 08:39:48.68019+02	pi	ma	Florian-Vasile	Catana					00491629830896		Venhauser Str. 11, 48480 Spelle		1	1	Er2g404I8tg6s0i7KuNM
183	2024-09-03 10:06:07.288425+02	2024-09-03 10:06:07.288425+02	pi	ma	Florin-Gabriel	Crețu					004917642057899		Birkenstraße 8,  56587 Straßenhaus		1	1	pgGnJw4ZC5dUB6aRnVoD
187	2024-09-04 10:30:20.473834+02	2024-09-04 10:30:20.473834+02	pi	ma	Olivier	Takou					004917643295155		Magdeburg		1	1	2oWuzSQWUCl7d7jucamc
188	2024-09-04 10:55:14.803543+02	2024-09-04 10:55:14.803543+02	pi	wo	Roxana	Mocanu					004917663454681	mocanuroxanaroxana28@gmail.com	Goethestraße 5, 72218 Wildberg		1	1	JmXj8NtBsBIbtt3Mw3L4
189	2024-09-04 12:29:05.34724+02	2024-09-04 12:29:05.34724+02	pi	ma	Jürgen	Schmidt		Schmidt & Dr. Kögler			0049263198820	info@schmidtkoegler-notare.de	Heddesdorfer Str. 3, 56564 Neuwied	Notar	1	1	vBskHNJfD64ssHGOssYo
190	2024-09-05 12:19:56.205402+02	2024-09-05 12:19:56.205402+02	sp	ma	Christian	Kümpers					0049597116210	christian.kuempers@raekuempers.de	Neuenkirchener Str. 14, 48431 Rheine	Notar	1	1	Ty1okiKTiIjpyOqQJaTq
192	2024-09-05 13:24:01.207227+02	2024-09-05 13:24:21.028813+02	pi	wo	Claudia	Moldovan					004915510330930		Uhlandstr. 4 // 03, 08525 Plauen		1	1	L9D7RsS2JDY1Djv3lTed
185	2024-09-04 10:24:48.699575+02	2024-09-05 15:03:32.127915+02	sp	wo	Gabriele	Fiebig					004917640157375	GFiebig@gmx.net	Arndtstr.29, 39108 Magdeburg	Übersetzer Englisch, Französisch	1	1	9r0O8PGxfmRRvm11Ypte
193	2024-09-05 18:51:06.299012+02	2024-09-05 18:51:06.299012+02	pi	wo	Antonia	Gheorghiu					004915756504037		Ohmstr. 24, 45143 Essen		1	1	o97eqS8V1nCCXtXM458m
194	2024-09-09 12:28:30.462715+02	2024-09-09 12:28:30.462715+02	pi	ma	Toma	Stanca					0040765694832		Jakob-Müller-Str. 1, 86825 Bad Wörishofen		1	1	kqDUcUF6deZxogbIhCdM
195	2024-09-09 13:21:02.110097+02	2024-09-09 13:21:02.110097+02	pi	wo	Liudmyla	Kamenchuk						ludmilkakamenchuk@gmail.com	W.-I.-Lenin-Straße 13, 19370 Parchim		1	1	d7CkhAHrGBv5ls1ZvAKw
227	2024-09-24 11:21:44.944756+02	2024-09-24 11:21:44.944756+02	sp	ma	Franzis	Lichtenberg					0049548193730	info@dr.lichtenberg-schallenberg.de	Schulstr. 66, 49525 Lengerich	Notar	1	1	nmXwnwPw45ER15wyHttJ
236	2024-09-27 10:19:03.8085+02	2024-09-27 10:19:03.8085+02	pi	wo	Lory	Zerykier					00491722937193	lzerykier@web.de	50672 Köln	Übersetzerin Englisch, Italienisch, Rumänisch	1	1	tsn7zmeyYwBvMVaglds5
237	2024-09-27 10:46:44.144954+02	2024-09-27 10:46:44.144954+02	pi	ma	Georgian-Adrian	Stan					004915251057847 		Paul-Lürmann-Straße 23, 99718 Greußen		1	1	5CUp6wG5q0jwtxApbyRs
243	2024-09-30 10:18:54.178955+02	2024-09-30 10:18:54.178955+02	pi	ma	Joachim	Gulich					00495312820605	gulich@appelhagen.de	Theodor-Heuss-Straße 5A, 38122 Braunschweig	Notar	1	1	cPksFYL7tKTIrXFru5Qx
205	2024-09-14 08:43:13.849814+02	2025-01-15 13:08:28.70474+01	pi	wo	Yuliia	Berezovska					00491759054045	lanigera84@gmail.com	Südring 20B, 39288 Burg (bei Magdeburg)		1	1	Aukijx7ZnfmSkadyRGSa
204	2024-09-13 14:00:07.369125+02	2025-03-20 16:29:01.128386+01	pi	ma	Eugeniu	Andriuta					004917684583824		Jettinger Str. 56, 71126 Gäufelden		1	1	I8WuXavNjebxGj7m2Hlx
196	2024-09-09 19:32:53.276699+02	2024-09-09 19:32:53.276699+02	pi	ma	Renat	Kysilov					00380952402745	renatkiselev9@gmail.com	Bahnhofstraße 15, 82340 Feldafing		1	1	YRQtoYNZzsgQzaa7ZWGp
198	2024-09-10 10:39:44.854357+02	2024-09-10 10:39:44.854357+02	pi	wo	Hanna	Mirko							Bebertaler Str. 4, 39124 Magdeburg		1	1	RLV6rvIyGg7bcuFOAyzj
200	2024-09-11 09:17:19.305836+02	2024-09-11 12:37:14.033887+02	pi	wo	Ana Maria	Pelinar							Str. Alunului 13-13A, 077025 Bragadiru , Rumänien		1	1	E4WNpXuC7a37FhigPkX5
202	2024-09-12 09:00:22.194322+02	2024-09-12 09:00:22.194322+02	pi	ma	Vasile-Mircea	Postei					004915758557970		Baustädterstr. 4, 85258 Weichs		1	1	ObsZqv0dCWPaplZMpeAF
197	2024-09-10 08:59:13.693795+02	2024-09-12 13:19:16.722279+02	pi	wo	Estera	Lazăr					0040799030433		Magdeburg		1	1	GSxzwVz2O7RnyAshAZXF
203	2024-09-12 14:57:54.036011+02	2024-09-12 14:57:54.036011+02	sp	ma	Felix	Odersky					004981315699180	notare@dachau-sparkassenplatz.de	Sparkassenplatz 9, 85221 Dachau	Notar	1	1	rjL4mPCkAUNSyZioFE8E
206	2024-09-15 11:33:25.764023+02	2024-09-15 11:33:25.764023+02	pi	ma	-	-		Woolworth					Deutschland	Laden	1	1	NvpJ4nlcyspXY2cwstwc
207	2024-09-15 11:41:26.544623+02	2024-09-15 11:41:26.544623+02	pi	ma	-	-		CIGO					Deutschland	Laden	1	1	cj7XpThyql0VlQMudyIi
210	2024-09-16 20:29:55.462252+02	2024-09-16 20:29:55.462252+02	pi	ma	-	-		Deutsche Post					Deutschland	Post	1	1	2nmjKEEok3V1FENRK6zy
211	2024-09-17 09:01:15.675939+02	2024-09-17 09:01:15.675939+02	co	ma	Joachim	Gores		KÜMMERLEIN Rechtsanwälte & Notare			00492011756600	nathalie.kutsch@kuemmerlein.de	Messeallee 2, 45131 Essen	Notar	1	1	YCDpxRFvFHNCWNpTaV28
212	2024-09-17 09:10:06.914739+02	2024-09-17 09:10:06.914739+02	co	ma	-	-		E-Plus Service GmbH						Telefon	1	1	Lg4YSDKXfVgAyHL9HDbx
213	2024-09-17 16:03:27.843555+02	2024-09-17 16:03:27.843555+02	sp	wo	Christiane	Stoye-Benk					00497114909930	mail@notare-sbl.de	Maybachstraße 20, 70469 Stuttgart	Notar	1	1	ttk5s62sdJ8Ym0NgOEkk
214	2024-09-18 08:12:42.36091+02	2024-09-18 08:12:42.36091+02	pi	wo	Roxana	Tudor					00491634304969		Magdeburg		1	1	1dRdb58GUEiNV9B6IDxg
216	2024-09-18 17:03:51.701559+02	2024-09-18 17:03:51.701559+02	co	ma	-	-		Zervant						Rechnungsprogram	1	1	7McbNuizK0DbEz1nU92e
217	2024-09-18 17:11:08.259604+02	2024-09-18 17:11:08.259604+02	pi	ma	Viorica	Arhirie		A.Z. Consulting GmbH			00493914020582	az-arhirie@planet.ms	Schönebecker Str. 82-84, 39104 Magdeburg	Buchhaltung	1	1	HqYDPn3bzxHrKLlr5dZu
209	2024-09-16 19:53:58.956659+02	2024-09-18 17:18:16.114184+02	pi	ma	Petru-Alexandru	Coca					004915218192747		Kestenweg 1, 54293 Trier		1	1	UaAIKMKajTe4pLWZmHGN
218	2024-09-18 17:50:51.485674+02	2024-09-18 17:53:48.890647+02	pi	wo	Mirela-Simona	Bader					00491637887431	b.mirela@gmx.de	Feldstraße 37, 28832 Achim		1	1	pMWRCcMw427s1TUbQauI
219	2024-09-19 08:51:34.394033+02	2024-09-19 08:51:34.394033+02	pi	wo	Larisa	Tânjală					004915216687710		Voltastraße 61, D 60486 Frankfurt am Main		1	1	hFQrCLOFjjC2npvJpgxd
220	2024-09-19 10:23:30.05123+02	2024-09-19 10:23:30.05123+02	pi	ma	-	-		Edeka					Deutschland	Laden	1	1	4w91nnlr3MeeDInptj24
222	2024-09-19 15:58:08.783545+02	2024-09-19 15:58:08.783545+02	pi	wo	Florina	Ciulei					0040766511935		Tecklenburger Str. 41, 49525 Lengerich		1	1	TyPv85yhXsTuZDiMT4SY
223	2024-09-19 16:08:42.675611+02	2024-09-19 16:08:42.675611+02	sp	ma	Marius	Fries					0049651970790	info@notar-fries.de	Ausoniusstraße 6, 54292 Trier	Notar	1	1	jWbbTmPDO9Lo3gOXzQwz
224	2024-09-19 19:24:50.746771+02	2024-09-19 19:24:50.746771+02	pi	wo	Ala	Caraus					00491788868039		Untergasse 7A, 61440 Oberursel (Taunus)		1	1	T1t2l1TbYFAMm8wNumBB
226	2024-09-23 15:56:21.214473+02	2024-09-23 15:56:21.214473+02	pi	wo	Loredana 	Rizea					004915214037950		Kornblumenstraße 13, 88250 Weingarten		1	1	OABKxmA91gZNUey23bBh
228	2024-09-25 08:03:04.464228+02	2024-09-25 08:03:04.464228+02	pi	ma	Polibin	Kuprian									1	1	3SYoDuDIYOUAmRVbhknU
230	2024-09-26 11:07:15.661079+02	2024-09-26 11:07:15.661079+02	pi	wo	Alina-Maria	Cojeanu					004917673833924		Deutschland		1	1	CaAGef9DhhK7Hj324pEs
231	2024-09-26 11:13:29.649885+02	2024-09-26 11:13:29.649885+02	pi	wo	Buzzi	Mattia					00393282339006		Bruno-Baum-Straße 22, 12685 Berlin		1	1	FXkDIcJF8sAGh0M7zhJa
232	2024-09-27 09:34:19.812046+02	2024-09-27 09:34:19.812046+02	pi	ma	Armando	Poddighe					004915140098009	armandopoddighe@gmail.com	Johannes-Göderitz-Str. 76, 39130 Magdeburg	Übersetzer Englisch, Spanisch, Italienisch	1	1	lAKtGEZdctLtsnBiZAib
233	2024-09-27 09:47:05.474285+02	2024-09-27 09:52:00.242808+02	pi	wo	Livia	Ungureanu					004917656869803	livia_rem@yahoo.com	Merseburger Straße 52, 06110 Halle	Übersetzerin Italienisch, Rumänisch	1	1	5pV5Izam4MX9b84Da2G5
234	2024-09-27 10:09:19.95319+02	2024-09-27 10:19:15.018735+02	pi	wo	Roxana-Florentina	Blaj					004915237209325	roxana.blaj.flor@gmail.com	Gersterstraße 8, 04279 Leipzig	Übersetzerin Englisch, Italienisch, Rumänisch	1	1	eNyaC7aMga07qpgonl3p
238	2024-09-27 11:08:03.555637+02	2024-09-27 11:08:03.555637+02	pi	ma	Omar Chiya	Saky					00491723200547	Saky.c@freenet.de	Berliner Str. 63 A, 16540 Hohen Neuendorf	Übersetzer Arabisch, Kurdisch, Rumänisch, Türkisch	1	1	vyArXXoHb9bVQhQNWKrE
239	2024-09-27 11:10:51.964834+02	2024-09-27 11:10:51.964834+02	pi	wo	Susanna	Popescu					004962154966200	info@yourtranslator.de	Uthmannstraße 11, 67067 Ludwigshafen am Rhein	Übersetzerin Rumänisch, Spanisch, Ungarisch	1	1	JIzNPlgd6bwLvmiYIBuB
240	2024-09-27 11:12:43.595939+02	2024-09-27 11:12:43.595939+02	pi	wo	Rotraud	Beyer					 00491723798479		Trittelwitz 43, 17111 Schönfeld	Übersetzerin Französisch, Rumänisch	1	1	zVjYe08wa80X1BHbJAhU
241	2024-09-27 11:21:00.218288+02	2024-09-27 11:21:00.218288+02	pi	ma	Kalman	Varga					004915112917814	kalman_varga@yahoo.com	Osterkamp 18, 38550 Isenbüttel	Übersetzer Rumänisch, Ungarisch	1	1	KIf24eZvUV51Y1YEuYAm
242	2024-09-27 15:51:17.59531+02	2024-09-27 18:28:47.88411+02	pi	wo	Olena	Shyriaieva					00491778388541	shiryaevaelenaanatolievna@gmail.com	Lange Straße 6, 29439 Lüchow		1	1	dRMxfUTeRbgq1Lb8acTg
244	2024-09-30 10:33:27.678785+02	2024-09-30 10:33:27.678785+02	pi	ma	Ihor	Shcherbatiuk							Salvador-Allende-Straße 23, 39126 Magdeburg		1	1	M64F2elU4a7QoFb7rMar
246	2024-10-01 08:24:13.933245+02	2024-10-01 08:24:13.933245+02	pi	ma	Ivan	Rabovil					00491776402360		Magdeburg		1	1	riU2QlIuI2CcbSsKC43W
250	2024-10-01 12:13:59.805317+02	2024-10-01 12:13:59.805317+02	sp	ma	Franz X.	Gärtner					00499072957990	info@notar-gaertner.de	Herzog-Georg-Straße 22, 89415 Lauingen	Notar	1	1	yzegoCyNUikyspBFdGWE
257	2024-10-09 07:41:05.285083+02	2024-10-09 07:41:05.285083+02	pi	ma	Romeo	Rad					004915213940144		Seeuferweg 5, 24351 Damp		1	1	wO01ytRieBaOjr0OozHk
259	2024-10-09 15:42:52.336348+02	2024-10-09 15:42:52.336348+02	pi	ma	-	-		Landgericht Berlin			 00493090232118	Auslandsbeglaubigungen@lg-zivil.berlin.de	Littenstraße 12-17 ,  10179 Berlin	Apostille	1	1	2r6GcnUfNGwsmTt4i2IN
262	2024-10-10 14:43:23.37013+02	2024-10-10 14:43:23.37013+02	pi	ma	Michael	Geilert		Schlabeck & Kollegen			0049522116350	anwaelte@schlabeck.com	Berliner Straße 3, 32052 Herford	Notar	1	1	yvE06NTiDfPxM8nGX84M
266	2024-10-14 15:25:29.919809+02	2024-10-14 15:25:29.919809+02	pi	ma	Matthias	Meyer					0049621591040	dr.meyer@notare-mw.de	Zollhofstraße 3, 67059 Ludwigshafen am Rhein	Notar	1	1	gjKhM6Ilk13AQy5qfAJP
270	2024-10-16 09:34:02.539205+02	2024-10-16 09:34:02.539205+02	pi	wo	Marina	Alexa					004915128788790		Straße der Deutschen Einheit 35, 39326 Wolmirstedt		1	1	yGsMaI1n67VCqRnNA6z9
279	2024-10-18 13:32:29.329724+02	2024-10-18 13:32:29.329724+02	pi	wo	Milena	Veresniuk						bilochka1853@gmail.com			1	1	BEGWdqgzzaaxYRnPnJ8d
247	2024-10-01 08:37:43.115459+02	2024-10-01 08:37:43.115459+02	pi	wo	Mădălina-Elena	Curelaru					004915216099241		Feldhauser straße 232, 45896 Gelsenkirchen		1	1	IdJidPtKzxYr92BTzo9F
229	2024-09-25 11:54:40.999342+02	2024-10-01 08:45:51.183691+02	pi	ma	Ion-Marian	Iancu					004915168739539		Wächtersbacher Str. 8, 60386 Frankfurt am Main		1	1	ejhYmVuvWyplgp2APgRB
248	2024-10-01 09:17:19.091341+02	2024-10-01 09:17:19.091341+02	pi	ma	-	-		Allianz Versicherungs-AG					Magdeburg	Versiecherung	1	1	lYqpzL6a7mPhgNvCnh0O
249	2024-10-01 09:49:03.810249+02	2024-10-01 09:57:43.745217+02	pi	ma	Manuel-Vasile	Iung					00491729182851		Sudetenstraße 11, 64579 Gernsheim		1	1	Y11RRQ384IMRFqSaSotX
251	2024-10-02 10:28:52.953353+02	2024-10-02 10:28:52.953353+02	pi	wo	Carolina	Șerban 					004917647331024		Sickingenstraße 8, 67549 Worms		1	1	pgfVwrZKIfuZ9wR56RiE
252	2024-10-02 18:49:56.355577+02	2024-10-02 18:49:56.355577+02	pi	wo	Raluca	Habudeanu						habudeanuelena.443@yahoo.com			1	1	YDM4UgOCUECHR2Hcw2tE
254	2024-10-08 07:50:53.210399+02	2024-10-08 07:50:53.210399+02	pi	wo	Monica	Ghelmeci					0040764799822		Lützowstraße 19, 45141 Essen 		1	1	NvKsv1Ir2E3j3LHR2G9c
280	2024-10-21 14:31:31.722552+02	2024-10-21 14:31:31.722552+02	pi	ma	Nicolae	Panait					004915217690343		Ewaldstraße 87, 45699 Herten		1	1	5yxYBwOgO0Mb8cXkY0nb
281	2024-10-21 16:17:35.340827+02	2024-10-21 16:17:35.340827+02	pi	ma	Volker	Appel					0049981421110	info@notar-appel.de	Bahnhofsplatz 1, 91522 Ansbach	Notar	1	1	njXKtD4yBI4YjVww6yQ4
258	2024-10-09 09:03:57.913612+02	2024-10-09 09:03:57.913612+02	pi	ma	Michael	Schuster					004952716950780	kanzlei@raschuster.de	Westerbachstraße 48, 37671 Höxter	Notar	1	1	WiSsgmtmg3NxbH66CnEN
256	2024-10-09 07:28:28.38403+02	2024-10-09 09:05:06.333354+02	pi	ma	Paul	Lupu					00491786412053		Weredunstraße 42B, 37688 Beverungen		1	1	qxUGuyxDFvVGl9rwEFho
260	2024-10-09 19:22:28.891983+02	2024-10-10 07:54:16.934561+02	pi	ma	Iacob	Orosz					004915510250086		In den Tannen 63, 32584 Löhne		1	1	BNJc0V9safx1RHUwpu5D
263	2024-10-11 11:41:40.665025+02	2024-10-11 11:41:40.665025+02	pi	ma	Marius-Dinu	Moldovan					004915731642902		Zollhofstraße 4, 67061 Ludwigshafen am Rhein		1	1	4LwC08Z8ijbptkK9lqVR
264	2024-10-14 09:02:24.917179+02	2024-10-14 09:02:24.917179+02	pi	ma	Mircea-Petrișor	Grigore					0040742894048		Abrichstraße 21, 79108 Freiburg im Breisgau		1	1	qLbquwjbq8z23ISGzKp7
265	2024-10-14 12:38:31.937577+02	2024-10-14 12:41:58.755022+02	pi	wo	Andreea-Grațiela	Cruceriu					004917655790970		Markstiege 12, 49716 Meppen		1	1	hh8YzJ7o5eFaJDijtN04
267	2024-10-14 15:57:25.668864+02	2024-10-14 15:57:25.668864+02	pi	ma	Vlăduț	Ignat					004917646024631		Margarethenstraße 6, 49685 Emstek 		1	1	rLPKASQZuGqcr8AIxGHa
283	2024-10-22 13:48:53.573608+02	2024-10-22 13:48:53.573608+02	pi	wo	Cristina	Bejenaru					0041762152807		Brühlstraße 5, 79780 Stühlingen		1	1	pOHd5Fw4dOBwukMkIloH
284	2024-10-23 09:17:19.27197+02	2024-10-23 09:17:19.27197+02	pi	ma	Daniel	Eichenauer					00493067066890	post@eichenauer.berlin	Königsweg 300, 14109 Berlin	Notar	1	1	1i08CeLiMtESKdRaA1C2
269	2024-10-15 11:49:37.577251+02	2024-10-15 11:49:37.577251+02	pi	ma	Marius-Valentin	Dumitru					0040764405105		Turnitzstr. 5, 91522 Ansbach		1	1	XhKoLpzp0HvbogV8Rh5j
271	2024-10-16 10:41:01.180317+02	2024-10-16 10:41:01.180317+02	pi	ma	Mario	Devermann					00495931882824	hugen@ra-diekmann.de	Zum Stadtgraben 4, 49716 Meppen	Notar	1	1	A2X8EPwTDSuqb3myfpmk
272	2024-10-16 13:56:01.573855+02	2024-10-16 13:56:01.573855+02	pi	ma	Burkhard	Lischka					0049390471390	info@notar-lischka.de	Hagenstraße 46, 39340 Haldensleben	Notar	1	1	vVXAK0tFoRUKwi42Nt9b
273	2024-10-17 08:19:55.12343+02	2024-10-17 08:19:55.12343+02	pi	wo	Yevheniia	Omelchenko						solonet86@gmail.com			1	1	yeU5MOiRyympt8wmxKrC
274	2024-10-17 10:22:50.117401+02	2024-10-17 10:22:50.117401+02	pi	ma	Florin	Pestrițiu					004915218180385		Moselstr. 25, 60329 Frankfurt		1	1	hUgysIXIbBkRUXacuBMH
276	2024-10-17 14:21:03.242931+02	2024-10-17 14:21:03.242931+02	pi	wo	Angela	Kasikci					0049610323057	Kasikci@brief-und-siegel.eu	Darmstädter Straße 19, 63225 Langen (Hessen)	Notar	1	1	qwHloKdCghJYd8Ftc54l
277	2024-10-18 10:25:22.741988+02	2024-10-18 10:25:22.741988+02	pi	wo	Augustia Maria	Vâga					0040743277985		Teigelkamp 17, 48324 Sendenhorst		1	1	dyJoDpSq7Y0gUeN7gwul
278	2024-10-18 11:10:38.510965+02	2024-10-18 11:10:38.510965+02	pi	ma	Thomas	Höfer					004979619335330	Kanzlei@Notar-Hoefer.de	Sebastiansgraben 7, 73479 Ellwangen (Jagst)	Notar	1	1	E7HCk9e7hEa8LSypAZek
285	2024-10-23 09:19:49.430841+02	2024-10-23 09:19:49.430841+02	pi	ma	André	Aust					0049236125018	kanzlei@rechtsanwalt-aust.de	Hertener Straße 28, 45657 Recklinghausen	Notar	1	1	3yjdBYFIReUgfuuV68Av
286	2024-10-23 09:35:05.735739+02	2024-10-23 09:35:05.735739+02	pi	ma	Gabriel-Marcel	Hanza					0040753587247		Sommertal 5, 97478 Knetzgau-Oberschwappach		1	1	lgF1kDHATDroFzUztYVi
288	2024-10-24 11:44:36.018523+02	2024-10-24 11:44:36.018523+02	pi	wo	Auras	Beata					0040720717388		Burgstraße 14, 63654 Büdingen		1	1	l9UJ9rcOW0DvrBiw8icC
289	2024-10-24 11:51:28.840073+02	2024-10-24 11:51:28.840073+02	pi	ma	Vasile	Dumitru					004917689165244		Marienstraße 57, 21073 Hamburg		1	1	y7NR3Kmm1CXXloO8dwlf
290	2024-10-24 15:01:28.017266+02	2024-10-24 15:01:28.017266+02	pi	ma	Jörg	Theilig					00499521605960	info@notar-theilig.de	Hauptstraße 70, 97437 Haßfurt	Notar	1	1	yIaTPwlZcKUDTderjKew
291	2024-10-25 10:18:26.310413+02	2024-10-25 10:18:26.310413+02	pi	ma	Florin-Gabriel	Stoica					0040732306460		Tannenschlag 8, 66539 Neunkirchen		1	1	PGluetgsUWKfm7iwYnco
292	2024-10-27 18:34:02.244058+01	2024-10-27 18:34:02.244058+01	pi	wo	Elvira	Rubins					004917683030042		Otto-Flake-Str. 14, 76530 Baden-Baden		1	1	33M2TrKeLWvX1mv8rJ7e
282	2024-10-22 13:18:31.675583+02	2024-12-12 13:49:45.265089+01	pi	wo	Larysa	Shynkarova					004915118104182	ned20162016@gmail.com			1	1	TtY3u3xsKUgyU5zqAJ2R
297	2024-10-31 09:16:28.284045+01	2024-10-31 09:16:28.284045+01	pi	ma	Constantin	Motan					004916092532552		Weingartenstraße 1, 61203 Reichelsheim		1	1	nstiGh6X6Me1s9uEsbig
298	2024-10-31 11:10:52.623043+01	2024-10-31 16:05:53.193728+01	pi	wo	Grațiela-Florina	Maranescu-Georgevici					0040773993525		Lechfeldstraße 43, 86899 Landsberg am Lech		1	1	44bEYBDR6XlwATTzacfX
300	2024-11-05 09:25:23.240322+01	2024-11-05 09:25:23.240322+01	pi	ma	Ștefan-Ciprian	Obraz-Medrea					0040724356584		Markgrafenstraße 39, 78467 Konstanz		1	1	Iuc0xn0lfWnW8ddPiA68
302	2024-11-07 15:26:09.530359+01	2024-11-07 15:26:09.530359+01	pi	ma	Mihai	Doțen 					00491784444649		Dethlefstwiete 8, 21031 Hamburg		1	1	8OpCg75f0x8tjFm6xKnX
326	2024-11-26 10:20:31.35236+01	2024-11-26 10:20:31.35236+01	pi	wo	Viorika	Balahura 					00491630149033		Anemonenweg 7, 45133 Essen		1	1	qLajnsWuSE3MyEXavw34
309	2024-11-12 12:55:22.317712+01	2024-11-12 12:55:22.317712+01	pi	ma	Dmytro	Lysytsyn									1	1	xi9n4pJePrFIzKSBvsP9
315	2024-11-18 10:08:23.872278+01	2024-11-18 10:08:23.872278+01	pi	ma	Jan-Christoph	Stephan					004971215153400	kanzlei@notar-drstephan.de	Wilhelmstraße 40, 72764 Reutlingen	Notar	1	1	az0YhvpvGc8AHxQa1Hqz
295	2024-10-28 17:16:35.028253+01	2024-11-18 11:09:04.620586+01	pi	wo	Mihaela	Gheorghișan					00491784360051		Auguststraße 29, 44629 Herne		1	1	8NFxRLfg3Ye8ynflFUJU
316	2024-11-18 12:56:37.469385+01	2024-11-18 12:56:37.469385+01	pi	ma	David	Miriuță					004915218834131				1	1	D8zRmyudmOifiKdlnUKA
318	2024-11-19 11:17:11.754568+01	2024-11-19 11:17:11.754568+01	pi	ma	Andrei	Andrei					00491729685719		Hauptstraße 28, 56858 Grenderich		1	1	CWOXYyIhPZO7QfVAq4DX
328	2024-11-27 09:04:10.478805+01	2024-11-27 10:47:59.334593+01	pi	wo	Irina	Haralamb					004915781463115		Henkelstraße 253, 40599 Düsseldorf		1	1	nPfYDmgpihCuiyISpY3v
322	2024-11-21 10:19:00.468755+01	2024-11-21 13:21:06.596572+01	pi	ma	Roberta-Elena	Popescu					00491632640704	broberta29@yahoo.com	Autogenstraße 81, 65933 Frankfurt am Main		1	1	vw8k9q68iwxGhwTl2mNb
323	2024-11-21 13:44:10.145748+01	2024-11-21 13:44:10.145748+01	sp	wo	Susanne	Landgraf					0049345230970	info@notarin-landgraf.de	Wilhelm-Külz-Straße 15, 06108 Halle (Saale)	Notar	1	1	isepHAVntZaPmIPUWuTH
329	2024-11-27 11:23:07.045422+01	2024-11-27 11:23:07.045422+01	pi	ma	Radu	Crețu					00491795591619		Thonstetten 6, 85368 Moosburg		1	1	GnSWzebmvGiOW7VCvlJD
333	2024-11-28 13:59:19.945603+01	2024-11-28 14:00:21.643963+01	pi	wo	Iryna	Terletska					004915140789955	irdobrova85@gmail.com			1	1	XW2BawY039LWAO1Tvy7X
334	2024-11-28 16:07:34.822125+01	2024-11-28 16:07:34.822125+01	pi	wo	Maria-Mihaela	Mitran					00491639569301		Unter den Ulmen 133, 47137 Duisburg		1	1	j7OYWMcjJayw9VOWjNUx
336	2024-11-29 11:11:47.542467+01	2024-11-29 11:11:47.542467+01	pi	wo	Olesia	Kliusyk 							Uelzener Str. 33, 29410 Salzwedel		1	1	YLfGCMY7DlBVYpfQvcNT
341	2024-12-04 11:15:31.087396+01	2024-12-04 11:15:31.087396+01	pi	ma	Michaela	Lorey		EHLERS & FELDMEIER			02315897880	info@ehlers-feldmeier.de	Elisabethstraße 6, 44139 Dortmund	Notar	1	1	tOrJ6e2rZd9FWo0MiOcl
342	2024-12-04 15:05:09.137639+01	2024-12-04 15:05:09.137639+01	pi	wo	Doina	Badrajan					004915145959677	doinastelea30@gmail.com	Schweidnitzer Weg 5, 31157 Sarstedt		1	1	ngW5zlmbwVW5zHogZcNA
324	2024-11-25 10:38:59.72135+01	2024-11-25 10:45:40.017751+01	pi	ma	Cristian	Terinte 					0037369092255	ingaterinte@gmail.com	Bahnikstraße 13, 39112 Magdeburg		1	1	ElZAGy0gYCWj22zGWR55
299	2024-10-31 14:27:42.484217+01	2024-10-31 14:27:42.484217+01	pi	ma	Ardeleanu	Cosmin					0040749618040		Grenzallee 77, 12057 Berlin		1	1	5dQgDjo2dzGHOpR56xbP
325	2024-11-25 11:22:34.554839+01	2024-11-25 11:22:34.554839+01	pi	ma	Hans-Joachim 	Matthei					004969781584	notar-matthei@t-online.de	Strubbergstraße 70, 60489 Frankfurt am Main	Notar	1	1	WH9S1PtmKUtM74EWAEWb
296	2024-10-29 14:51:07.994015+01	2024-10-31 16:04:25.56562+01	pi	wo	Valentina	Gavrilita							Dennerstr. 68A, 70372 Stuttgart		1	1	9blSexVJ3FIaKiOIbYoE
303	2024-11-07 15:32:20.173335+01	2024-11-07 15:32:20.173335+01	pi	ma	Alexandru	Obada					004915906396015		Tristanstr. 25, 82110 Germering		1	1	fDBjCAPdUjGn9ThzBKab
304	2024-11-08 11:50:42.091346+01	2024-11-08 11:50:42.091346+01	pi	wo	Ioana Alexandra	Cucu									1	1	bJsz7Z9a9HlMRZZudnth
305	2024-11-08 16:17:57.252488+01	2024-11-08 16:17:57.252488+01	pi	wo	Andrea	Stutz					00497531921580	stutz@asg-notare.de	Untere Laube 16, 78462 Konstanz	Notar	1	1	g9HhK3JK1d8XiqQgKVE5
306	2024-11-08 18:09:48.791874+01	2024-11-08 18:10:14.410189+01	pi	ma	Anna	Melikian						burgerstrasse9@gmail.com	Leipziger Str. 43, 39120 Magdeburg		1	1	lOzlhe5ffnfRaHzZeKyR
307	2024-11-11 19:03:23.72837+01	2024-11-12 11:41:57.408839+01	pi	wo	Aurelia	Drăgan					004915204381268		Berghäuser Str. 18, 67354 Römerberg		1	1	6PiVTzAxAwutnaNV26ky
311	2024-11-12 19:03:33.267596+01	2024-11-12 19:03:33.267596+01	pi	ma	Diana	Gheorghe							Halberstädter Str. 192, 39112 Magdeburg		1	1	oIoe13rrwoLVo8hCBxuA
312	2024-11-13 09:39:08.334056+01	2024-11-13 09:39:08.334056+01	pi	wo	Raluca	Bâcâin					0040735382388		Kocherstraße 8,72768 Reutlingen		1	1	SwQSeefJMdkNBFEySYHL
327	2024-11-26 16:28:38.903473+01	2024-11-26 16:28:38.903473+01	pi	ma	Florian	Satzl					00498938170201	info@notare-leo16.de	Leopoldstraße 16, 80802 München	Notar	1	1	NH0osgtqYoHNWAUq99zp
314	2024-11-14 08:09:36.762911+01	2024-11-14 08:09:36.762911+01	pi	ma	André Pierre	Resch					00497254201460	mail@notar-resch.de	Lorenz-Brentano-Allee 4, 68753 Waghäusel	Notar	1	1	dH84Q7rGrn7U9UUORDvz
310	2024-11-12 18:53:42.594199+01	2024-11-14 14:42:46.212911+01	pi	ma	Mihail	Ivanov							Mühlenstraße 10, 25355 Barmstedt		1	1	EGHJ8Fu2LthJ30KzvDLB
317	2024-11-18 13:33:08.488747+01	2024-11-18 15:08:31.655845+01	pi	ma	Marcel	Damean					00393334926691		Hohenthurm 4. Etage, Links,  Zum Dampfkesselbau 27, 06188 Landsberg		1	1	tr8loXVjQXMGIXOcZck3
319	2024-11-19 12:24:08.2781+01	2024-11-19 12:24:08.2781+01	pi	wo	Rebeca-Gianina	Bătășan					00491789765808		Weidenbruch 62A, 30851 Langenhagen		1	1	B9m67g50VXm57DaBkJW6
320	2024-11-19 13:26:46.989339+01	2024-11-19 18:17:09.976292+01	pi	ma	Marin-Paul	Hriscu					00491721588732		Langestraße 94a, 31618 Liebenau		1	1	wGgU5nudVyYqaVX4qOqA
332	2024-11-28 12:02:40.817808+01	2024-12-02 12:26:06.289033+01	pi	wo	Victoria	Bushyla					004915733655626		Mehringstraße 30,39114 Magdeburg		1	1	0I2JqdSHSNRSDS5oChPa
335	2024-11-29 09:22:51.645307+01	2024-11-29 09:22:51.645307+01	pi	ma	Valentyn	Kryvorchuk						krivorchuk.olya@gmail.com			1	1	kMQ32uKqOyibwq2dEcGi
330	2024-11-27 16:18:14.488222+01	2024-11-29 10:11:42.856269+01	pi	wo	Anisha	Anowar					004917620698430	anishaasha0000@gmail.com	Große Diesdorfer Str. 6, 39108 Magdeburg		1	1	KhUXDIhSAHVJxFYFZZSd
337	2024-12-02 12:36:43.66607+01	2024-12-02 12:36:43.66607+01	pi	wo	Daniela	Soare					004916096871269		Landschuter Str. 12, 84307, Eggenfelden		1	1	WTssR4QzJ7LYMkPpRyaQ
339	2024-12-03 10:48:45.020432+01	2024-12-03 10:48:45.020432+01	pi	wo	Karoline	de Smidt					0203446843	kontakt@kanzlei-desmidt.de	Krausstraße 59a, 47119 Duisburg	Notar	1	1	0GS3A8Rq1oNlRFVDEFbb
340	2024-12-03 16:05:38.860245+01	2024-12-03 16:05:49.76903+01	pi	ma	Daniel-Marius	Tincu					00491622974023		Hussitenstraße 15, 13355 Berlin		1	1	pJ6DkNSKLM1sSp0q657H
343	2024-12-04 15:28:56.048971+01	2024-12-04 15:28:56.048971+01	pi	wo	Nataliia	Lebedieva						nlebedeva979@gmail.com	Ludwig-van-Beethoven-Str. 17, 02977 Hoyerswerda		1	1	s25m7YnxKNnvSgN6BxEJ
351	2024-12-13 13:08:50.805423+01	2024-12-13 13:14:26.902112+01	pi	wo	 Tetiana	Zarhishiieva						s.zimonczyk@oks.de	Othrichstraße 30b, 39128 Magdeburg		1	1	SzisOapG6K5YGqxjwP3W
353	2024-12-16 19:18:47.648754+01	2024-12-16 19:26:13.859935+01	pi	wo	Alexandra-Paula	Hanuschi					0040740126019		Bismarckstraße 4, 63065 Offenbach am Main		1	1	6NdBvLHnJRq6DV3trUpk
354	2024-12-17 14:37:26.010209+01	2024-12-17 14:37:26.010209+01	pi	ma	Claudiu-Ionuț	Coman					004915142085155		Möschenfelder Straße 32, 85591 Vaterstetten 		1	1	4E9LlHE3eoBMZv0yNw2n
184	2024-09-04 06:40:26.851697+02	2025-01-09 12:19:53.703406+01	pi	wo	Olena	Kaleniuk					00380507019916		Einsteinstraße 26, 39307 Genthin		1	2	CHBA7EvxUCkpn2IQYIXp
366	2025-01-13 15:24:35.405622+01	2025-01-13 15:24:35.405622+01	pi	wo	Carmen	Tican					0040748964001		Wilflinger Str. 5, 78669 Wellendingen		1	1	NBdtSZPss9SG5sxN2lbJ
368	2025-01-16 14:15:32.703485+01	2025-01-16 14:15:32.703485+01	pi	ma	Ilie	Țîrdea					004915510172645		Fritz-Reuter-Straße 42, 32756 Detmold		1	1	eodYkH2DDcTG5QOTWqIz
372	2025-01-20 10:10:10.63133+01	2025-01-20 10:11:01.046819+01	pi	ma	Maranescu-Georgevici	Mărgineanțu 					0040773993525		Lechfeldstraße 43, 86899 Landsberg am Lech		1	1	xat4fVZHJkot0PyQj0bw
373	2025-01-20 12:47:19.228751+01	2025-01-20 12:47:19.228751+01	pi	ma	Dimitrios	Andronikakis					00306983012006		Schefflerstraße 24, 38126 Braunschweig		1	1	cv8xkSWoqvg86qGc5NcA
381	2025-01-22 13:02:28.989554+01	2025-01-22 13:03:24.602084+01	pi	ma	Shefqet	Rexha					00491772997571	shrexha@web.de	Umfassungsstraße 14, 39124 Magdeburg	Übersetzer Albanisch, Kroatish, Serbisch	1	1	jtXevMuAVhhqPyEp9Ehq
380	2025-01-22 13:01:20.539204+01	2025-01-22 13:03:30.233613+01	pi	wo	Svijetlana	Hartmann					00491605517428	lana.hartmann@gmx.de	Mehringstraße 5, 90427 Nürnberg	Übersetzer Serbisch, Kroatisch, Bosnisch	1	1	GiBTBpmOVv7vjt8Pgcq2
385	2025-01-24 12:19:44.88517+01	2025-01-24 12:20:24.266479+01	pi	wo	Alexandra-Iuliana	Crăciun					00491639492369		Rote-Tor-Straße 2, 76661 Philippsburg		1	1	Wou482Hc6Z1HGa8m7Llb
383	2025-01-24 08:28:22.56456+01	2025-01-24 09:29:56.370932+01	pi	wo	Valentyna	Tishchenko					004915120478492		Lehrter Str. 8, 39418 Straßfurt		1	1	1Bwn11LKbO9HGK5ZwCxE
384	2025-01-24 10:58:16.50647+01	2025-01-24 11:07:37.300477+01	pi	ma	Amandeep	Singh Saundh					00491708277167		Pfelilergraben 39, 06449, Ashersleben		1	1	wKV0Z973nPEQLW9ZRhKi
382	2025-01-23 14:53:33.608769+01	2025-01-24 11:22:17.707998+01	pi	wo	Alina	Lupuleac					004915757471367		Haroldstraße 14, 40213 Düsseldorf		1	1	ErWBXTPFs5vDciAFu7Tb
387	2025-01-25 08:51:55.487646+01	2025-01-25 08:51:55.487646+01	pi	ma	Dumitru Edi	Chitan					004915561840246		Dieterlenstraße 13, 89537 Giengen		1	1	es3V08jo9toefA3vxbT6
344	2024-12-07 14:25:14.783581+01	2024-12-07 14:26:47.050301+01	pi	wo	Susana	Rafi					0040752622868		Münsterstraße 60, 44145 Dortmund		1	1	o3HURcdbHnu16vthQiHF
346	2024-12-10 14:17:55.088936+01	2024-12-10 14:17:55.088936+01	pi	wo	Zina-Florina	Rotariu					004915124778809		Bahnhof Str. 8 49626 Bippen		1	1	ukXVQmyKB1wMWJwfSkaa
347	2024-12-10 16:29:54.335726+01	2024-12-10 16:29:54.335726+01	pi	wo	Mirela	Popescu							Rechterfeld-Broamkamp 2A, D-49429 Visbek		1	1	e88cSWa9hnuiSn7bn6rN
348	2024-12-11 11:49:24.508038+01	2024-12-11 11:49:24.508038+01	pi	ma	Christian	Hallerbach					0682430270	mail@notar-hallerbach.de	Anton-Hansen-Straße 8, 66564 Ottweiler	Notar	1	1	Dv9FjFBlAveQdPAAFLqk
349	2024-12-11 12:01:31.793296+01	2024-12-11 19:54:32.502218+01	pi	ma	Mihai	Iacob					004915510732336		Am Bahnhof 2, 49635 Badbergen		1	1	XLoSula5UsW6HwvBMOUT
355	2024-12-19 13:15:14.009177+01	2024-12-19 13:15:14.009177+01	pi	wo	Anastasiia	Lanetska							Spielhagenstraße 81, 39110 Magdeburg		1	1	5PaxNYXgz7IsY0V1SWrz
356	2024-12-20 08:30:47.72376+01	2024-12-20 08:30:47.72376+01	pi	wo	Similia	Laiu					00491734763903		Rugenbusch 15, 24576 Bad Bramstedt		1	1	yxBPE1tJKwm7VsW3i19I
357	2024-12-27 14:53:01.288561+01	2024-12-27 14:53:01.288561+01	pi	ma	Vasile	Iliesiu					004915175959750		Zeisigstraße 1, 74834 Elztal		1	1	x10jPhRmYhRKOWtqR8om
358	2025-01-02 11:31:19.676436+01	2025-01-02 11:31:19.676436+01	pi	wo	Nataliia	Huzovets						natariko007@gmail.com			1	1	BMRJfYG0XTU78uTmVAqG
360	2025-01-03 21:12:51.825259+01	2025-01-03 21:12:51.825259+01	pi	wo	Anna	Malik 					004915110583673	malik.anna.v@gmail.com	Lumumbastraße 13, 39126 Magdeburg		1	1	KkOpAPS41hHDPXZ2BqU2
361	2025-01-08 13:57:12.158716+01	2025-01-08 13:57:12.158716+01	pi	wo	Ramona-Maria	Forgacs					004915212473557		Hermann-Albertz-Straße 153, 46045 Oberhausen		1	1	8jx0KBXFNLadE3P4BplV
352	2024-12-13 16:15:17.127188+01	2025-01-08 14:02:49.930597+01	pi	wo	Augustina	OGBEIDE					004915112375489		Lunochodstr. 37, 39118 Magdeburg		1	1	RneBf6P5dGx6oPKEFSvn
362	2025-01-10 11:09:30.025081+01	2025-01-10 11:09:30.025081+01	pi	wo	Contesa	Doda					004915218582752		Amsterdamer Str. 4, 28259 Bremen		1	1	ds5Po3sQaZjUOGUKxgXt
363	2025-01-13 10:53:23.909699+01	2025-01-13 10:53:23.909699+01	pi	wo	Augusta - Maria	Cioban					00491726413719		Mühlenstraße 37, 88167 Röthenbach im Algäu		2	2	t6QNZTX4CPWMSqR4bOkE
364	2025-01-13 12:09:57.544428+01	2025-01-13 12:09:57.544428+01	pi	wo	Maria	Ötvös					0040720562516		Schlachthofstraße 16, 44649 Herne		1	1	NCZDni6BMZJzMBaS8d4J
367	2025-01-14 09:40:10.175209+01	2025-01-14 12:35:31.729683+01	pi	wo	Nicoleta-Georgiana	Iamandi					00447778462253		Kuckuck 18, 31789 Hameln		1	1	q6S0pJqNyHp5WD2FXrWQ
369	2025-01-16 14:52:36.939336+01	2025-01-16 14:52:36.939336+01	pi	ma	Stephan	Schulze					07413207010	zentrale@notar-schulze-rottweil.de	Königstraße 68, 78628 Rottweil	Notar	1	1	0QvYmtN6WdWig8xzVnED
370	2025-01-18 16:01:29.475369+01	2025-01-18 16:07:20.225926+01	pi	wo	Elena-Aida	Lolică					004915510287050		Uhlandstr. 8 a, 44791 Bochum		1	1	KXTsDBTWlyrSCS0rmOID
374	2025-01-20 17:47:00.281049+01	2025-01-20 17:47:00.281049+01	pi	wo	Elena 	Baron					00491638707140	e.baron67@gmail.com	Ladenbeker Furtweg 202, 21033 Hamburg		2	2	9juW551wrEoj4wPgOga7
375	2025-01-21 16:11:55.733542+01	2025-01-21 16:11:55.733542+01	pi	ma	Alexander	Denzer					0234961650	denzer@klostermann.eu	Kohlenstraße 136, 44793 Bochum	Notar	1	1	QexplTu4ddTi85HxntoC
376	2025-01-21 16:40:19.677313+01	2025-01-21 16:40:19.677313+01	pi	ma	Marten	Siebke					05312640410	siebke@kosswig.com	Zuckerbergweg 1, 38124 Braunschweig	Notar	1	1	qBObl6WSoCAoNY8gyJjR
377	2025-01-22 11:51:57.790313+01	2025-01-22 11:51:57.790313+01	pi	ma	Ahmet	Hajrizi 					004917656986864		Stadtseeallee 79, 39576 Stendal		1	1	9myvU9yylT4ciaNpU2HU
379	2025-01-22 12:59:24.235294+01	2025-01-22 13:03:13.322622+01	pi	ma	Denis	Mihajlovic					00491796659352	denismi@yahoo.de	Ernst-Eckstein-Straße 4, 06110 Halle	Übersetzer Bosnisch, Kroatisch, Serbisch	1	1	wFNmWEd6C3e1e8dxGZIJ
389	2025-01-28 11:50:56.536461+01	2025-01-28 11:50:56.536461+01	pi	ma	Abukar Ahmed	Nor					0049176 22145767	abuukaraxmad94@gmail.com	Albert-schweitzer-straße, 4. 39245  Gommern		1	1	O1Ur9ZIXKScyNRhHhGXS
390	2025-01-28 15:33:30.700579+01	2025-01-28 15:33:30.700579+01	pi	wo	Petronela	Ahmed						petronelacalin88@gmail.com	Moosburger Straße 22, 85276 Pfaffenhofen an der Ilm		1	1	L0iQYJZ4IX7j13Mp2PbB
391	2025-01-29 11:14:31.514891+01	2025-01-29 11:14:31.514891+01	pi	wo	Liliia	Sydorova						sidorovalilu@gmail.com			2	2	KH1mKqlbyR4uUKS0Hkpy
392	2025-01-29 16:22:47.879603+01	2025-01-29 16:22:47.879603+01	pi	ma	Sorin	Lupu					004915783206354		Geraer Str. 15, 1.OG, 04177 Leipzig		1	1	jcbwPtB9vEEFpgMu9rba
429	2025-02-18 14:31:10.385621+01	2025-02-18 14:31:10.385621+01	pi	ma	Stefan	Radu					004915163170373		Herbergstraße 13, 80995 München		1	1	CPLF8ts8d2SmyRKlQ4Ku
400	2025-02-03 16:31:31.849857+01	2025-02-03 16:31:31.849857+01	pi	ma	Constantin	Overmeyer					05492960460	info@kanzlei-overmeyer.de	An der Bahnhofstraße 8, 49439 Steinfeld	Notar	1	1	we5BuNqrOufexodER3gj
405	2025-02-05 16:59:32.993426+01	2025-02-05 16:59:32.993426+01	pi	wo	Olena	Pastukhova						pastukhova19910505@gmail.com			2	2	nw3ZVXEmFjww4Ob8NnBx
423	2025-02-13 13:52:38.276856+01	2025-02-13 13:52:38.276856+01	pi	ma	Lajos	Gritto					00491736334183		Karlsruher Str 13 .68219 Mannheim		1	1	eMtZokjSP4hEhmUSFlWe
425	2025-02-14 12:04:48.252008+01	2025-02-14 12:09:57.71939+01	pi	ma	Sergiu	Durnea					0037378723398 		Stettiner Str. 11, 29313 Hambühren		1	1	CEQebvhB1888nWVp79sR
427	2025-02-17 11:55:36.305017+01	2025-02-17 11:55:36.305017+01	pi	wo	Nenka	Stielow-Miersch					05621969490	info@rae-osken-stielowmiersch.de	Laustraße 19, 34537 Bad Wildungen	Notar	1	1	TmvbjGKYG0ofizZjxMgs
428	2025-02-17 12:49:47.448619+01	2025-02-17 12:49:47.448619+01	pi	wo	Annette	Kuhlmann					051419262-13/22	notare-celle@blanke-colshorn.de	Trift 31, 29221 Celle	Notar	1	1	TaXxF1YJzKDlqa5gTFcg
431	2025-02-20 10:43:23.550361+01	2025-02-20 10:43:23.550361+01	pi	ma	Stefan	Iuhasz							Königsberger Str 2, 63454, Hanau		1	1	m2KdrrZA2RCOGbF8M3y6
438	2025-02-21 10:33:50.380373+01	2025-02-21 10:33:50.380373+01	pi	ma	Denys	Kuzmych					00380975280860		Lehrter Str. 11, 39418 Straßfurt		1	1	Q6vaZSpOfaLdgCJvJlMc
394	2025-01-30 09:37:09.188759+01	2025-01-30 09:37:09.188759+01	pi	ma	Vasile Cristian	Jurj					004917647987786		Rodigallee 77, 22043 Hamburg		1	1	xxMhykaNOsSu9rUitcty
396	2025-01-30 15:02:26.609403+01	2025-01-30 15:02:26.609403+01	pi	wo	Alina-Larisa	Șerban					0040772218035		Concordiastraße 13, 57234 Wilnsdorf (Anzhausen)		1	1	w3EWfSpBmcpjUUshiAGR
91	2024-07-01 08:43:20.256405+02	2025-01-30 15:24:42.587205+01	pi	ma	Cosmin Beniamin	Lingurar					004915510330930		Uhlandstr. 4 // 03, 08525 Plauen		1	1	ubQiDjum7VTEkXYUjiU9
398	2025-01-31 12:04:18.673261+01	2025-01-31 12:04:18.673261+01	pi	ma	Alkan	Atak					077214042929	info@notar-atak.de	Goldenbühlstraße 12, 78048 Villingen-Schwenningen	Notar	1	1	FViFIac9IlabHc6iCNc2
388	2025-01-27 11:52:57.327514+01	2025-01-31 12:04:56.41737+01	pi	wo	Anișoara	Brîndușă					004917661905183		Fürstenberging 16, 78048 Villingen-Schwenningen		2	1	GEogztxinT12cZFzTPHV
399	2025-02-01 11:58:54.368389+01	2025-02-03 14:03:29.185295+01	pi	wo	Makka	Mintsaligova					004917647274849	mmintsaligova@mail.ru	Bruchstr. 68, 39387 Oschersleben		1	1	6T0v1MCwY0ZhIBk9iJH2
401	2025-02-03 16:48:08.889839+01	2025-02-03 16:48:08.889839+01	pi	wo	Seghedin	Manuela - Petronela					004915117369558		Thalhamer Str. 18, Miwsbach, 83714		2	2	3bKyZ2B2Tc16UIk0pvaL
402	2025-02-03 17:22:01.022314+01	2025-02-03 17:22:01.022314+01	pi	wo	Stancu 	Codruta					004915510245397		Katharinenstr. 21 B, Mitte, 70182 Stuttgart		2	2	FiXcOOWSMpQdBsTq9jAM
403	2025-02-04 11:53:02.521355+01	2025-02-04 11:56:12.862158+01	pi	ma	Nizam	Mahmudov						nizamenim88@gmail.com			1	1	sNCmiUAUc7FBpD47jXUQ
406	2025-02-06 11:07:36.03707+01	2025-02-06 11:07:36.03707+01	pi	ma	Marian-Bogdan	Gheorghe					0040723498188		Bürgermeister-Kämmerer-Straße 4, 63150 Heusenstamm		1	1	ieUGgQVrFl607f8c11qj
407	2025-02-06 11:51:17.451728+01	2025-02-06 11:51:17.451728+01	pi	ma	Manfred	Gerlach					0610467344	notar-gerlach@t-online.de	Borsigstraße 6 A, 63150 Heusenstamm	Notar	1	1	TY3582MnAZyNyJChHH0z
408	2025-02-06 16:09:19.410653+01	2025-02-06 16:09:19.410653+01	pi	wo	Simona-Andreea	Bumbaru-Vernuccio					004917641292137		Baisieper Str. 32, 42859 Remscheid		1	1	DU88O3kW9ummTbgTTYga
409	2025-02-06 16:14:26.353228+01	2025-02-06 16:14:26.353228+01	pi	ma	 Săndel	Iftimie					004915171232027		Kurt-Schumacher-Allee 28, 63128 Dietzenbach		1	1	ngqY0HkUFC00hzk6RA9z
411	2025-02-06 20:31:56.905249+01	2025-02-06 20:31:56.905249+01	pi	ma	Ali-Timotei	Ursaru									1	1	WzyHi6TizyeZ2LqOtxcD
412	2025-02-07 11:15:13.81585+01	2025-02-07 11:15:13.81585+01	pi	wo	Irina	Miron					004915258428677		Karl-Rolle-Straße 7, 84307 Eggenfelden		1	1	JJvOO1ucyhLs8rtTKEgk
413	2025-02-10 12:20:40.956887+01	2025-02-10 12:20:40.956887+01	pi	ma	Markus	Zahn					0219199630	mail@notar-zahn.de	Kölner Str. 64, 42897 Remscheid	Notar	1	1	huGAwwaZG76P5COUiBC8
414	2025-02-10 13:51:17.306502+01	2025-02-10 13:51:17.306502+01	pi	ma	Mical	Ciobanu					00447935524553		Triftstraße 18, 99897 Tambach-Dietharz		1	1	QoVIa4h7wasC5hgTDAXI
416	2025-02-11 11:15:31.358169+01	2025-02-11 11:15:31.358169+01	pi	ma	Torsten	Zapf					03414925310	info@zapf-flache.de	Schreberstraße 13, 04109 Leipzig	Notar	1	1	238B5BJfYKkb7QNtJD42
417	2025-02-12 08:28:01.33759+01	2025-02-12 08:28:01.33759+01	pi	ma	Marinică	Sîrghi					0040746643826		Stentiner Str. 22, 65428 Ruselheim am Main		1	1	tUGjGkC8x9fPbU5mT1NK
418	2025-02-12 08:34:27.85451+01	2025-02-12 08:34:27.85451+01	pi	wo	Constantina	Șerban					004917680611840		Paul Schneider Str. 26, 12247 Berlin		1	1	2fZIOF0y7Ci5Dtj86ctT
419	2025-02-12 11:30:32.913243+01	2025-02-12 11:30:32.913243+01	pi	wo	Ellada	Makhanets							Alter Stadtweg 22, 21717 Fredenbeck		1	1	bGFhof6ucdLhb07Tr7Et
420	2025-02-12 14:02:42.423275+01	2025-02-12 14:02:42.423275+01	pi	wo	Svetlana	Rubalska						rysval2012@gmail.com			1	1	Vj0xnHEatsQcDccN2Yam
421	2025-02-12 16:57:17.918567+01	2025-02-12 17:01:00.538388+01	pi	wo	Mihaela	Pădureț					0040751591755		Nienburger Str. 1, 29323 Wietze		1	1	1oFbEbrcZ6RSp7nt1VYz
424	2025-02-14 10:49:17.446997+01	2025-02-14 10:50:05.699733+01	pi	wo	Laura Maria	Voicu					004917655656188		Alt-Tempelhof 36, 12103 Berlin		2	2	vHw3L8lZJ8XmmBvLPn5I
422	2025-02-13 09:51:10.278998+01	2025-02-17 11:56:33.060359+01	pi	wo	Cristina-Ștefania	Nadoleanu					004915145456689 		Rosenhecke 6, 34537 Bad Wildungen		1	1	wI8Z1OIPPlgLafnzHEOD
415	2025-02-10 13:59:24.226121+01	2025-02-19 15:21:43.830397+01	pi	wo	Andreea-Beata	Puskas					004917610821293		Im Klösterle 11, 74259 Widdern, Baden Württemberg		1	1	csNzkBhGRPGyMVE0xvi8
432	2025-02-20 17:18:04.003786+01	2025-02-20 17:18:04.003786+01	pi	ma	Iuliu-Norbert	Korpas					004915145043359		Sesselweg 2, 93470 Lohberg		1	1	GY9y1m4HPe7wUuzSVliQ
433	2025-02-20 17:28:33.228188+01	2025-02-20 17:28:33.228188+01	pi	wo	Gana	Boiko					004915771457441		Magdeburg		1	1	K3SP9UScR2Q1RFyth9pa
435	2025-02-21 08:41:30.934861+01	2025-02-21 08:41:30.934861+01	pi	wo	Tatjana	Saboklizki					004917656447478	tatjana-z@mail.ru	 Zschokkestr. 27, 39104 Magdeburg	Übersetzer Englisch, Russisch	1	1	zRbqn8YxYeZFrBu7nNmX
436	2025-02-21 08:43:25.953577+01	2025-02-21 08:43:25.953577+01	pi	wo	Jessica	Sizonova					004917662121438	sizonova-jessica@t-online.de	Neustädter Str. 13, 39104 Magdeburg	Übersetzer Englisch	1	1	eeKl1KVJ1UwD8ZOaLjLp
430	2025-02-19 09:07:26.978141+01	2025-02-21 09:22:56.378315+01	pi	wo	Eli-Ștefania	Mandia					004915219444196		Waldstraße 3, 56581 Kurtscheid		1	1	QKUchH5BVwRoYmq7zKrr
439	2025-02-21 11:39:13.055212+01	2025-02-21 11:39:13.055212+01	pi	ma	Cosmina	Vladu					0040741466565		Rheinstrasse 16, 47799 Krefeld-Cracau		1	1	cAMTwGhqZdRisGklpGQF
440	2025-02-21 15:54:07.707309+01	2025-02-21 15:54:07.707309+01	pi	ma	Andree	Adler					0049263139900	notariat@bohrundadler.de	Hermannstraße 43, 56564 Neuwied	Notar	1	1	GEc8Sft4gAvHuo8VV0CP
445	2025-02-27 11:52:27.165852+01	2025-02-27 11:52:27.165852+01	pi	wo	Carina	Hanekamp					044919397333	ra-hanekamp@web.de	Wasserstraße 6-8, 26169 Friesoythe	Notar	1	1	Orf8Oadssl2DSHJLalOR
450	2025-02-28 11:47:01.052412+01	2025-02-28 11:47:49.865505+01	pi	ma	Florin	Cindea					00491712390496				1	1	c4G7VXMVCGolsghD4pwF
451	2025-03-01 13:17:15.470077+01	2025-03-01 13:17:15.470077+01	pi	wo	Nadezhda Olegovna	Kulova							Völpker Str. 3, 39110 Magdeburg		1	1	ckunzUhRhml1ENOG5Hqe
458	2025-03-04 15:37:22.206198+01	2025-03-04 15:37:22.206198+01	pi	ma	Iulia-Delia	Popa					004915161729440	juliadeliadada@gmail.com	Frauenfeld 1, 94496 Ortenburg		1	1	IxijChxvYxxw7x2PlMJx
481	2025-03-13 08:16:54.584785+01	2025-03-13 08:16:54.584785+01	pi	ma	Olaf	Kaufmes					0506395950	o.kaufmes@wkf-law.com	Oberstraße 2, 31162 Bad Salzdetfurth	Notar	1	1	gIwXWj18pHW0t1vvSqTm
484	2025-03-16 07:41:27.719949+01	2025-03-16 07:41:27.719949+01	pi	ma	Alexandru-Adrian	Miriuță					00491634325961		Ackerstraße 18A, 39112 Magdeburg		1	1	oTYku3ArD4wl8AyZKEDI
488	2025-03-17 14:26:23.82532+01	2025-03-17 14:26:23.82532+01	pi	ma	Jan	Herrmann					004917648135778	email@polnisch-dolmetscher.net	Ulrich-von-Hassell-Weg 3, 12353 Berlin	Übersetzer Polnisch	1	1	QwaKD6EmWeidOqYd6FF1
486	2025-03-17 13:59:14.247316+01	2025-03-17 19:16:30.945316+01	pi	ma	Piskulak	Radosław					0048574717710	radikock@o2.pl	Genthiner Str. 7C, 39307 Tucheim		1	1	R4PdH8tzUp1q5DhuOa7u
441	2025-02-25 17:04:38.82936+01	2025-02-26 12:47:02.522467+01	pi	ma	Ionuț-Daniel	Duțu					004915510463899		Fladderburger Str. 35, 26219 Bösel		1	1	g28c0H1MPxn8dOVkKdbS
446	2025-02-27 19:27:05.664645+01	2025-02-27 19:27:05.664645+01	pi	wo	Rodica	Ivasenco					0037367482086		Gartenstraße 13, 34596 Bad Zwesten		1	1	AA8Y67RZrnv9uxOSv35c
447	2025-02-28 10:23:51.547971+01	2025-02-28 10:23:51.547971+01	pi	wo	Dana-Florentina	Covaci					0040774570041		Westwall 53, 47798 Krefeld		1	1	4kpUzinE2ZAUTvbcCcXY
448	2025-02-28 10:40:53.489961+01	2025-02-28 10:40:53.489961+01	pi	ma	Volker	Puderbach					02741939800	info@notare-puderbach.de	Bismarckstraße 9, 57518 Betzdorf	Notar	1	1	e2AQpRGOVli23iW6EWYa
443	2025-02-26 11:35:15.984021+01	2025-02-28 10:42:10.937837+01	pi	ma	Ilie-Volus	Păun					00491701433413		Burgstraße 49, 57518 Betzdorf		2	1	xmn4PANogirUpUVZfOUF
452	2025-03-01 15:03:23.540937+01	2025-03-01 15:03:23.540937+01	pi	ma	Daniel	Iordan					004915218930337		Lübecker Str. 44, 39124 Magdeburg		1	1	ZlpAjZENqjEO8JgtsIne
453	2025-03-03 10:16:01.148986+01	2025-03-03 10:16:01.148986+01	pi	wo	Christine	Griesbacher						christinegriesbacher@gmail.com	Bärbel-Bohley-Ring 40, 13355 Berlin		1	1	pNBWIZtBq3F120Y5fHLa
454	2025-03-03 11:26:58.701367+01	2025-03-03 11:26:58.701367+01	pi	ma	Constantin-Dragoș	Cârjan					0040728997991	carjan.dragos@gmail.com	Weidenweg 1, 38271 Baddeckenstedt		1	1	ucrqyGhQey4sKFgQddjP
455	2025-03-03 14:29:43.506055+01	2025-03-03 14:29:43.506055+01	pi	wo	Barbara	Eckert					056827390083	anwalt@kanzlei-wpj.de	Bahnhofstraße 36A, 34582 Borken	Notar	1	1	ECrV5Oeyj2Y3cnJHSGOG
457	2025-03-03 21:06:05.995577+01	2025-03-03 21:06:05.995577+01	pi	ma	Nataliia	Tsirsh						tsirshn@gmail.com			1	1	VGXuYEGBlg47V2sg1HSG
459	2025-03-05 09:52:30.917766+01	2025-03-05 09:52:30.917766+01	pi	ma	Andre	Fisch					02841908010	info@notare-koenen-fisch.de	Elenastraße 17, 47441 Moers	Notar	1	1	pniPmITrN8cBtdFri6lg
460	2025-03-05 10:36:54.931312+01	2025-03-05 10:36:54.931312+01	pi	ma	Matthias	Fuchs					06742896250	info@bf-notare.de	Casinostraße 57, 56154 Boppard-Buchholz	Notar	1	1	GOlUWJHJneVqMJVFHq6R
461	2025-03-05 14:39:36.507163+01	2025-03-05 14:39:36.507163+01	pi	ma	Gheorghe	Greuruș					004916090378430		Überkinger Str. 4, 73312 Geislingen an der Steige		1	1	IwzugqNO81TqRKTddeSy
462	2025-03-05 14:46:26.006831+01	2025-03-05 14:46:26.006831+01	pi	ma	Oleksandr	Davydenko						sayonaraboys123@gmail.com			1	1	DJp8NIvGc0XBnYAjh3Ah
463	2025-03-05 14:51:15.620203+01	2025-03-05 14:51:15.620203+01	pi	ma	Oleksii	Solomakha						solmail87@gmail.com			1	1	2vBg3SHS6GINmFk1Az9x
465	2025-03-06 17:19:21.481656+01	2025-03-06 17:19:21.481656+01	pi	wo	Ana-Maria	Botos					004915166569353		Heumarkt 15, 55430 Oberwesel		1	1	69rDRVxiKMJGEpe6Mezz
466	2025-03-06 17:27:13.577586+01	2025-03-06 17:27:13.577586+01	pi	ma	Gheorghe Claudiu	Tudor					0040799119939 		Breslauer Str. 58, 97318 Kitzingen		1	1	Ke18PGpnGPqfDsruswC6
468	2025-03-07 11:16:19.87416+01	2025-03-07 11:16:19.87416+01	pi	ma	Matthias	Dünninger					093114041	info@notare-eichhornstrasse7.de	Eichhornstraße 7, 97070 Würzburg	Notar	1	1	OEPLJ7jdaBRNj1L8apLF
469	2025-03-07 11:24:31.285936+01	2025-03-07 11:24:31.285936+01	pi	ma	Heinrich	Berchtold					073319364840	info@notar-berchtold.de	Stuttgarter Str. 99, 73312 Geislingen an der Steige	Notar	1	1	rF29JOydrvjGc4FMrVth
471	2025-03-07 12:35:19.865188+01	2025-03-07 12:35:19.865188+01	pi	ma	Ionuț-Dănuț	Ichim					0040756338807		Am Kiesberg 5, 49774 Lähden		1	1	9WnBhdjQO5y8TgSwcXyC
472	2025-03-07 12:55:19.869361+01	2025-03-07 12:55:19.869361+01	pi	wo	Claudia	Mair-Trinkgeld					0853297390	info@notarin-badgriesbach.de	Stadtpl. 2, 94086 Bad Griesbach im Rottal	Notar	1	1	kFDCd07r5f28MKt0WbO4
473	2025-03-08 09:06:18.401939+01	2025-03-08 09:06:18.401939+01	pi	wo	Elena	Burlacu					0040761157286		Kiehlufer 147, 12059 Berlin		1	1	aTqk3pJV8Ud45JvwZzO7
470	2025-03-07 11:33:16.405607+01	2025-03-08 17:06:17.483834+01	pi	ma	Ostroumov	Valerii						steelskull84@gmail.com			2	1	bzt62QqILEkox4a498VO
474	2025-03-10 11:41:36.014852+01	2025-03-10 11:41:36.014852+01	pi	wo	Maria-Mihaela	Arnăutu					0040790501394		Altenend 47, 26169 Friesoythe		1	1	SWxiY9yw7Jlr3PpAuSsW
475	2025-03-10 13:15:36.199002+01	2025-03-10 13:15:36.199002+01	pi	wo	Martina	Barth					004917622280896	maloula@web.de	Taubenweg 6, 39114 Magdeburg		1	1	kfcTPSjmXbVOhflMwtGF
476	2025-03-10 16:16:40.669626+01	2025-03-10 16:16:40.669626+01	pi	ma	Alexei	Polivenco					0037368148043		Mühldorfer Str. 26, 85661 Forstinning		1	1	LglT9x8NB5NLGMmeGtDN
478	2025-03-10 17:23:17.55576+01	2025-03-10 17:23:17.55576+01	pi	ma	Aurel Florian	Mulak					004915754316060		Schulstraße 13, 64319 Pfungstadt		1	1	Ol3agEKgYjVK8ISmjNJF
479	2025-03-11 09:28:08.77293+01	2025-03-11 09:28:08.77293+01	pi	ma	Patrick	Trommler		MTM			054321616	info@kanzleimt.de	Tabbenstraße 9, 49624 Löningen	Notar	1	1	irZdXvW8p4nVCvTH0T5t
480	2025-03-11 10:45:02.472716+01	2025-03-11 14:38:29.418545+01	pi	wo	Olena	Voichenko									1	1	Inl9gI4lE7L5A2LqCtxT
482	2025-03-14 07:35:20.135062+01	2025-03-14 07:41:48.789673+01	pi	ma	Vitalii	Rymbul					004915172475371 				1	1	STcrfy09o2w9xgZalLf8
485	2025-03-17 07:16:36.345425+01	2025-03-17 07:16:36.345425+01	pi	ma	Vadim	Timofti					0040756604461		Holztorstraße 5, 31157 Sarstedt		1	1	37kDoseKoGU5l0dcZqIk
483	2025-03-14 11:21:50.395532+01	2025-03-18 10:15:21.456144+01	pi	ma	Ioan Sebastian	Gergely					004915510717470		Sophie-Kehl-Weg 1, 64832 Babenhausen		1	1	HB3CJU6aaudrxWakudzm
489	2025-03-17 15:30:09.560575+01	2025-03-17 15:30:09.560575+01	pi	wo	Ludmila	Voroncuk					00380660100323				1	1	QYcKfTBGpeFWZFoR8o0E
490	2025-03-17 15:40:15.465013+01	2025-03-17 15:40:31.764797+01	pi	wo	Natalia	Palchun					004916091415137	natali.palchun@gmail.com	Am Schloss Spielberg 4,  82294 Oberschweinbach		1	1	5htIejnGOFLQkNrt6B0V
497	2025-03-18 18:28:46.160768+01	2025-03-18 18:28:46.160768+01	pi	wo	Elif	Camyar					00491799010839	elif_camyar@yahoo.de	Schillerpromenade 30, 12049 Berlin	Übersetzer Türkisch	1	1	Sq4pQ4utO26XLbGZkcn8
1	2024-05-23 10:11:05.9045+02	2024-05-23 10:11:05.9045+02	pi	ma	Daniel	Decher					004917663454681		Holunderweg 2, 72218 Wildberg		1	1	ZGCNvDh1kMV6AhEJy4BX
3	2024-05-23 10:22:45.400594+02	2024-05-23 10:25:06.21307+02	co	ma	Dr. 	Lohrer		Notar Dr. Lohrer			004970329183240	info@notar-lohrer.de	Daimlerstraße 12, 71083 Herrenberg	Notar	1	1	4muED2oUHH4MWwQwCmiN
11	2024-05-24 09:13:59.61681+02	2024-05-24 09:13:59.61681+02	co	ma	Hubert	Krebs		Notare Hubert Krebs und Stefan Ackermann			004981411388	kanzlei@notare-krebs-ackermann.de	Pucher Str. 3, 82256 Fürstenfeldbruck	Notar	1	1	7wT8YU9Ng16yOu6NiYgp
20	2024-05-27 09:20:19.176214+02	2024-05-27 09:20:19.176214+02	sp	wo	Anja	Schaller					004994821558	info@notarin-schaller.de	Taxisstraße 29, 93086 Wörth an der Donau	Notar	1	1	p8apICTlahAhSM2vp2ti
26	2024-05-27 14:49:22.548126+02	2024-05-27 14:51:04.460742+02	co	ma	Oliver	Kock		Oliver Kock LL.M. und Marc Leuer			0049258193140	info@klaene.de	Bahnhofstraße 2, 48231 Warendorf	Notar	1	1	4gJUtK29vvz4aYw7n4Xr
21	2024-05-27 09:24:14.40201+02	2024-06-03 16:22:20.923931+02	co	ma	Stefan	Kurz		Notare Kurz & Sagmeister			00499915065	info@kurz-sagmeister.de	Pfleggasse 9, 94469 Deggendorf	Notar	1	1	ZJIm04OZmsLCf6psJmoc
45	2024-06-06 13:10:46.396323+02	2024-06-06 13:10:46.396323+02	pi	wo	Petronela-Ancuța	Holoșpin					004917671960225		Luise-Hensel-Straße 34, 33161 Hövelhof		1	1	amZTwaKQDiZiKFd2tSit
52	2024-06-10 13:55:31.371067+02	2024-06-10 13:55:31.371067+02	sp	wo	Anja	Gerono					0049951200400	mail@notarin-gerono.de	Luitpoldstraße 51, 96052 Bamberg	Notar	1	1	TbBnfDN3hWAorm9g2WCv
58	2024-06-12 11:13:02.298972+02	2024-06-12 11:13:02.298972+02	pi	ma	Georg	Mehler		 MEHLER & DR. HAMBERGER			0049862198760	notare@mehler-hamberger.de	Bayernstraße 8, 83308 Trostberg	Notar	1	1	VRN7f9VkDNkrHRGvJGvd
67	2024-06-17 10:06:45.309916+02	2024-06-17 10:06:45.309916+02	pi	ma	Ciprian	Furtună					004915231421741		Höhenstraße 18, 56203 Höhr-Grenzhausen		1	1	F7OsFMqXey1ibvvAqVIg
72	2024-06-18 13:51:24.187184+02	2024-06-18 15:39:03.872813+02	pi	wo	Ionela-Ramona	Șerban					0040771782171		Ofenerdieker Str. 34, 26125 Oldenburg		1	1	p90fSKbtEa29650UdCOM
80	2024-06-24 15:45:23.416587+02	2024-06-24 15:45:23.416587+02	pi	ma	Răzvan-Daniel	Codre					0040771607900		Am Haselbusch 10, 98617 Meiningen		1	1	ysoCz2psXgsO9slCGje2
87	2024-06-27 13:20:32.972403+02	2024-06-27 13:20:32.972403+02	pi	ma	Luis Alejandro Ramos	Morán					00491629164480	luisramosmoran7@gmail.com	Friedenstraße 1a  39112, Magdeburg		1	1	vuLUirbYQQNXK0RoehgB
94	2024-07-01 12:27:56.810981+02	2024-07-01 12:27:56.810981+02	sp	wo	Dagmar	Hesse					004915150974290	Hesse-Buero@gmx.de	Karl-Marx-Str. 14, D-06484 Ditfurt	Übersetzer Tschechisch	1	1	6hPm3UAbf6ZyEyPTfACo
96	2024-07-02 12:42:28.943908+02	2024-07-02 12:42:28.943908+02	pi	wo	Inna	Reznikova					00491754141467		Lion-Feuchtwanger-Straße 18, 39120 Magdeburg		1	1	8IoKivfIXhOnjV462iuU
103	2024-07-11 09:52:26.270249+02	2024-07-11 09:52:26.270249+02	pi	wo	Gheorghița	Popescu					0040724583107		Kurt-Schumacher-Str. 10, 44534 Lünen		1	1	EbuBP3nFxkK9hGPdyOgc
109	2024-07-18 09:24:53.106655+02	2024-07-18 09:24:53.106655+02	pi	ma	Mugur-Nicolae	Sidoriuc					004917672966124		Lange Straße 37, 60311 Frankfurt am Main		1	1	rGPVlUuAgnYc8Gd1qyWO
125	2024-07-26 08:33:04.067136+02	2024-07-26 08:33:04.067136+02	co	ma	Thomas	Wilcken		Notarkanzlei Dr. Gottschalk, Hienstorfer, Wilcken und Partner			0049432143480	info@ghs-anwaelte.de	Lütjenstraße 12, 24534 Neumünster	Notar	1	1	h43NezFX3trqhJshKT0u
133	2024-07-31 10:33:46.73839+02	2024-07-31 10:34:14.792835+02	co	ma	Wolfgang	Kleeberger		Dr. Kleeberger und Dr. Schlögel			0049806135080	mail@notare-ksc.de	Maximilianspl. 1, 83043 Bad Aibling	Notar	1	1	KAmm1O6BVANSAGsiST8O
135	2024-08-01 08:48:14.911649+02	2024-08-01 08:48:14.911649+02	pi	ma	Vladimir	Capcelea					004917661333654		Haydnstr. 3a, 93053 Regensburg		1	1	gMOkTt4N9Gk3qecTcZHc
191	2024-09-05 13:16:03.279603+02	2024-09-05 13:19:11.376332+02	pi	ma	Robert-Adrian	Matifălean							Heppstr. 81, 72760 Reutlingen		1	1	mBPBfN34hVnqZr4abFrC
145	2024-08-07 19:15:11.326189+02	2024-08-07 19:15:11.326189+02	pi	ma	Dan-Florentin	Iosif					00491639326011		Girbelsratherstraße 46, 52351 Düren		1	1	5v2V4miOL9efIrYr6EGT
151	2024-08-09 14:25:11.338216+02	2024-08-09 14:25:11.338216+02	sp	ma	Markus	Winterhalter					00497719226930	poststelle@notar-winterhalter.de	Mühlenstraße 20, 78166 Donaueschingen	Notar	1	1	73ewposmb9vEtUzmoGUe
157	2024-08-13 14:07:50.067243+02	2024-08-13 14:07:50.067243+02	pi	wo	Cristiana-Mădălina	Spătaru					0040724284010		Pestalozzistraße 33, 08523 Plauen		1	1	A6kr5tglJGIeUCAxKkfe
164	2024-08-16 09:20:51.175105+02	2024-08-16 09:20:51.175105+02	pi	ma	Siegfried G.	Schneider		SBI Notare			00497112229250	info@notare-sbi.de	Sporerstraße 15, 70173 Stuttgart	Notar	1	1	Pyk2cd8aGmuvOFcSg5Mt
171	2024-08-27 10:01:14.574361+02	2024-08-27 10:01:14.574361+02	co	ma	Oliver	Groll		Arens & Groll u. Kollegen			0049441350350	mail@ra-arens.de	Cloppenburger Str. 46, 26135 Oldenburg	Notar	1	1	Cf2s1GlSPQDgJN2sGz3u
181	2024-09-02 18:34:12.493862+02	2024-09-03 09:48:01.294366+02	pi	ma	Valentin	Cotelea					004917660605175		Schmiedstraße 7, 84547 Emmerting		1	1	kAurJGB2PF21RT2VcWOW
186	2024-09-04 10:28:01.558621+02	2024-09-04 10:28:01.558621+02	sp	ma	Dieter	Mengwasser					00491776218429 / 00493916218429	Dieter.Mengwasser@t-online.de	Otto-Baer-Str. 33, 39118 Magdeburg	Übersetzerin Russisch, Französisch	1	1	qRl5rOZLWEHFDoiCy6VF
199	2024-09-10 11:11:40.510388+02	2024-09-10 11:11:40.510388+02	pi	ma	Michael	Zachhuber		Zachhuber & Schönrock			00493021458250	buero@kanzlei-zs.de	Bahnhofstraße 33, 12555 Berlin	Notar	1	1	eLA4qvwqWCHi3ydhSroJ
493	2025-03-18 13:06:16.277766+01	2025-03-18 13:06:16.277766+01	pi	wo	Lisa	Ohlemann 					004917631646172		Breiteweg 39, 39435 Egeln		1	1	4MCGlKi6UP1TpuIStaRP
494	2025-03-18 15:00:30.520508+01	2025-03-18 15:00:30.520508+01	pi	wo	Silvi	Wiezer					00491723106905	estnisch@wiezer.de	Potsdamer Str. 19, D-14513 Teltow bei Berlin	Übersetzer Estnisch	1	1	PQvxxMTY8gqc0q7wbgqk
495	2025-03-18 18:02:15.113463+01	2025-03-18 18:02:15.113463+01	pi	wo	Cornelia-Nicoleta	Ivcovici					00491744508072		Moseltalstraße 4, 54518 Osann-Monzel		1	1	4T79DXs8sgsnXuhx1NTH
498	2025-03-18 18:31:56.336747+01	2025-03-18 18:31:56.336747+01	pi	ma	Serdar	Kaymak					00491792937975	skaymak@web.de	Kleine Ulrichstraße 17, 06108 Halle	Übersetzer Türkisch	1	1	giDkSRHYBIRUtSfdUuY4
499	2025-03-18 18:40:38.827319+01	2025-03-18 18:40:38.827319+01	pi	ma	Selcuk Adnan	Simav					00491788801201	selcuksimav@yahoo.de	Gitschiner Straße 66, 10969 Berlin	Übersetzer Türkisch	1	1	gXjSrYsjdtVMESvmjVIT
500	2025-03-18 18:42:10.596381+01	2025-03-18 18:42:10.596381+01	pi	ma	Ahmet	Ilhan					00491717848522	ahmet.ilhan@t-online.de	Oderstraße 48, 12049 Berlin	Übersetzer Türkisch	1	1	m2pbfU1DksbYRSHqqPO1
502	2025-03-18 19:39:26.720076+01	2025-03-18 19:39:26.720076+01	pi	ma	Nicole	Reimann					004917684303345	n.atsiz2@web.de	Otto-von-Guericke-Straße10,  39104 Magdeburg		1	1	44cNBgw7IoilRpSVDpa7
503	2025-03-20 09:45:37.40268+01	2025-03-20 09:45:37.40268+01	pi	ma	Thomas	Endres					065714011	info@notariat-endres.de	Altricher Weg 2a, 54516 Wittlich	Notar	1	1	vSDclr65T3mgD9B4Z4jr
208	2024-09-16 18:21:59.72853+02	2024-09-16 18:21:59.72853+02	pi	ma	Ilie	Vasile					0040767112841		Dessauerstr. 44, 45472 Mülheim		1	1	N2R8IXJjynSt3Mq0vpAK
215	2024-09-18 16:48:35.824689+02	2024-09-18 16:48:35.824689+02	pi	ma	Serhii	Yeshchenko					004915238301180	serhii_yeshchenko@web.de	Innerer Ring 12a, 77977 Rust		1	1	J0eE73gg2VH3PI1VAIqh
221	2024-09-19 12:30:27.230615+02	2024-09-19 12:30:27.230615+02	pi	ma	Elena	Dondos					004915776925928		Schäferhof 1b, 31582 Nienburg Weser		1	1	PDk3oCDTakZjyrp0FWCI
225	2024-09-23 08:36:54.023123+02	2024-09-24 08:32:37.694448+02	pi	ma	Mihail	Verebcean					004917643620561	mihail.verebcean65@gmail.com	Köningsweiser Str. 108 A, 81475, München		1	1	gPQZXl1CvJEfAmS6csOM
235	2024-09-27 10:17:05.348055+02	2024-09-27 10:17:05.348055+02	pi	wo	Ala	Perju					0049152379349 30	info@alaperju.com	Bücher Straße 25, 41844 Wegberg	Übersetzerin Englisch, Italienisch, Rumänisch, Russisch	1	1	CDNv0EFdOKbFwXwdOHSP
201	2024-09-11 11:43:05.364463+02	2024-10-14 17:20:03.48425+02	pi	ma	Klaus-Peter	Lindow		Heinemann & Partner			004920110956	sonnenschein@raehp.de	III. Hagen 30, 45127 Essen	Notar	1	1	954lf2tslHqpSBC6uZAX
245	2024-09-30 13:08:45.578815+02	2024-09-30 13:12:28.397678+02	pi	wo	Simona-Lidia	Miron		RCS Recruitment S.R.L.	50534773		00353876010678		Str. Anton Pan, bl.10, scara B, ap. 18, Roman, Județul Neamț		1	1	S51rppb6x4yeTl7UP2dd
253	2024-10-02 19:18:59.615487+02	2024-10-02 19:18:59.615487+02	pi	wo	Nikoleta	Brazhnyk						brazhiknika@gmail.com			1	1	qjbn1SONN2F4Wjaip0Pu
255	2024-10-08 08:13:14.989755+02	2024-10-09 07:34:05.525992+02	pi	ma	Darius-Daniel	Dordea					004917630102712		Max-Eyth straße 18, 60386 Frankfurt am Main		1	1	zQQs4ak0bBRSWF7EK5cl
261	2024-10-10 13:44:22.725923+02	2024-10-10 13:44:22.725923+02	co	ma	Alessandro	Greco		SÜLLWALD   & PARTNER			0049573125300	info@rae-garen.de	Bahnhofstraße 18, 32545 Bad Oeynhausen	Notar	1	1	FYsbOWalWUBWGghdXB14
268	2024-10-15 09:43:01.94135+02	2024-10-16 09:28:43.89683+02	pi	wo	Ludmila	Cazacu					0037362167039		Großstraße 10, 14929 Treuenbrietzen		1	1	QR95xDGaY38rhvNZv29D
275	2024-10-17 10:31:33.052254+02	2024-10-17 10:31:33.052254+02	pi	ma	Andrei	Mateeș					004915145689716		Holunderweg 3, 73494 Rosenberg		1	1	MLoUvnYaDBoaARWcgVKu
287	2024-10-24 10:49:27.374513+02	2024-10-24 10:49:27.374513+02	pi	wo	Ioana	Pernea					00491737248314		Lerchenauer Str. 12, 80809 München		1	1	jXRuRUXlxhwbnxv4YK0k
294	2024-10-28 10:40:54.670103+01	2024-10-28 10:40:54.670103+01	pi	ma	Matthias	Beck					00496821931620	info@notarbeck.de	Bahnhofstraße 47, 66538 Neunkirchen	Notar	1	1	lFkH8jnpPBllCk6h2gLq
293	2024-10-27 18:48:07.187828+01	2024-10-28 16:15:41.462843+01	pi	ma	Oleksandr	Kos					00491747432884	marinaholivchuk@gmail.com	Zerbster Chaussee 11, 39288 Burg		1	1	qKGL1vBfLQtOkOL1Vtsc
301	2024-11-05 16:33:12.173945+01	2024-11-06 09:14:22.834506+01	pi	ma	Ioan-Vasile	Cristea					004915221521682	ioan.cristea@simplebit.net	Kurzbauerstrasse 12, 81479 Muenchen		1	1	SCy4AgtRviCMZcDyoEyb
308	2024-11-12 10:30:42.499568+01	2024-11-12 10:30:42.499568+01	pi	ma	Walther	Metzger					00497531363380	post@notarmetzger.de	Reichenaustraße 19a, 78467 Konstanz	Notar	1	1	lpPnNOH8XBC5PYjIJhNY
313	2024-11-13 15:18:50.692511+01	2024-11-15 10:56:56.712214+01	pi	wo	Vlada	Zelenska						s.zimonczyk@oks.de	Sputnikstraße 18, 39118 Magdeburg		1	1	haLD5LqUSgMSs3zCGInF
321	2024-11-19 15:32:14.329352+01	2024-11-19 15:32:14.329352+01	pi	wo	Katrin	Erbacher					0049261133920	info@notarin-erbacher.de	Löhrrondell 5, 56068 Koblenz	Notar	1	1	iWHjXDwWpKEk8T2jgiGj
331	2024-11-28 09:52:14.778143+01	2024-11-28 09:59:23.694733+01	pi	ma	Florin-Gabriel Negrescu	(Cristian-Florin Catargiu)					00491771389831 		Am Oberhamm 128c, 27570 Bremerhaven		1	1	sT9ee4zyxR3XJjtimpjT
338	2024-12-02 16:25:56.334176+01	2024-12-04 08:52:40.464172+01	pi	ma	Elvis	Muntean					004915217446948		Borsigstraße 26, 44145 Dortmund		1	1	As3yMfsfexzV2dh9Olh7
345	2024-12-09 09:36:53.537651+01	2024-12-09 09:36:53.537651+01	pi	wo	Monica-Mihaela	Vîrva					0040752277479		Im Bruch 1A, 66649 Oberthal		1	1	Z702vd28X6Ni9ACDWWQF
350	2024-12-12 13:46:54.245597+01	2024-12-12 13:46:54.245597+01	pi	ma	Jürgen	Hörstmann					044434084	kontakt@dr-hoerstmann.de	Lange Str. 24, 49413 Dinklage	Notar	1	1	tkpw3s194PyYfHFfxhaU
359	2025-01-03 20:50:37.597319+01	2025-01-03 20:50:37.597319+01	pi	ma	Liviu-Sergiu	Cojocaru					004915145925698		Gustav-Adolf-Straße 23 D, 06886 Lutherstadt Wittenberg		1	1	KFpBAYlKPq9YRRM5IZAF
365	2025-01-13 12:15:22.417845+01	2025-01-13 12:19:00.529481+01	pi	ma	Gheorghe-Rareș	Toma					004915129816012		Ferdelmannstraße 3, 48496 Hopsten		1	1	VhoSeKQ2fodGoJbXw9j2
371	2025-01-18 16:12:58.071457+01	2025-01-18 16:12:58.071457+01	pi	wo	Klaudia	Hugenberg					0049523192390	info@reinhardt-hugenberg.de	Hermannstraße 57, 32756 Detmold	Notar	1	1	DSVxNzSlqBABKSfRqReo
378	2025-01-22 11:59:56.03383+01	2025-01-22 11:59:56.03383+01	pi	wo	Maria	Grițai					004917682190236	mariagritai9@gmail.com	Merseburger Straße 5, 12689 Berlin		2	2	6zMVnUaGR8m4be8pRAOh
386	2025-01-24 15:03:00.457079+01	2025-01-24 15:03:00.457079+01	pi	ma	Stefan	Wehrstedt					0211324033	info@notar-wehrstedt.de	Königsallee 96, 40212 Düsseldorf	Notar	1	1	NdVTEzx0nSxO0ZAB4NcT
393	2025-01-29 16:31:59.668451+01	2025-01-29 16:31:59.668451+01	pi	wo	Lenuța	Zorilescu					00491756821635		Falken Str. 34, 49439 Steinfeld (Oldb)		1	1	i9FKHISWiEMjQeFpXDXz
397	2025-01-31 11:41:59.326634+01	2025-01-31 11:41:59.326634+01	pi	ma	Klaus	Berns		Schnurr & Berns			027157067	info@anwalt-siegen.de	Koblenzer Str. 18, 57072 Siegen	Notar	1	1	paVAqA83EUTQUGdgwtsT
404	2025-02-04 16:09:23.490316+01	2025-02-04 16:09:23.490316+01	pi	ma	Felix	Kuhn					0711645550	kanzlei@notar-kuhn.de	Tübinger Str. 26, 70178 Stuttgart	Notar	1	1	Vswk8AAx0h7CDQsENumq
410	2025-02-06 16:47:08.410961+01	2025-02-06 16:47:08.410961+01	pi	ma	Ilie-Sandocan	Pavel					004917610473451		Alt-Tempelhof 36, 12103 Berlin		1	1	ZkUqCPj8gzJIOqQGFKLq
437	2025-02-21 09:12:09.602401+01	2025-02-21 09:12:09.602401+01	pi	ma	Fabian	Vilgertshofer					004999471255	info@notar-vilgertshofer.de	Marktstraße 2, 93453 Neukirchen beim Heiligen Blut	Notar	1	1	alrmfUh5hsVH0y8Sv8fJ
426	2025-02-14 13:53:32.297462+01	2025-02-14 13:53:32.297462+01	pi	wo	Melanie	Spies					06213974990	post@notarin-spies.de	Heinrich-von-Stephan-Straße 5, 68161 Mannheim	Notar	1	1	UoGwKVcPm3dNW5lISJNr
434	2025-02-20 17:36:27.969574+01	2025-02-20 17:36:27.969574+01	pi	wo	Anastasiya	Kuzina					004917662614727	anastasiyakuzina@mail.de	Magdeburg		1	1	HslB0yiyIYirD543U6Mz
89	2024-06-27 20:25:22.791393+02	2025-02-21 09:06:03.146417+01	sp	ma	Jürgen	Schneider					0049391857902	schneider-translation@t-online.de	Erich Kästener Str. 9, 39114 Magdeburg	Übersetzer Spanisch, Englisch	1	1	Xzi3Wmsoto5bkIIdRnc6
442	2025-02-26 11:04:26.480597+01	2025-02-26 11:04:26.480597+01	pi	ma	Oana-Alexandra	Chis-Sirban 					004915171187270		Zum Fischerhafen 22, 49448 Hüde		1	1	uSUWZXgqwB709yF0EyH5
444	2025-02-26 19:12:07.996723+01	2025-02-26 19:12:07.996723+01	pi	wo	Ghiulsen	Amet					004917670209551		Am Düwelsknick 6a, 25335 Elmshorn		2	2	9TBWY6nFwHnmAJTo7El3
449	2025-02-28 10:53:40.548988+01	2025-02-28 10:53:40.548988+01	pi	wo	Christine	Fliege					041218681	schweinsberg-petersen@ranops.de	Kaltenweide 13, 25335 Elmshorn	Notar	1	1	9ApARwCKFZ5XRivmpn6S
456	2025-03-03 15:01:18.576894+01	2025-03-04 09:37:22.550347+01	pi	wo	Iulia	Gogu					004915213561583		Oberstraße 5, 55430 Oberwesel		1	1	SiBBqqeXKfmLtwfxqjhs
464	2025-03-06 12:17:54.700569+01	2025-03-06 12:17:54.700569+01	pi	ma	 Aimal	Jumazada					004917632287251	aimal.jumazada@gmail.com			1	1	9zqU41Rmo4ur7UlcpPHg
467	2025-03-07 07:54:22.180285+01	2025-03-07 07:54:22.180285+01	pi	wo	Ana	Clețiu					004369911977505	ana.cletiu@gmx.at	Sildgasse 4/1 14, 1210 Wien, Österreich	Übersetzer Rumänisch, Englisch	1	1	7bTPuOo4Ogh0S7CKCZs2
477	2025-03-10 16:45:52.312152+01	2025-03-10 16:45:52.312152+01	pi	ma	Marcus	Bastelberger					067447101880	scherer@bf-notare.de	Rathausstraße 1, 55430 Oberwesel	Notar	1	1	dCPmEER5dnRJqyvdBSGl
487	2025-03-17 14:08:12.118591+01	2025-03-17 14:08:12.118591+01	pi	wo	Dorothee	Fehrmann					004915225970617	dorothee.fehrmann@t-online.de	 Erich Kästner Str. 9, 39114 Magdeburg	Übersetzer Polnisch, Russisch	1	1	kLcanY0sR4OxmmkYuKqp
491	2025-03-18 10:31:42.78953+01	2025-03-18 10:31:42.78953+01	pi	ma	Bartlomiej	Bukowski					00493916078578	bartekbukowski@t-online.de	Haeckelstraße 2, 39104 Magdeburg	Übersetzer Polnisch	1	1	hiZlO0xa975PbTISnEiT
492	2025-03-18 12:35:58.158439+01	2025-03-18 12:35:58.158439+01	pi	wo	Anna	Hunchenko					00491755381067		Otto-Baer-Str. 25, 39118 Magdeburg		1	1	h7KSnRDNROR3xFUt6S0l
496	2025-03-18 18:23:03.428518+01	2025-03-18 18:23:54.167316+01	pi	wo	Adriana	Burstedde					00491724237385	sprachendienst.hintcheva@googlemail.com	Dornburger Weg 11, 39114 Magdeburg	Übersetzer Bulgarisch, Russisch, Türkisch	1	1	RhIjvF1tBwe29UAtS5NS
501	2025-03-18 18:45:13.878565+01	2025-03-20 16:28:26.470335+01	pi	ma	Ahmet	Cakir					00491732058001	ahmet.cakir@ergonomic.de	Soldauer Platz 3, 14055 Berlin	Übersetzer Türkisch	1	1	xJNHplmk7MoqWjIoC8ye
504	2025-03-21 08:34:02.410841+01	2025-03-21 08:42:25.928783+01	pi	wo	Renate	Meitert					00491745305864		Langenburger Str. 10, 74572 Blaufelden		1	1	pNJmK6gUzHzXzdeNqzOc
505	2025-03-22 11:26:40.30428+01	2025-03-22 11:26:40.30428+01	pi	ma	Codrin	Aursulesei					004915212890564	aursuleseicodrin@gmail.com	Hauptstraße 22, 85664 Hohenlinden		1	1	fU6SjIsbBpds8sleRwUp
\.


--
-- Data for Name: services_currency; Type: TABLE DATA; Schema: public; Owner: postgres
--

COPY public.services_currency (id, name, symbol) FROM stdin;
1	Euro	€
2	Dollar	$
3	Leu	ron
\.


--
-- Data for Name: services_serial; Type: TABLE DATA; Schema: public; Owner: postgres
--

COPY public.services_serial (id, offer_serial, offer_number, order_serial, order_number, p_order_serial, p_order_number, proforma_serial, proforma_number, invoice_serial, invoice_number, receipt_serial, receipt_number) FROM stdin;
1	A	38	B	346	P	71	PRO	127	RE	216	BE	16
\.


--
-- Data for Name: services_service; Type: TABLE DATA; Schema: public; Owner: postgres
--

COPY public.services_service (id, name, price_min, price_max, icon, currency_id, um_id) FROM stdin;
1	Übersetzung	30.00	55.00	mdi-google-translate	1	1
2	Redaktionsservice	25.00	35.00	mdi-file-word-box	1	1
5	Untertitel	3.00	6.00	mdi-closed-caption	1	6
6	Dolmetschen	50.00	300.00	mdi-message-text-outline	1	5
7	Versand	5.00	10.00	mdi-truck menu-icon	1	1
8	Vermittlung Services	50.00	100.00	mdi-star-box	1	1
4	Vermittlung Apostille	25.00	50.00	mdi-star-circle	1	1
3	Vermittlung Notar	20.00	60.00	mdi-seal	1	1
9	Sonstiges	1.00	100.00	mdi-shape-outline	1	1
\.


--
-- Data for Name: services_status; Type: TABLE DATA; Schema: public; Owner: postgres
--

COPY public.services_status (id, name, style, percent) FROM stdin;
5	Geliefert	success	100
3	Bearbeitet	primary	30
7	Übersetzt	primary	40
6	Abgebrochen	dark	101
4	Überprüft	warning	50
8	Notarsuche	warning	60
2	Bestätigt	info	20
10	Erkundung	muted	0
1	Warten	danger	10
9	Abholbar	success	90
11	Termin	warning	80
\.


--
-- Data for Name: services_um; Type: TABLE DATA; Schema: public; Owner: postgres
--

COPY public.services_um (id, name) FROM stdin;
2	S.
3	Zl.
4	Tg.
5	Std.
6	Min.
1	Stk.
\.


--
-- Data for Name: users_customuser; Type: TABLE DATA; Schema: public; Owner: postgres
--

COPY public.users_customuser (id, password, last_login, is_superuser, username, first_name, last_name, email, is_staff, is_active, date_joined, date_of_birth, profile_picture, phone, address) FROM stdin;
2	pbkdf2_sha256$600000$QFC3OXdgbqiCmUMULJU6Jp$j9u17vN17baV7zba4k8ozq/ZBwi2ndFNNO+sxJHoqpA=	2025-03-24 11:18:06.03055+01	f	tania	Tatiana	Radu	tatiana.radu.de@gmail.com	t	t	2025-01-09 11:01:52.649305+01	1976-08-23	profile_pictures/WhatsApp_Image_2021-05-14_at_19.04.15.jpeg	004915218108546	Hektorweg 20, 39118 Magdeburg
1	pbkdf2_sha256$600000$nKiXFtunEEko7PPjNv1tDO$P5Ag7uJYk0N0pkKMH+NWMOBH0lWatJPVSg1gmZNlcOU=	2025-03-24 12:32:43.182149+01	t	agradu	Adrian George	Radu	adrian.george.radu@gmail.com	t	t	2024-05-23 10:09:33.965503+02	1977-03-11	profile_pictures/agradu.jpg	00491636299796	Hektorweg 20, 39118, Magdeburg
\.


--
-- Data for Name: users_customuser_groups; Type: TABLE DATA; Schema: public; Owner: postgres
--

COPY public.users_customuser_groups (id, customuser_id, group_id) FROM stdin;
\.


--
-- Data for Name: users_customuser_user_permissions; Type: TABLE DATA; Schema: public; Owner: postgres
--

COPY public.users_customuser_user_permissions (id, customuser_id, permission_id) FROM stdin;
\.


--
-- Name: appointments_appointment_id_seq; Type: SEQUENCE SET; Schema: public; Owner: postgres
--

SELECT pg_catalog.setval('public.appointments_appointment_id_seq', 124, true);


--
-- Name: auth_group_id_seq; Type: SEQUENCE SET; Schema: public; Owner: postgres
--

SELECT pg_catalog.setval('public.auth_group_id_seq', 1, false);


--
-- Name: auth_group_permissions_id_seq; Type: SEQUENCE SET; Schema: public; Owner: postgres
--

SELECT pg_catalog.setval('public.auth_group_permissions_id_seq', 1, false);


--
-- Name: auth_permission_id_seq; Type: SEQUENCE SET; Schema: public; Owner: postgres
--

SELECT pg_catalog.setval('public.auth_permission_id_seq', 92, true);


--
-- Name: django_admin_log_id_seq; Type: SEQUENCE SET; Schema: public; Owner: postgres
--

SELECT pg_catalog.setval('public.django_admin_log_id_seq', 101, true);


--
-- Name: django_content_type_id_seq; Type: SEQUENCE SET; Schema: public; Owner: postgres
--

SELECT pg_catalog.setval('public.django_content_type_id_seq', 23, true);


--
-- Name: django_migrations_id_seq; Type: SEQUENCE SET; Schema: public; Owner: postgres
--

SELECT pg_catalog.setval('public.django_migrations_id_seq', 26, true);


--
-- Name: invoices_invoice_id_seq; Type: SEQUENCE SET; Schema: public; Owner: postgres
--

SELECT pg_catalog.setval('public.invoices_invoice_id_seq', 267, true);


--
-- Name: invoices_invoiceelement_id_seq; Type: SEQUENCE SET; Schema: public; Owner: postgres
--

SELECT pg_catalog.setval('public.invoices_invoiceelement_id_seq', 549, true);


--
-- Name: invoices_proforma_id_seq; Type: SEQUENCE SET; Schema: public; Owner: postgres
--

SELECT pg_catalog.setval('public.invoices_proforma_id_seq', 127, true);


--
-- Name: invoices_proformaelement_id_seq; Type: SEQUENCE SET; Schema: public; Owner: postgres
--

SELECT pg_catalog.setval('public.invoices_proformaelement_id_seq', 301, true);


--
-- Name: orders_offer_id_seq; Type: SEQUENCE SET; Schema: public; Owner: postgres
--

SELECT pg_catalog.setval('public.orders_offer_id_seq', 37, true);


--
-- Name: orders_offerelement_id_seq; Type: SEQUENCE SET; Schema: public; Owner: postgres
--

SELECT pg_catalog.setval('public.orders_offerelement_id_seq', 62, true);


--
-- Name: orders_order_id_seq; Type: SEQUENCE SET; Schema: public; Owner: postgres
--

SELECT pg_catalog.setval('public.orders_order_id_seq', 419, true);


--
-- Name: orders_orderelement_id_seq; Type: SEQUENCE SET; Schema: public; Owner: postgres
--

SELECT pg_catalog.setval('public.orders_orderelement_id_seq', 791, true);


--
-- Name: payments_payment_id_seq; Type: SEQUENCE SET; Schema: public; Owner: postgres
--

SELECT pg_catalog.setval('public.payments_payment_id_seq', 269, true);


--
-- Name: payments_paymentelement_id_seq; Type: SEQUENCE SET; Schema: public; Owner: postgres
--

SELECT pg_catalog.setval('public.payments_paymentelement_id_seq', 266, true);


--
-- Name: persons_person_id_seq; Type: SEQUENCE SET; Schema: public; Owner: postgres
--

SELECT pg_catalog.setval('public.persons_person_id_seq', 505, true);


--
-- Name: services_currency_id_seq; Type: SEQUENCE SET; Schema: public; Owner: postgres
--

SELECT pg_catalog.setval('public.services_currency_id_seq', 3, true);


--
-- Name: services_serial_id_seq; Type: SEQUENCE SET; Schema: public; Owner: postgres
--

SELECT pg_catalog.setval('public.services_serial_id_seq', 1, true);


--
-- Name: services_service_id_seq; Type: SEQUENCE SET; Schema: public; Owner: postgres
--

SELECT pg_catalog.setval('public.services_service_id_seq', 9, true);


--
-- Name: services_status_id_seq; Type: SEQUENCE SET; Schema: public; Owner: postgres
--

SELECT pg_catalog.setval('public.services_status_id_seq', 11, true);


--
-- Name: services_um_id_seq; Type: SEQUENCE SET; Schema: public; Owner: postgres
--

SELECT pg_catalog.setval('public.services_um_id_seq', 6, true);


--
-- Name: users_customuser_groups_id_seq; Type: SEQUENCE SET; Schema: public; Owner: postgres
--

SELECT pg_catalog.setval('public.users_customuser_groups_id_seq', 1, false);


--
-- Name: users_customuser_id_seq; Type: SEQUENCE SET; Schema: public; Owner: postgres
--

SELECT pg_catalog.setval('public.users_customuser_id_seq', 2, true);


--
-- Name: users_customuser_user_permissions_id_seq; Type: SEQUENCE SET; Schema: public; Owner: postgres
--

SELECT pg_catalog.setval('public.users_customuser_user_permissions_id_seq', 1, false);


--
-- Name: appointments_appointment appointments_appointment_pkey; Type: CONSTRAINT; Schema: public; Owner: postgres
--

ALTER TABLE ONLY public.appointments_appointment
    ADD CONSTRAINT appointments_appointment_pkey PRIMARY KEY (id);


--
-- Name: auth_group auth_group_name_key; Type: CONSTRAINT; Schema: public; Owner: postgres
--

ALTER TABLE ONLY public.auth_group
    ADD CONSTRAINT auth_group_name_key UNIQUE (name);


--
-- Name: auth_group_permissions auth_group_permissions_group_id_permission_id_0cd325b0_uniq; Type: CONSTRAINT; Schema: public; Owner: postgres
--

ALTER TABLE ONLY public.auth_group_permissions
    ADD CONSTRAINT auth_group_permissions_group_id_permission_id_0cd325b0_uniq UNIQUE (group_id, permission_id);


--
-- Name: auth_group_permissions auth_group_permissions_pkey; Type: CONSTRAINT; Schema: public; Owner: postgres
--

ALTER TABLE ONLY public.auth_group_permissions
    ADD CONSTRAINT auth_group_permissions_pkey PRIMARY KEY (id);


--
-- Name: auth_group auth_group_pkey; Type: CONSTRAINT; Schema: public; Owner: postgres
--

ALTER TABLE ONLY public.auth_group
    ADD CONSTRAINT auth_group_pkey PRIMARY KEY (id);


--
-- Name: auth_permission auth_permission_content_type_id_codename_01ab375a_uniq; Type: CONSTRAINT; Schema: public; Owner: postgres
--

ALTER TABLE ONLY public.auth_permission
    ADD CONSTRAINT auth_permission_content_type_id_codename_01ab375a_uniq UNIQUE (content_type_id, codename);


--
-- Name: auth_permission auth_permission_pkey; Type: CONSTRAINT; Schema: public; Owner: postgres
--

ALTER TABLE ONLY public.auth_permission
    ADD CONSTRAINT auth_permission_pkey PRIMARY KEY (id);


--
-- Name: django_admin_log django_admin_log_pkey; Type: CONSTRAINT; Schema: public; Owner: postgres
--

ALTER TABLE ONLY public.django_admin_log
    ADD CONSTRAINT django_admin_log_pkey PRIMARY KEY (id);


--
-- Name: django_content_type django_content_type_app_label_model_76bd3d3b_uniq; Type: CONSTRAINT; Schema: public; Owner: postgres
--

ALTER TABLE ONLY public.django_content_type
    ADD CONSTRAINT django_content_type_app_label_model_76bd3d3b_uniq UNIQUE (app_label, model);


--
-- Name: django_content_type django_content_type_pkey; Type: CONSTRAINT; Schema: public; Owner: postgres
--

ALTER TABLE ONLY public.django_content_type
    ADD CONSTRAINT django_content_type_pkey PRIMARY KEY (id);


--
-- Name: django_migrations django_migrations_pkey; Type: CONSTRAINT; Schema: public; Owner: postgres
--

ALTER TABLE ONLY public.django_migrations
    ADD CONSTRAINT django_migrations_pkey PRIMARY KEY (id);


--
-- Name: django_session django_session_pkey; Type: CONSTRAINT; Schema: public; Owner: postgres
--

ALTER TABLE ONLY public.django_session
    ADD CONSTRAINT django_session_pkey PRIMARY KEY (session_key);


--
-- Name: invoices_invoice invoices_invoice_pkey; Type: CONSTRAINT; Schema: public; Owner: postgres
--

ALTER TABLE ONLY public.invoices_invoice
    ADD CONSTRAINT invoices_invoice_pkey PRIMARY KEY (id);


--
-- Name: invoices_invoiceelement invoices_invoiceelement_pkey; Type: CONSTRAINT; Schema: public; Owner: postgres
--

ALTER TABLE ONLY public.invoices_invoiceelement
    ADD CONSTRAINT invoices_invoiceelement_pkey PRIMARY KEY (id);


--
-- Name: invoices_proforma invoices_proforma_pkey; Type: CONSTRAINT; Schema: public; Owner: postgres
--

ALTER TABLE ONLY public.invoices_proforma
    ADD CONSTRAINT invoices_proforma_pkey PRIMARY KEY (id);


--
-- Name: invoices_proformaelement invoices_proformaelement_pkey; Type: CONSTRAINT; Schema: public; Owner: postgres
--

ALTER TABLE ONLY public.invoices_proformaelement
    ADD CONSTRAINT invoices_proformaelement_pkey PRIMARY KEY (id);


--
-- Name: orders_offer orders_offer_pkey; Type: CONSTRAINT; Schema: public; Owner: postgres
--

ALTER TABLE ONLY public.orders_offer
    ADD CONSTRAINT orders_offer_pkey PRIMARY KEY (id);


--
-- Name: orders_offerelement orders_offerelement_pkey; Type: CONSTRAINT; Schema: public; Owner: postgres
--

ALTER TABLE ONLY public.orders_offerelement
    ADD CONSTRAINT orders_offerelement_pkey PRIMARY KEY (id);


--
-- Name: orders_order orders_order_pkey; Type: CONSTRAINT; Schema: public; Owner: postgres
--

ALTER TABLE ONLY public.orders_order
    ADD CONSTRAINT orders_order_pkey PRIMARY KEY (id);


--
-- Name: orders_orderelement orders_orderelement_pkey; Type: CONSTRAINT; Schema: public; Owner: postgres
--

ALTER TABLE ONLY public.orders_orderelement
    ADD CONSTRAINT orders_orderelement_pkey PRIMARY KEY (id);


--
-- Name: payments_payment payments_payment_pkey; Type: CONSTRAINT; Schema: public; Owner: postgres
--

ALTER TABLE ONLY public.payments_payment
    ADD CONSTRAINT payments_payment_pkey PRIMARY KEY (id);


--
-- Name: payments_paymentelement payments_paymentelement_pkey; Type: CONSTRAINT; Schema: public; Owner: postgres
--

ALTER TABLE ONLY public.payments_paymentelement
    ADD CONSTRAINT payments_paymentelement_pkey PRIMARY KEY (id);


--
-- Name: persons_person persons_person_pkey; Type: CONSTRAINT; Schema: public; Owner: postgres
--

ALTER TABLE ONLY public.persons_person
    ADD CONSTRAINT persons_person_pkey PRIMARY KEY (id);


--
-- Name: services_currency services_currency_pkey; Type: CONSTRAINT; Schema: public; Owner: postgres
--

ALTER TABLE ONLY public.services_currency
    ADD CONSTRAINT services_currency_pkey PRIMARY KEY (id);


--
-- Name: services_serial services_serial_pkey; Type: CONSTRAINT; Schema: public; Owner: postgres
--

ALTER TABLE ONLY public.services_serial
    ADD CONSTRAINT services_serial_pkey PRIMARY KEY (id);


--
-- Name: services_service services_service_pkey; Type: CONSTRAINT; Schema: public; Owner: postgres
--

ALTER TABLE ONLY public.services_service
    ADD CONSTRAINT services_service_pkey PRIMARY KEY (id);


--
-- Name: services_status services_status_pkey; Type: CONSTRAINT; Schema: public; Owner: postgres
--

ALTER TABLE ONLY public.services_status
    ADD CONSTRAINT services_status_pkey PRIMARY KEY (id);


--
-- Name: services_um services_um_pkey; Type: CONSTRAINT; Schema: public; Owner: postgres
--

ALTER TABLE ONLY public.services_um
    ADD CONSTRAINT services_um_pkey PRIMARY KEY (id);


--
-- Name: users_customuser_groups users_customuser_groups_customuser_id_group_id_76b619e3_uniq; Type: CONSTRAINT; Schema: public; Owner: postgres
--

ALTER TABLE ONLY public.users_customuser_groups
    ADD CONSTRAINT users_customuser_groups_customuser_id_group_id_76b619e3_uniq UNIQUE (customuser_id, group_id);


--
-- Name: users_customuser_groups users_customuser_groups_pkey; Type: CONSTRAINT; Schema: public; Owner: postgres
--

ALTER TABLE ONLY public.users_customuser_groups
    ADD CONSTRAINT users_customuser_groups_pkey PRIMARY KEY (id);


--
-- Name: users_customuser users_customuser_pkey; Type: CONSTRAINT; Schema: public; Owner: postgres
--

ALTER TABLE ONLY public.users_customuser
    ADD CONSTRAINT users_customuser_pkey PRIMARY KEY (id);


--
-- Name: users_customuser_user_permissions users_customuser_user_pe_customuser_id_permission_7a7debf6_uniq; Type: CONSTRAINT; Schema: public; Owner: postgres
--

ALTER TABLE ONLY public.users_customuser_user_permissions
    ADD CONSTRAINT users_customuser_user_pe_customuser_id_permission_7a7debf6_uniq UNIQUE (customuser_id, permission_id);


--
-- Name: users_customuser_user_permissions users_customuser_user_permissions_pkey; Type: CONSTRAINT; Schema: public; Owner: postgres
--

ALTER TABLE ONLY public.users_customuser_user_permissions
    ADD CONSTRAINT users_customuser_user_permissions_pkey PRIMARY KEY (id);


--
-- Name: users_customuser users_customuser_username_key; Type: CONSTRAINT; Schema: public; Owner: postgres
--

ALTER TABLE ONLY public.users_customuser
    ADD CONSTRAINT users_customuser_username_key UNIQUE (username);


--
-- Name: appointments_appointment_created_by_id_f78ea98d; Type: INDEX; Schema: public; Owner: postgres
--

CREATE INDEX appointments_appointment_created_by_id_f78ea98d ON public.appointments_appointment USING btree (created_by_id);


--
-- Name: appointments_appointment_modified_by_id_22436d17; Type: INDEX; Schema: public; Owner: postgres
--

CREATE INDEX appointments_appointment_modified_by_id_22436d17 ON public.appointments_appointment USING btree (modified_by_id);


--
-- Name: appointments_appointment_order_id_669d6867; Type: INDEX; Schema: public; Owner: postgres
--

CREATE INDEX appointments_appointment_order_id_669d6867 ON public.appointments_appointment USING btree (order_id);


--
-- Name: appointments_appointment_person_id_b980751b; Type: INDEX; Schema: public; Owner: postgres
--

CREATE INDEX appointments_appointment_person_id_b980751b ON public.appointments_appointment USING btree (person_id);


--
-- Name: appointments_appointment_status_id_cc02a144; Type: INDEX; Schema: public; Owner: postgres
--

CREATE INDEX appointments_appointment_status_id_cc02a144 ON public.appointments_appointment USING btree (status_id);


--
-- Name: appointments_appointment_with_person_id_aa6ee716; Type: INDEX; Schema: public; Owner: postgres
--

CREATE INDEX appointments_appointment_with_person_id_aa6ee716 ON public.appointments_appointment USING btree (with_person_id);


--
-- Name: auth_group_name_a6ea08ec_like; Type: INDEX; Schema: public; Owner: postgres
--

CREATE INDEX auth_group_name_a6ea08ec_like ON public.auth_group USING btree (name varchar_pattern_ops);


--
-- Name: auth_group_permissions_group_id_b120cbf9; Type: INDEX; Schema: public; Owner: postgres
--

CREATE INDEX auth_group_permissions_group_id_b120cbf9 ON public.auth_group_permissions USING btree (group_id);


--
-- Name: auth_group_permissions_permission_id_84c5c92e; Type: INDEX; Schema: public; Owner: postgres
--

CREATE INDEX auth_group_permissions_permission_id_84c5c92e ON public.auth_group_permissions USING btree (permission_id);


--
-- Name: auth_permission_content_type_id_2f476e4b; Type: INDEX; Schema: public; Owner: postgres
--

CREATE INDEX auth_permission_content_type_id_2f476e4b ON public.auth_permission USING btree (content_type_id);


--
-- Name: django_admin_log_content_type_id_c4bce8eb; Type: INDEX; Schema: public; Owner: postgres
--

CREATE INDEX django_admin_log_content_type_id_c4bce8eb ON public.django_admin_log USING btree (content_type_id);


--
-- Name: django_admin_log_user_id_c564eba6; Type: INDEX; Schema: public; Owner: postgres
--

CREATE INDEX django_admin_log_user_id_c564eba6 ON public.django_admin_log USING btree (user_id);


--
-- Name: django_session_expire_date_a5c62663; Type: INDEX; Schema: public; Owner: postgres
--

CREATE INDEX django_session_expire_date_a5c62663 ON public.django_session USING btree (expire_date);


--
-- Name: django_session_session_key_c0390e0f_like; Type: INDEX; Schema: public; Owner: postgres
--

CREATE INDEX django_session_session_key_c0390e0f_like ON public.django_session USING btree (session_key varchar_pattern_ops);


--
-- Name: invoices_invoice_cancellation_to_id_faa13c89; Type: INDEX; Schema: public; Owner: postgres
--

CREATE INDEX invoices_invoice_cancellation_to_id_faa13c89 ON public.invoices_invoice USING btree (cancellation_to_id);


--
-- Name: invoices_invoice_cancelled_from_id_0cfb7df9; Type: INDEX; Schema: public; Owner: postgres
--

CREATE INDEX invoices_invoice_cancelled_from_id_0cfb7df9 ON public.invoices_invoice USING btree (cancelled_from_id);


--
-- Name: invoices_invoice_created_by_id_9b878bcd; Type: INDEX; Schema: public; Owner: postgres
--

CREATE INDEX invoices_invoice_created_by_id_9b878bcd ON public.invoices_invoice USING btree (created_by_id);


--
-- Name: invoices_invoice_currency_id_f922a250; Type: INDEX; Schema: public; Owner: postgres
--

CREATE INDEX invoices_invoice_currency_id_f922a250 ON public.invoices_invoice USING btree (currency_id);


--
-- Name: invoices_invoice_modified_by_id_6d226ff8; Type: INDEX; Schema: public; Owner: postgres
--

CREATE INDEX invoices_invoice_modified_by_id_6d226ff8 ON public.invoices_invoice USING btree (modified_by_id);


--
-- Name: invoices_invoice_person_id_f4f3d6cc; Type: INDEX; Schema: public; Owner: postgres
--

CREATE INDEX invoices_invoice_person_id_f4f3d6cc ON public.invoices_invoice USING btree (person_id);


--
-- Name: invoices_invoiceelement_element_id_19cbec62; Type: INDEX; Schema: public; Owner: postgres
--

CREATE INDEX invoices_invoiceelement_element_id_19cbec62 ON public.invoices_invoiceelement USING btree (element_id);


--
-- Name: invoices_invoiceelement_invoice_id_1f706342; Type: INDEX; Schema: public; Owner: postgres
--

CREATE INDEX invoices_invoiceelement_invoice_id_1f706342 ON public.invoices_invoiceelement USING btree (invoice_id);


--
-- Name: invoices_proforma_created_by_id_efdf6620; Type: INDEX; Schema: public; Owner: postgres
--

CREATE INDEX invoices_proforma_created_by_id_efdf6620 ON public.invoices_proforma USING btree (created_by_id);


--
-- Name: invoices_proforma_currency_id_df09c137; Type: INDEX; Schema: public; Owner: postgres
--

CREATE INDEX invoices_proforma_currency_id_df09c137 ON public.invoices_proforma USING btree (currency_id);


--
-- Name: invoices_proforma_invoice_id_80fba2d3; Type: INDEX; Schema: public; Owner: postgres
--

CREATE INDEX invoices_proforma_invoice_id_80fba2d3 ON public.invoices_proforma USING btree (invoice_id);


--
-- Name: invoices_proforma_modified_by_id_b04a2ae5; Type: INDEX; Schema: public; Owner: postgres
--

CREATE INDEX invoices_proforma_modified_by_id_b04a2ae5 ON public.invoices_proforma USING btree (modified_by_id);


--
-- Name: invoices_proforma_person_id_7b137bae; Type: INDEX; Schema: public; Owner: postgres
--

CREATE INDEX invoices_proforma_person_id_7b137bae ON public.invoices_proforma USING btree (person_id);


--
-- Name: invoices_proformaelement_element_id_8a5c686e; Type: INDEX; Schema: public; Owner: postgres
--

CREATE INDEX invoices_proformaelement_element_id_8a5c686e ON public.invoices_proformaelement USING btree (element_id);


--
-- Name: invoices_proformaelement_proforma_id_aa050f75; Type: INDEX; Schema: public; Owner: postgres
--

CREATE INDEX invoices_proformaelement_proforma_id_aa050f75 ON public.invoices_proformaelement USING btree (proforma_id);


--
-- Name: orders_offer_created_by_id_369700b8; Type: INDEX; Schema: public; Owner: postgres
--

CREATE INDEX orders_offer_created_by_id_369700b8 ON public.orders_offer USING btree (created_by_id);


--
-- Name: orders_offer_currency_id_696eb297; Type: INDEX; Schema: public; Owner: postgres
--

CREATE INDEX orders_offer_currency_id_696eb297 ON public.orders_offer USING btree (currency_id);


--
-- Name: orders_offer_modified_by_id_ee8bcab9; Type: INDEX; Schema: public; Owner: postgres
--

CREATE INDEX orders_offer_modified_by_id_ee8bcab9 ON public.orders_offer USING btree (modified_by_id);


--
-- Name: orders_offer_order_id_9bf658f4; Type: INDEX; Schema: public; Owner: postgres
--

CREATE INDEX orders_offer_order_id_9bf658f4 ON public.orders_offer USING btree (order_id);


--
-- Name: orders_offer_person_id_de817dc8; Type: INDEX; Schema: public; Owner: postgres
--

CREATE INDEX orders_offer_person_id_de817dc8 ON public.orders_offer USING btree (person_id);


--
-- Name: orders_offer_status_id_c83cfd8e; Type: INDEX; Schema: public; Owner: postgres
--

CREATE INDEX orders_offer_status_id_c83cfd8e ON public.orders_offer USING btree (status_id);


--
-- Name: orders_offerelement_offer_id_6734b70c; Type: INDEX; Schema: public; Owner: postgres
--

CREATE INDEX orders_offerelement_offer_id_6734b70c ON public.orders_offerelement USING btree (offer_id);


--
-- Name: orders_offerelement_service_id_0924159f; Type: INDEX; Schema: public; Owner: postgres
--

CREATE INDEX orders_offerelement_service_id_0924159f ON public.orders_offerelement USING btree (service_id);


--
-- Name: orders_offerelement_um_id_de0a57f0; Type: INDEX; Schema: public; Owner: postgres
--

CREATE INDEX orders_offerelement_um_id_de0a57f0 ON public.orders_offerelement USING btree (um_id);


--
-- Name: orders_order_created_by_id_d5f5e69c; Type: INDEX; Schema: public; Owner: postgres
--

CREATE INDEX orders_order_created_by_id_d5f5e69c ON public.orders_order USING btree (created_by_id);


--
-- Name: orders_order_currency_id_9cff0fbe; Type: INDEX; Schema: public; Owner: postgres
--

CREATE INDEX orders_order_currency_id_9cff0fbe ON public.orders_order USING btree (currency_id);


--
-- Name: orders_order_modified_by_id_e3d0e963; Type: INDEX; Schema: public; Owner: postgres
--

CREATE INDEX orders_order_modified_by_id_e3d0e963 ON public.orders_order USING btree (modified_by_id);


--
-- Name: orders_order_person_id_d83c6a37; Type: INDEX; Schema: public; Owner: postgres
--

CREATE INDEX orders_order_person_id_d83c6a37 ON public.orders_order USING btree (person_id);


--
-- Name: orders_order_status_id_d80abc38; Type: INDEX; Schema: public; Owner: postgres
--

CREATE INDEX orders_order_status_id_d80abc38 ON public.orders_order USING btree (status_id);


--
-- Name: orders_orderelement_order_id_9397fdd1; Type: INDEX; Schema: public; Owner: postgres
--

CREATE INDEX orders_orderelement_order_id_9397fdd1 ON public.orders_orderelement USING btree (order_id);


--
-- Name: orders_orderelement_service_id_91009470; Type: INDEX; Schema: public; Owner: postgres
--

CREATE INDEX orders_orderelement_service_id_91009470 ON public.orders_orderelement USING btree (service_id);


--
-- Name: orders_orderelement_status_id_73c77d38; Type: INDEX; Schema: public; Owner: postgres
--

CREATE INDEX orders_orderelement_status_id_73c77d38 ON public.orders_orderelement USING btree (status_id);


--
-- Name: orders_orderelement_um_id_ddb5193a; Type: INDEX; Schema: public; Owner: postgres
--

CREATE INDEX orders_orderelement_um_id_ddb5193a ON public.orders_orderelement USING btree (um_id);


--
-- Name: payments_payment_cancellation_to_id_1e8634a8; Type: INDEX; Schema: public; Owner: postgres
--

CREATE INDEX payments_payment_cancellation_to_id_1e8634a8 ON public.payments_payment USING btree (cancellation_to_id);


--
-- Name: payments_payment_cancelled_from_id_17392a5a; Type: INDEX; Schema: public; Owner: postgres
--

CREATE INDEX payments_payment_cancelled_from_id_17392a5a ON public.payments_payment USING btree (cancelled_from_id);


--
-- Name: payments_payment_created_by_id_28f0e284; Type: INDEX; Schema: public; Owner: postgres
--

CREATE INDEX payments_payment_created_by_id_28f0e284 ON public.payments_payment USING btree (created_by_id);


--
-- Name: payments_payment_currency_id_f5833642; Type: INDEX; Schema: public; Owner: postgres
--

CREATE INDEX payments_payment_currency_id_f5833642 ON public.payments_payment USING btree (currency_id);


--
-- Name: payments_payment_modified_by_id_ba7b68cf; Type: INDEX; Schema: public; Owner: postgres
--

CREATE INDEX payments_payment_modified_by_id_ba7b68cf ON public.payments_payment USING btree (modified_by_id);


--
-- Name: payments_payment_person_id_2dfa1221; Type: INDEX; Schema: public; Owner: postgres
--

CREATE INDEX payments_payment_person_id_2dfa1221 ON public.payments_payment USING btree (person_id);


--
-- Name: payments_paymentelement_invoice_id_0d1e7066; Type: INDEX; Schema: public; Owner: postgres
--

CREATE INDEX payments_paymentelement_invoice_id_0d1e7066 ON public.payments_paymentelement USING btree (invoice_id);


--
-- Name: payments_paymentelement_payment_id_0b3094b8; Type: INDEX; Schema: public; Owner: postgres
--

CREATE INDEX payments_paymentelement_payment_id_0b3094b8 ON public.payments_paymentelement USING btree (payment_id);


--
-- Name: persons_person_created_by_id_b461943e; Type: INDEX; Schema: public; Owner: postgres
--

CREATE INDEX persons_person_created_by_id_b461943e ON public.persons_person USING btree (created_by_id);


--
-- Name: persons_person_modified_by_id_f946de2c; Type: INDEX; Schema: public; Owner: postgres
--

CREATE INDEX persons_person_modified_by_id_f946de2c ON public.persons_person USING btree (modified_by_id);


--
-- Name: services_service_currency_id_52bfeed9; Type: INDEX; Schema: public; Owner: postgres
--

CREATE INDEX services_service_currency_id_52bfeed9 ON public.services_service USING btree (currency_id);


--
-- Name: services_service_um_id_b105f1b2; Type: INDEX; Schema: public; Owner: postgres
--

CREATE INDEX services_service_um_id_b105f1b2 ON public.services_service USING btree (um_id);


--
-- Name: users_customuser_groups_customuser_id_958147bf; Type: INDEX; Schema: public; Owner: postgres
--

CREATE INDEX users_customuser_groups_customuser_id_958147bf ON public.users_customuser_groups USING btree (customuser_id);


--
-- Name: users_customuser_groups_group_id_01390b14; Type: INDEX; Schema: public; Owner: postgres
--

CREATE INDEX users_customuser_groups_group_id_01390b14 ON public.users_customuser_groups USING btree (group_id);


--
-- Name: users_customuser_user_permissions_customuser_id_5771478b; Type: INDEX; Schema: public; Owner: postgres
--

CREATE INDEX users_customuser_user_permissions_customuser_id_5771478b ON public.users_customuser_user_permissions USING btree (customuser_id);


--
-- Name: users_customuser_user_permissions_permission_id_baaa2f74; Type: INDEX; Schema: public; Owner: postgres
--

CREATE INDEX users_customuser_user_permissions_permission_id_baaa2f74 ON public.users_customuser_user_permissions USING btree (permission_id);


--
-- Name: users_customuser_username_80452fdf_like; Type: INDEX; Schema: public; Owner: postgres
--

CREATE INDEX users_customuser_username_80452fdf_like ON public.users_customuser USING btree (username varchar_pattern_ops);


--
-- Name: appointments_appointment appointments_appoint_created_by_id_f78ea98d_fk_users_cus; Type: FK CONSTRAINT; Schema: public; Owner: postgres
--

ALTER TABLE ONLY public.appointments_appointment
    ADD CONSTRAINT appointments_appoint_created_by_id_f78ea98d_fk_users_cus FOREIGN KEY (created_by_id) REFERENCES public.users_customuser(id) DEFERRABLE INITIALLY DEFERRED;


--
-- Name: appointments_appointment appointments_appoint_modified_by_id_22436d17_fk_users_cus; Type: FK CONSTRAINT; Schema: public; Owner: postgres
--

ALTER TABLE ONLY public.appointments_appointment
    ADD CONSTRAINT appointments_appoint_modified_by_id_22436d17_fk_users_cus FOREIGN KEY (modified_by_id) REFERENCES public.users_customuser(id) DEFERRABLE INITIALLY DEFERRED;


--
-- Name: appointments_appointment appointments_appoint_person_id_b980751b_fk_persons_p; Type: FK CONSTRAINT; Schema: public; Owner: postgres
--

ALTER TABLE ONLY public.appointments_appointment
    ADD CONSTRAINT appointments_appoint_person_id_b980751b_fk_persons_p FOREIGN KEY (person_id) REFERENCES public.persons_person(id) DEFERRABLE INITIALLY DEFERRED;


--
-- Name: appointments_appointment appointments_appoint_status_id_cc02a144_fk_services_; Type: FK CONSTRAINT; Schema: public; Owner: postgres
--

ALTER TABLE ONLY public.appointments_appointment
    ADD CONSTRAINT appointments_appoint_status_id_cc02a144_fk_services_ FOREIGN KEY (status_id) REFERENCES public.services_status(id) DEFERRABLE INITIALLY DEFERRED;


--
-- Name: appointments_appointment appointments_appoint_with_person_id_aa6ee716_fk_persons_p; Type: FK CONSTRAINT; Schema: public; Owner: postgres
--

ALTER TABLE ONLY public.appointments_appointment
    ADD CONSTRAINT appointments_appoint_with_person_id_aa6ee716_fk_persons_p FOREIGN KEY (with_person_id) REFERENCES public.persons_person(id) DEFERRABLE INITIALLY DEFERRED;


--
-- Name: appointments_appointment appointments_appointment_order_id_669d6867_fk_orders_order_id; Type: FK CONSTRAINT; Schema: public; Owner: postgres
--

ALTER TABLE ONLY public.appointments_appointment
    ADD CONSTRAINT appointments_appointment_order_id_669d6867_fk_orders_order_id FOREIGN KEY (order_id) REFERENCES public.orders_order(id) DEFERRABLE INITIALLY DEFERRED;


--
-- Name: auth_group_permissions auth_group_permissio_permission_id_84c5c92e_fk_auth_perm; Type: FK CONSTRAINT; Schema: public; Owner: postgres
--

ALTER TABLE ONLY public.auth_group_permissions
    ADD CONSTRAINT auth_group_permissio_permission_id_84c5c92e_fk_auth_perm FOREIGN KEY (permission_id) REFERENCES public.auth_permission(id) DEFERRABLE INITIALLY DEFERRED;


--
-- Name: auth_group_permissions auth_group_permissions_group_id_b120cbf9_fk_auth_group_id; Type: FK CONSTRAINT; Schema: public; Owner: postgres
--

ALTER TABLE ONLY public.auth_group_permissions
    ADD CONSTRAINT auth_group_permissions_group_id_b120cbf9_fk_auth_group_id FOREIGN KEY (group_id) REFERENCES public.auth_group(id) DEFERRABLE INITIALLY DEFERRED;


--
-- Name: auth_permission auth_permission_content_type_id_2f476e4b_fk_django_co; Type: FK CONSTRAINT; Schema: public; Owner: postgres
--

ALTER TABLE ONLY public.auth_permission
    ADD CONSTRAINT auth_permission_content_type_id_2f476e4b_fk_django_co FOREIGN KEY (content_type_id) REFERENCES public.django_content_type(id) DEFERRABLE INITIALLY DEFERRED;


--
-- Name: django_admin_log django_admin_log_content_type_id_c4bce8eb_fk_django_co; Type: FK CONSTRAINT; Schema: public; Owner: postgres
--

ALTER TABLE ONLY public.django_admin_log
    ADD CONSTRAINT django_admin_log_content_type_id_c4bce8eb_fk_django_co FOREIGN KEY (content_type_id) REFERENCES public.django_content_type(id) DEFERRABLE INITIALLY DEFERRED;


--
-- Name: django_admin_log django_admin_log_user_id_c564eba6_fk_users_customuser_id; Type: FK CONSTRAINT; Schema: public; Owner: postgres
--

ALTER TABLE ONLY public.django_admin_log
    ADD CONSTRAINT django_admin_log_user_id_c564eba6_fk_users_customuser_id FOREIGN KEY (user_id) REFERENCES public.users_customuser(id) DEFERRABLE INITIALLY DEFERRED;


--
-- Name: invoices_invoice invoices_invoice_cancellation_to_id_faa13c89_fk_invoices_; Type: FK CONSTRAINT; Schema: public; Owner: postgres
--

ALTER TABLE ONLY public.invoices_invoice
    ADD CONSTRAINT invoices_invoice_cancellation_to_id_faa13c89_fk_invoices_ FOREIGN KEY (cancellation_to_id) REFERENCES public.invoices_invoice(id) DEFERRABLE INITIALLY DEFERRED;


--
-- Name: invoices_invoice invoices_invoice_cancelled_from_id_0cfb7df9_fk_invoices_; Type: FK CONSTRAINT; Schema: public; Owner: postgres
--

ALTER TABLE ONLY public.invoices_invoice
    ADD CONSTRAINT invoices_invoice_cancelled_from_id_0cfb7df9_fk_invoices_ FOREIGN KEY (cancelled_from_id) REFERENCES public.invoices_invoice(id) DEFERRABLE INITIALLY DEFERRED;


--
-- Name: invoices_invoice invoices_invoice_created_by_id_9b878bcd_fk_users_customuser_id; Type: FK CONSTRAINT; Schema: public; Owner: postgres
--

ALTER TABLE ONLY public.invoices_invoice
    ADD CONSTRAINT invoices_invoice_created_by_id_9b878bcd_fk_users_customuser_id FOREIGN KEY (created_by_id) REFERENCES public.users_customuser(id) DEFERRABLE INITIALLY DEFERRED;


--
-- Name: invoices_invoice invoices_invoice_currency_id_f922a250_fk_services_currency_id; Type: FK CONSTRAINT; Schema: public; Owner: postgres
--

ALTER TABLE ONLY public.invoices_invoice
    ADD CONSTRAINT invoices_invoice_currency_id_f922a250_fk_services_currency_id FOREIGN KEY (currency_id) REFERENCES public.services_currency(id) DEFERRABLE INITIALLY DEFERRED;


--
-- Name: invoices_invoice invoices_invoice_modified_by_id_6d226ff8_fk_users_customuser_id; Type: FK CONSTRAINT; Schema: public; Owner: postgres
--

ALTER TABLE ONLY public.invoices_invoice
    ADD CONSTRAINT invoices_invoice_modified_by_id_6d226ff8_fk_users_customuser_id FOREIGN KEY (modified_by_id) REFERENCES public.users_customuser(id) DEFERRABLE INITIALLY DEFERRED;


--
-- Name: invoices_invoice invoices_invoice_person_id_f4f3d6cc_fk_persons_person_id; Type: FK CONSTRAINT; Schema: public; Owner: postgres
--

ALTER TABLE ONLY public.invoices_invoice
    ADD CONSTRAINT invoices_invoice_person_id_f4f3d6cc_fk_persons_person_id FOREIGN KEY (person_id) REFERENCES public.persons_person(id) DEFERRABLE INITIALLY DEFERRED;


--
-- Name: invoices_invoiceelement invoices_invoiceelem_element_id_19cbec62_fk_orders_or; Type: FK CONSTRAINT; Schema: public; Owner: postgres
--

ALTER TABLE ONLY public.invoices_invoiceelement
    ADD CONSTRAINT invoices_invoiceelem_element_id_19cbec62_fk_orders_or FOREIGN KEY (element_id) REFERENCES public.orders_orderelement(id) DEFERRABLE INITIALLY DEFERRED;


--
-- Name: invoices_invoiceelement invoices_invoiceelem_invoice_id_1f706342_fk_invoices_; Type: FK CONSTRAINT; Schema: public; Owner: postgres
--

ALTER TABLE ONLY public.invoices_invoiceelement
    ADD CONSTRAINT invoices_invoiceelem_invoice_id_1f706342_fk_invoices_ FOREIGN KEY (invoice_id) REFERENCES public.invoices_invoice(id) DEFERRABLE INITIALLY DEFERRED;


--
-- Name: invoices_proforma invoices_proforma_created_by_id_efdf6620_fk_users_customuser_id; Type: FK CONSTRAINT; Schema: public; Owner: postgres
--

ALTER TABLE ONLY public.invoices_proforma
    ADD CONSTRAINT invoices_proforma_created_by_id_efdf6620_fk_users_customuser_id FOREIGN KEY (created_by_id) REFERENCES public.users_customuser(id) DEFERRABLE INITIALLY DEFERRED;


--
-- Name: invoices_proforma invoices_proforma_currency_id_df09c137_fk_services_currency_id; Type: FK CONSTRAINT; Schema: public; Owner: postgres
--

ALTER TABLE ONLY public.invoices_proforma
    ADD CONSTRAINT invoices_proforma_currency_id_df09c137_fk_services_currency_id FOREIGN KEY (currency_id) REFERENCES public.services_currency(id) DEFERRABLE INITIALLY DEFERRED;


--
-- Name: invoices_proforma invoices_proforma_invoice_id_80fba2d3_fk_invoices_invoice_id; Type: FK CONSTRAINT; Schema: public; Owner: postgres
--

ALTER TABLE ONLY public.invoices_proforma
    ADD CONSTRAINT invoices_proforma_invoice_id_80fba2d3_fk_invoices_invoice_id FOREIGN KEY (invoice_id) REFERENCES public.invoices_invoice(id) DEFERRABLE INITIALLY DEFERRED;


--
-- Name: invoices_proforma invoices_proforma_modified_by_id_b04a2ae5_fk_users_cus; Type: FK CONSTRAINT; Schema: public; Owner: postgres
--

ALTER TABLE ONLY public.invoices_proforma
    ADD CONSTRAINT invoices_proforma_modified_by_id_b04a2ae5_fk_users_cus FOREIGN KEY (modified_by_id) REFERENCES public.users_customuser(id) DEFERRABLE INITIALLY DEFERRED;


--
-- Name: invoices_proforma invoices_proforma_person_id_7b137bae_fk_persons_person_id; Type: FK CONSTRAINT; Schema: public; Owner: postgres
--

ALTER TABLE ONLY public.invoices_proforma
    ADD CONSTRAINT invoices_proforma_person_id_7b137bae_fk_persons_person_id FOREIGN KEY (person_id) REFERENCES public.persons_person(id) DEFERRABLE INITIALLY DEFERRED;


--
-- Name: invoices_proformaelement invoices_proformaele_element_id_8a5c686e_fk_orders_or; Type: FK CONSTRAINT; Schema: public; Owner: postgres
--

ALTER TABLE ONLY public.invoices_proformaelement
    ADD CONSTRAINT invoices_proformaele_element_id_8a5c686e_fk_orders_or FOREIGN KEY (element_id) REFERENCES public.orders_orderelement(id) DEFERRABLE INITIALLY DEFERRED;


--
-- Name: invoices_proformaelement invoices_proformaele_proforma_id_aa050f75_fk_invoices_; Type: FK CONSTRAINT; Schema: public; Owner: postgres
--

ALTER TABLE ONLY public.invoices_proformaelement
    ADD CONSTRAINT invoices_proformaele_proforma_id_aa050f75_fk_invoices_ FOREIGN KEY (proforma_id) REFERENCES public.invoices_proforma(id) DEFERRABLE INITIALLY DEFERRED;


--
-- Name: orders_offer orders_offer_created_by_id_369700b8_fk_users_customuser_id; Type: FK CONSTRAINT; Schema: public; Owner: postgres
--

ALTER TABLE ONLY public.orders_offer
    ADD CONSTRAINT orders_offer_created_by_id_369700b8_fk_users_customuser_id FOREIGN KEY (created_by_id) REFERENCES public.users_customuser(id) DEFERRABLE INITIALLY DEFERRED;


--
-- Name: orders_offer orders_offer_currency_id_696eb297_fk_services_currency_id; Type: FK CONSTRAINT; Schema: public; Owner: postgres
--

ALTER TABLE ONLY public.orders_offer
    ADD CONSTRAINT orders_offer_currency_id_696eb297_fk_services_currency_id FOREIGN KEY (currency_id) REFERENCES public.services_currency(id) DEFERRABLE INITIALLY DEFERRED;


--
-- Name: orders_offer orders_offer_modified_by_id_ee8bcab9_fk_users_customuser_id; Type: FK CONSTRAINT; Schema: public; Owner: postgres
--

ALTER TABLE ONLY public.orders_offer
    ADD CONSTRAINT orders_offer_modified_by_id_ee8bcab9_fk_users_customuser_id FOREIGN KEY (modified_by_id) REFERENCES public.users_customuser(id) DEFERRABLE INITIALLY DEFERRED;


--
-- Name: orders_offer orders_offer_order_id_9bf658f4_fk_orders_order_id; Type: FK CONSTRAINT; Schema: public; Owner: postgres
--

ALTER TABLE ONLY public.orders_offer
    ADD CONSTRAINT orders_offer_order_id_9bf658f4_fk_orders_order_id FOREIGN KEY (order_id) REFERENCES public.orders_order(id) DEFERRABLE INITIALLY DEFERRED;


--
-- Name: orders_offer orders_offer_person_id_de817dc8_fk_persons_person_id; Type: FK CONSTRAINT; Schema: public; Owner: postgres
--

ALTER TABLE ONLY public.orders_offer
    ADD CONSTRAINT orders_offer_person_id_de817dc8_fk_persons_person_id FOREIGN KEY (person_id) REFERENCES public.persons_person(id) DEFERRABLE INITIALLY DEFERRED;


--
-- Name: orders_offer orders_offer_status_id_c83cfd8e_fk_services_status_id; Type: FK CONSTRAINT; Schema: public; Owner: postgres
--

ALTER TABLE ONLY public.orders_offer
    ADD CONSTRAINT orders_offer_status_id_c83cfd8e_fk_services_status_id FOREIGN KEY (status_id) REFERENCES public.services_status(id) DEFERRABLE INITIALLY DEFERRED;


--
-- Name: orders_offerelement orders_offerelement_offer_id_6734b70c_fk_orders_offer_id; Type: FK CONSTRAINT; Schema: public; Owner: postgres
--

ALTER TABLE ONLY public.orders_offerelement
    ADD CONSTRAINT orders_offerelement_offer_id_6734b70c_fk_orders_offer_id FOREIGN KEY (offer_id) REFERENCES public.orders_offer(id) DEFERRABLE INITIALLY DEFERRED;


--
-- Name: orders_offerelement orders_offerelement_service_id_0924159f_fk_services_service_id; Type: FK CONSTRAINT; Schema: public; Owner: postgres
--

ALTER TABLE ONLY public.orders_offerelement
    ADD CONSTRAINT orders_offerelement_service_id_0924159f_fk_services_service_id FOREIGN KEY (service_id) REFERENCES public.services_service(id) DEFERRABLE INITIALLY DEFERRED;


--
-- Name: orders_offerelement orders_offerelement_um_id_de0a57f0_fk_services_um_id; Type: FK CONSTRAINT; Schema: public; Owner: postgres
--

ALTER TABLE ONLY public.orders_offerelement
    ADD CONSTRAINT orders_offerelement_um_id_de0a57f0_fk_services_um_id FOREIGN KEY (um_id) REFERENCES public.services_um(id) DEFERRABLE INITIALLY DEFERRED;


--
-- Name: orders_order orders_order_created_by_id_d5f5e69c_fk_users_customuser_id; Type: FK CONSTRAINT; Schema: public; Owner: postgres
--

ALTER TABLE ONLY public.orders_order
    ADD CONSTRAINT orders_order_created_by_id_d5f5e69c_fk_users_customuser_id FOREIGN KEY (created_by_id) REFERENCES public.users_customuser(id) DEFERRABLE INITIALLY DEFERRED;


--
-- Name: orders_order orders_order_currency_id_9cff0fbe_fk_services_currency_id; Type: FK CONSTRAINT; Schema: public; Owner: postgres
--

ALTER TABLE ONLY public.orders_order
    ADD CONSTRAINT orders_order_currency_id_9cff0fbe_fk_services_currency_id FOREIGN KEY (currency_id) REFERENCES public.services_currency(id) DEFERRABLE INITIALLY DEFERRED;


--
-- Name: orders_order orders_order_modified_by_id_e3d0e963_fk_users_customuser_id; Type: FK CONSTRAINT; Schema: public; Owner: postgres
--

ALTER TABLE ONLY public.orders_order
    ADD CONSTRAINT orders_order_modified_by_id_e3d0e963_fk_users_customuser_id FOREIGN KEY (modified_by_id) REFERENCES public.users_customuser(id) DEFERRABLE INITIALLY DEFERRED;


--
-- Name: orders_order orders_order_person_id_d83c6a37_fk_persons_person_id; Type: FK CONSTRAINT; Schema: public; Owner: postgres
--

ALTER TABLE ONLY public.orders_order
    ADD CONSTRAINT orders_order_person_id_d83c6a37_fk_persons_person_id FOREIGN KEY (person_id) REFERENCES public.persons_person(id) DEFERRABLE INITIALLY DEFERRED;


--
-- Name: orders_order orders_order_status_id_d80abc38_fk_services_status_id; Type: FK CONSTRAINT; Schema: public; Owner: postgres
--

ALTER TABLE ONLY public.orders_order
    ADD CONSTRAINT orders_order_status_id_d80abc38_fk_services_status_id FOREIGN KEY (status_id) REFERENCES public.services_status(id) DEFERRABLE INITIALLY DEFERRED;


--
-- Name: orders_orderelement orders_orderelement_order_id_9397fdd1_fk_orders_order_id; Type: FK CONSTRAINT; Schema: public; Owner: postgres
--

ALTER TABLE ONLY public.orders_orderelement
    ADD CONSTRAINT orders_orderelement_order_id_9397fdd1_fk_orders_order_id FOREIGN KEY (order_id) REFERENCES public.orders_order(id) DEFERRABLE INITIALLY DEFERRED;


--
-- Name: orders_orderelement orders_orderelement_service_id_91009470_fk_services_service_id; Type: FK CONSTRAINT; Schema: public; Owner: postgres
--

ALTER TABLE ONLY public.orders_orderelement
    ADD CONSTRAINT orders_orderelement_service_id_91009470_fk_services_service_id FOREIGN KEY (service_id) REFERENCES public.services_service(id) DEFERRABLE INITIALLY DEFERRED;


--
-- Name: orders_orderelement orders_orderelement_status_id_73c77d38_fk_services_status_id; Type: FK CONSTRAINT; Schema: public; Owner: postgres
--

ALTER TABLE ONLY public.orders_orderelement
    ADD CONSTRAINT orders_orderelement_status_id_73c77d38_fk_services_status_id FOREIGN KEY (status_id) REFERENCES public.services_status(id) DEFERRABLE INITIALLY DEFERRED;


--
-- Name: orders_orderelement orders_orderelement_um_id_ddb5193a_fk_services_um_id; Type: FK CONSTRAINT; Schema: public; Owner: postgres
--

ALTER TABLE ONLY public.orders_orderelement
    ADD CONSTRAINT orders_orderelement_um_id_ddb5193a_fk_services_um_id FOREIGN KEY (um_id) REFERENCES public.services_um(id) DEFERRABLE INITIALLY DEFERRED;


--
-- Name: payments_payment payments_payment_cancellation_to_id_1e8634a8_fk_payments_; Type: FK CONSTRAINT; Schema: public; Owner: postgres
--

ALTER TABLE ONLY public.payments_payment
    ADD CONSTRAINT payments_payment_cancellation_to_id_1e8634a8_fk_payments_ FOREIGN KEY (cancellation_to_id) REFERENCES public.payments_payment(id) DEFERRABLE INITIALLY DEFERRED;


--
-- Name: payments_payment payments_payment_cancelled_from_id_17392a5a_fk_payments_; Type: FK CONSTRAINT; Schema: public; Owner: postgres
--

ALTER TABLE ONLY public.payments_payment
    ADD CONSTRAINT payments_payment_cancelled_from_id_17392a5a_fk_payments_ FOREIGN KEY (cancelled_from_id) REFERENCES public.payments_payment(id) DEFERRABLE INITIALLY DEFERRED;


--
-- Name: payments_payment payments_payment_created_by_id_28f0e284_fk_users_customuser_id; Type: FK CONSTRAINT; Schema: public; Owner: postgres
--

ALTER TABLE ONLY public.payments_payment
    ADD CONSTRAINT payments_payment_created_by_id_28f0e284_fk_users_customuser_id FOREIGN KEY (created_by_id) REFERENCES public.users_customuser(id) DEFERRABLE INITIALLY DEFERRED;


--
-- Name: payments_payment payments_payment_currency_id_f5833642_fk_services_currency_id; Type: FK CONSTRAINT; Schema: public; Owner: postgres
--

ALTER TABLE ONLY public.payments_payment
    ADD CONSTRAINT payments_payment_currency_id_f5833642_fk_services_currency_id FOREIGN KEY (currency_id) REFERENCES public.services_currency(id) DEFERRABLE INITIALLY DEFERRED;


--
-- Name: payments_payment payments_payment_modified_by_id_ba7b68cf_fk_users_customuser_id; Type: FK CONSTRAINT; Schema: public; Owner: postgres
--

ALTER TABLE ONLY public.payments_payment
    ADD CONSTRAINT payments_payment_modified_by_id_ba7b68cf_fk_users_customuser_id FOREIGN KEY (modified_by_id) REFERENCES public.users_customuser(id) DEFERRABLE INITIALLY DEFERRED;


--
-- Name: payments_payment payments_payment_person_id_2dfa1221_fk_persons_person_id; Type: FK CONSTRAINT; Schema: public; Owner: postgres
--

ALTER TABLE ONLY public.payments_payment
    ADD CONSTRAINT payments_payment_person_id_2dfa1221_fk_persons_person_id FOREIGN KEY (person_id) REFERENCES public.persons_person(id) DEFERRABLE INITIALLY DEFERRED;


--
-- Name: payments_paymentelement payments_paymentelem_invoice_id_0d1e7066_fk_invoices_; Type: FK CONSTRAINT; Schema: public; Owner: postgres
--

ALTER TABLE ONLY public.payments_paymentelement
    ADD CONSTRAINT payments_paymentelem_invoice_id_0d1e7066_fk_invoices_ FOREIGN KEY (invoice_id) REFERENCES public.invoices_invoice(id) DEFERRABLE INITIALLY DEFERRED;


--
-- Name: payments_paymentelement payments_paymentelem_payment_id_0b3094b8_fk_payments_; Type: FK CONSTRAINT; Schema: public; Owner: postgres
--

ALTER TABLE ONLY public.payments_paymentelement
    ADD CONSTRAINT payments_paymentelem_payment_id_0b3094b8_fk_payments_ FOREIGN KEY (payment_id) REFERENCES public.payments_payment(id) DEFERRABLE INITIALLY DEFERRED;


--
-- Name: persons_person persons_person_created_by_id_b461943e_fk_users_customuser_id; Type: FK CONSTRAINT; Schema: public; Owner: postgres
--

ALTER TABLE ONLY public.persons_person
    ADD CONSTRAINT persons_person_created_by_id_b461943e_fk_users_customuser_id FOREIGN KEY (created_by_id) REFERENCES public.users_customuser(id) DEFERRABLE INITIALLY DEFERRED;


--
-- Name: persons_person persons_person_modified_by_id_f946de2c_fk_users_customuser_id; Type: FK CONSTRAINT; Schema: public; Owner: postgres
--

ALTER TABLE ONLY public.persons_person
    ADD CONSTRAINT persons_person_modified_by_id_f946de2c_fk_users_customuser_id FOREIGN KEY (modified_by_id) REFERENCES public.users_customuser(id) DEFERRABLE INITIALLY DEFERRED;


--
-- Name: services_service services_service_currency_id_52bfeed9_fk_services_currency_id; Type: FK CONSTRAINT; Schema: public; Owner: postgres
--

ALTER TABLE ONLY public.services_service
    ADD CONSTRAINT services_service_currency_id_52bfeed9_fk_services_currency_id FOREIGN KEY (currency_id) REFERENCES public.services_currency(id) DEFERRABLE INITIALLY DEFERRED;


--
-- Name: services_service services_service_um_id_b105f1b2_fk_services_um_id; Type: FK CONSTRAINT; Schema: public; Owner: postgres
--

ALTER TABLE ONLY public.services_service
    ADD CONSTRAINT services_service_um_id_b105f1b2_fk_services_um_id FOREIGN KEY (um_id) REFERENCES public.services_um(id) DEFERRABLE INITIALLY DEFERRED;


--
-- Name: users_customuser_groups users_customuser_gro_customuser_id_958147bf_fk_users_cus; Type: FK CONSTRAINT; Schema: public; Owner: postgres
--

ALTER TABLE ONLY public.users_customuser_groups
    ADD CONSTRAINT users_customuser_gro_customuser_id_958147bf_fk_users_cus FOREIGN KEY (customuser_id) REFERENCES public.users_customuser(id) DEFERRABLE INITIALLY DEFERRED;


--
-- Name: users_customuser_groups users_customuser_groups_group_id_01390b14_fk_auth_group_id; Type: FK CONSTRAINT; Schema: public; Owner: postgres
--

ALTER TABLE ONLY public.users_customuser_groups
    ADD CONSTRAINT users_customuser_groups_group_id_01390b14_fk_auth_group_id FOREIGN KEY (group_id) REFERENCES public.auth_group(id) DEFERRABLE INITIALLY DEFERRED;


--
-- Name: users_customuser_user_permissions users_customuser_use_customuser_id_5771478b_fk_users_cus; Type: FK CONSTRAINT; Schema: public; Owner: postgres
--

ALTER TABLE ONLY public.users_customuser_user_permissions
    ADD CONSTRAINT users_customuser_use_customuser_id_5771478b_fk_users_cus FOREIGN KEY (customuser_id) REFERENCES public.users_customuser(id) DEFERRABLE INITIALLY DEFERRED;


--
-- Name: users_customuser_user_permissions users_customuser_use_permission_id_baaa2f74_fk_auth_perm; Type: FK CONSTRAINT; Schema: public; Owner: postgres
--

ALTER TABLE ONLY public.users_customuser_user_permissions
    ADD CONSTRAINT users_customuser_use_permission_id_baaa2f74_fk_auth_perm FOREIGN KEY (permission_id) REFERENCES public.auth_permission(id) DEFERRABLE INITIALLY DEFERRED;


--
-- PostgreSQL database dump complete
--

