--
-- PostgreSQL database dump
--

-- Dumped from database version 12.20 (Ubuntu 12.20-0ubuntu0.20.04.1)
-- Dumped by pg_dump version 12.20 (Ubuntu 12.20-0ubuntu0.20.04.1)

SET statement_timeout = 0;
SET lock_timeout = 0;
SET idle_in_transaction_session_timeout = 0;
SET client_encoding = 'UTF8';
SET standard_conforming_strings = on;
SELECT pg_catalog.set_config('search_path', '', false);
SET check_function_bodies = false;
SET xmloption = content;
SET client_min_messages = warning;
SET row_security = off;

SET default_tablespace = '';

SET default_table_access_method = heap;

--
-- Name: appointments_appointment; Type: TABLE; Schema: public; Owner: postgres
--

CREATE TABLE public.appointments_appointment (
    id bigint NOT NULL,
    created_at timestamp with time zone NOT NULL,
    modified_at timestamp with time zone NOT NULL,
    schedule timestamp with time zone NOT NULL,
    description character varying(255) NOT NULL,
    created_by_id bigint,
    modified_by_id bigint,
    order_id bigint,
    person_id bigint,
    status_id bigint NOT NULL,
    with_person_id bigint
);


ALTER TABLE public.appointments_appointment OWNER TO postgres;

--
-- Name: appointments_appointment_id_seq; Type: SEQUENCE; Schema: public; Owner: postgres
--

ALTER TABLE public.appointments_appointment ALTER COLUMN id ADD GENERATED BY DEFAULT AS IDENTITY (
    SEQUENCE NAME public.appointments_appointment_id_seq
    START WITH 1
    INCREMENT BY 1
    NO MINVALUE
    NO MAXVALUE
    CACHE 1
);


--
-- Name: auth_group; Type: TABLE; Schema: public; Owner: postgres
--

CREATE TABLE public.auth_group (
    id integer NOT NULL,
    name character varying(150) NOT NULL
);


ALTER TABLE public.auth_group OWNER TO postgres;

--
-- Name: auth_group_id_seq; Type: SEQUENCE; Schema: public; Owner: postgres
--

ALTER TABLE public.auth_group ALTER COLUMN id ADD GENERATED BY DEFAULT AS IDENTITY (
    SEQUENCE NAME public.auth_group_id_seq
    START WITH 1
    INCREMENT BY 1
    NO MINVALUE
    NO MAXVALUE
    CACHE 1
);


--
-- Name: auth_group_permissions; Type: TABLE; Schema: public; Owner: postgres
--

CREATE TABLE public.auth_group_permissions (
    id bigint NOT NULL,
    group_id integer NOT NULL,
    permission_id integer NOT NULL
);


ALTER TABLE public.auth_group_permissions OWNER TO postgres;

--
-- Name: auth_group_permissions_id_seq; Type: SEQUENCE; Schema: public; Owner: postgres
--

ALTER TABLE public.auth_group_permissions ALTER COLUMN id ADD GENERATED BY DEFAULT AS IDENTITY (
    SEQUENCE NAME public.auth_group_permissions_id_seq
    START WITH 1
    INCREMENT BY 1
    NO MINVALUE
    NO MAXVALUE
    CACHE 1
);


--
-- Name: auth_permission; Type: TABLE; Schema: public; Owner: postgres
--

CREATE TABLE public.auth_permission (
    id integer NOT NULL,
    name character varying(255) NOT NULL,
    codename character varying(100) NOT NULL,
    content_type_id integer NOT NULL
);


ALTER TABLE public.auth_permission OWNER TO postgres;

--
-- Name: auth_permission_id_seq; Type: SEQUENCE; Schema: public; Owner: postgres
--

ALTER TABLE public.auth_permission ALTER COLUMN id ADD GENERATED BY DEFAULT AS IDENTITY (
    SEQUENCE NAME public.auth_permission_id_seq
    START WITH 1
    INCREMENT BY 1
    NO MINVALUE
    NO MAXVALUE
    CACHE 1
);


--
-- Name: django_admin_log; Type: TABLE; Schema: public; Owner: postgres
--

CREATE TABLE public.django_admin_log (
    id integer NOT NULL,
    action_time timestamp with time zone NOT NULL,
    object_id text,
    object_repr character varying(200) NOT NULL,
    action_flag smallint NOT NULL,
    change_message text NOT NULL,
    content_type_id integer,
    user_id bigint NOT NULL,
    CONSTRAINT django_admin_log_action_flag_check CHECK ((action_flag >= 0))
);


ALTER TABLE public.django_admin_log OWNER TO postgres;

--
-- Name: django_admin_log_id_seq; Type: SEQUENCE; Schema: public; Owner: postgres
--

ALTER TABLE public.django_admin_log ALTER COLUMN id ADD GENERATED BY DEFAULT AS IDENTITY (
    SEQUENCE NAME public.django_admin_log_id_seq
    START WITH 1
    INCREMENT BY 1
    NO MINVALUE
    NO MAXVALUE
    CACHE 1
);


--
-- Name: django_content_type; Type: TABLE; Schema: public; Owner: postgres
--

CREATE TABLE public.django_content_type (
    id integer NOT NULL,
    app_label character varying(100) NOT NULL,
    model character varying(100) NOT NULL
);


ALTER TABLE public.django_content_type OWNER TO postgres;

--
-- Name: django_content_type_id_seq; Type: SEQUENCE; Schema: public; Owner: postgres
--

ALTER TABLE public.django_content_type ALTER COLUMN id ADD GENERATED BY DEFAULT AS IDENTITY (
    SEQUENCE NAME public.django_content_type_id_seq
    START WITH 1
    INCREMENT BY 1
    NO MINVALUE
    NO MAXVALUE
    CACHE 1
);


--
-- Name: django_migrations; Type: TABLE; Schema: public; Owner: postgres
--

CREATE TABLE public.django_migrations (
    id bigint NOT NULL,
    app character varying(255) NOT NULL,
    name character varying(255) NOT NULL,
    applied timestamp with time zone NOT NULL
);


ALTER TABLE public.django_migrations OWNER TO postgres;

--
-- Name: django_migrations_id_seq; Type: SEQUENCE; Schema: public; Owner: postgres
--

ALTER TABLE public.django_migrations ALTER COLUMN id ADD GENERATED BY DEFAULT AS IDENTITY (
    SEQUENCE NAME public.django_migrations_id_seq
    START WITH 1
    INCREMENT BY 1
    NO MINVALUE
    NO MAXVALUE
    CACHE 1
);


--
-- Name: django_session; Type: TABLE; Schema: public; Owner: postgres
--

CREATE TABLE public.django_session (
    session_key character varying(40) NOT NULL,
    session_data text NOT NULL,
    expire_date timestamp with time zone NOT NULL
);


ALTER TABLE public.django_session OWNER TO postgres;

--
-- Name: invoices_invoice; Type: TABLE; Schema: public; Owner: postgres
--

CREATE TABLE public.invoices_invoice (
    id bigint NOT NULL,
    created_at timestamp with time zone NOT NULL,
    modified_at timestamp with time zone NOT NULL,
    is_client boolean NOT NULL,
    serial character varying(10) NOT NULL,
    number character varying(20) NOT NULL,
    deadline date NOT NULL,
    value numeric(10,2) NOT NULL,
    description character varying(255),
    cancellation_to_id bigint,
    cancelled_from_id bigint,
    created_by_id bigint,
    currency_id bigint,
    modified_by_id bigint,
    person_id bigint NOT NULL,
    is_recurrent boolean NOT NULL
);


ALTER TABLE public.invoices_invoice OWNER TO postgres;

--
-- Name: invoices_invoice_id_seq; Type: SEQUENCE; Schema: public; Owner: postgres
--

ALTER TABLE public.invoices_invoice ALTER COLUMN id ADD GENERATED BY DEFAULT AS IDENTITY (
    SEQUENCE NAME public.invoices_invoice_id_seq
    START WITH 1
    INCREMENT BY 1
    NO MINVALUE
    NO MAXVALUE
    CACHE 1
);


--
-- Name: invoices_invoiceelement; Type: TABLE; Schema: public; Owner: postgres
--

CREATE TABLE public.invoices_invoiceelement (
    id bigint NOT NULL,
    element_id bigint NOT NULL,
    invoice_id bigint NOT NULL
);


ALTER TABLE public.invoices_invoiceelement OWNER TO postgres;

--
-- Name: invoices_invoiceelement_id_seq; Type: SEQUENCE; Schema: public; Owner: postgres
--

ALTER TABLE public.invoices_invoiceelement ALTER COLUMN id ADD GENERATED BY DEFAULT AS IDENTITY (
    SEQUENCE NAME public.invoices_invoiceelement_id_seq
    START WITH 1
    INCREMENT BY 1
    NO MINVALUE
    NO MAXVALUE
    CACHE 1
);


--
-- Name: invoices_proforma; Type: TABLE; Schema: public; Owner: postgres
--

CREATE TABLE public.invoices_proforma (
    id bigint NOT NULL,
    created_at timestamp with time zone NOT NULL,
    modified_at timestamp with time zone NOT NULL,
    is_client boolean NOT NULL,
    serial character varying(10) NOT NULL,
    number character varying(20) NOT NULL,
    deadline date NOT NULL,
    value numeric(10,2) NOT NULL,
    description character varying(255),
    created_by_id bigint,
    currency_id bigint,
    invoice_id bigint,
    modified_by_id bigint,
    person_id bigint NOT NULL
);


ALTER TABLE public.invoices_proforma OWNER TO postgres;

--
-- Name: invoices_proforma_id_seq; Type: SEQUENCE; Schema: public; Owner: postgres
--

ALTER TABLE public.invoices_proforma ALTER COLUMN id ADD GENERATED BY DEFAULT AS IDENTITY (
    SEQUENCE NAME public.invoices_proforma_id_seq
    START WITH 1
    INCREMENT BY 1
    NO MINVALUE
    NO MAXVALUE
    CACHE 1
);


--
-- Name: invoices_proformaelement; Type: TABLE; Schema: public; Owner: postgres
--

CREATE TABLE public.invoices_proformaelement (
    id bigint NOT NULL,
    element_id bigint NOT NULL,
    proforma_id bigint NOT NULL
);


ALTER TABLE public.invoices_proformaelement OWNER TO postgres;

--
-- Name: invoices_proformaelement_id_seq; Type: SEQUENCE; Schema: public; Owner: postgres
--

ALTER TABLE public.invoices_proformaelement ALTER COLUMN id ADD GENERATED BY DEFAULT AS IDENTITY (
    SEQUENCE NAME public.invoices_proformaelement_id_seq
    START WITH 1
    INCREMENT BY 1
    NO MINVALUE
    NO MAXVALUE
    CACHE 1
);


--
-- Name: orders_offer; Type: TABLE; Schema: public; Owner: postgres
--

CREATE TABLE public.orders_offer (
    id bigint NOT NULL,
    created_at timestamp with time zone NOT NULL,
    modified_at timestamp with time zone NOT NULL,
    deadline timestamp with time zone NOT NULL,
    serial character varying(10) NOT NULL,
    number character varying(20) NOT NULL,
    value numeric(10,2) NOT NULL,
    description character varying(255),
    created_by_id bigint,
    currency_id bigint,
    modified_by_id bigint,
    order_id bigint,
    person_id bigint NOT NULL,
    status_id bigint NOT NULL
);


ALTER TABLE public.orders_offer OWNER TO postgres;

--
-- Name: orders_offer_id_seq; Type: SEQUENCE; Schema: public; Owner: postgres
--

ALTER TABLE public.orders_offer ALTER COLUMN id ADD GENERATED BY DEFAULT AS IDENTITY (
    SEQUENCE NAME public.orders_offer_id_seq
    START WITH 1
    INCREMENT BY 1
    NO MINVALUE
    NO MAXVALUE
    CACHE 1
);


--
-- Name: orders_offerelement; Type: TABLE; Schema: public; Owner: postgres
--

CREATE TABLE public.orders_offerelement (
    id bigint NOT NULL,
    description character varying(255),
    quantity smallint NOT NULL,
    price numeric(10,2) NOT NULL,
    offer_id bigint NOT NULL,
    service_id bigint NOT NULL,
    um_id bigint
);


ALTER TABLE public.orders_offerelement OWNER TO postgres;

--
-- Name: orders_offerelement_id_seq; Type: SEQUENCE; Schema: public; Owner: postgres
--

ALTER TABLE public.orders_offerelement ALTER COLUMN id ADD GENERATED BY DEFAULT AS IDENTITY (
    SEQUENCE NAME public.orders_offerelement_id_seq
    START WITH 1
    INCREMENT BY 1
    NO MINVALUE
    NO MAXVALUE
    CACHE 1
);


--
-- Name: orders_order; Type: TABLE; Schema: public; Owner: postgres
--

CREATE TABLE public.orders_order (
    id bigint NOT NULL,
    created_at timestamp with time zone NOT NULL,
    modified_at timestamp with time zone NOT NULL,
    is_client boolean NOT NULL,
    deadline timestamp with time zone NOT NULL,
    serial character varying(10) NOT NULL,
    number character varying(20) NOT NULL,
    value numeric(10,2) NOT NULL,
    description character varying(255),
    created_by_id bigint,
    currency_id bigint,
    modified_by_id bigint,
    person_id bigint NOT NULL,
    status_id bigint NOT NULL
);


ALTER TABLE public.orders_order OWNER TO postgres;

--
-- Name: orders_order_id_seq; Type: SEQUENCE; Schema: public; Owner: postgres
--

ALTER TABLE public.orders_order ALTER COLUMN id ADD GENERATED BY DEFAULT AS IDENTITY (
    SEQUENCE NAME public.orders_order_id_seq
    START WITH 1
    INCREMENT BY 1
    NO MINVALUE
    NO MAXVALUE
    CACHE 1
);


--
-- Name: orders_orderelement; Type: TABLE; Schema: public; Owner: postgres
--

CREATE TABLE public.orders_orderelement (
    id bigint NOT NULL,
    description character varying(255),
    quantity smallint NOT NULL,
    price numeric(10,2) NOT NULL,
    order_id bigint NOT NULL,
    service_id bigint NOT NULL,
    status_id bigint NOT NULL,
    um_id bigint
);


ALTER TABLE public.orders_orderelement OWNER TO postgres;

--
-- Name: orders_orderelement_id_seq; Type: SEQUENCE; Schema: public; Owner: postgres
--

ALTER TABLE public.orders_orderelement ALTER COLUMN id ADD GENERATED BY DEFAULT AS IDENTITY (
    SEQUENCE NAME public.orders_orderelement_id_seq
    START WITH 1
    INCREMENT BY 1
    NO MINVALUE
    NO MAXVALUE
    CACHE 1
);


--
-- Name: payments_payment; Type: TABLE; Schema: public; Owner: postgres
--

CREATE TABLE public.payments_payment (
    id bigint NOT NULL,
    created_at timestamp with time zone NOT NULL,
    modified_at timestamp with time zone NOT NULL,
    type character varying(6) NOT NULL,
    is_client boolean NOT NULL,
    serial character varying(10) NOT NULL,
    number character varying(20) NOT NULL,
    value numeric(10,2) NOT NULL,
    payment_date date NOT NULL,
    description character varying(255),
    created_by_id bigint,
    currency_id bigint,
    modified_by_id bigint,
    person_id bigint NOT NULL
);


ALTER TABLE public.payments_payment OWNER TO postgres;

--
-- Name: payments_payment_id_seq; Type: SEQUENCE; Schema: public; Owner: postgres
--

ALTER TABLE public.payments_payment ALTER COLUMN id ADD GENERATED BY DEFAULT AS IDENTITY (
    SEQUENCE NAME public.payments_payment_id_seq
    START WITH 1
    INCREMENT BY 1
    NO MINVALUE
    NO MAXVALUE
    CACHE 1
);


--
-- Name: payments_paymentelement; Type: TABLE; Schema: public; Owner: postgres
--

CREATE TABLE public.payments_paymentelement (
    id bigint NOT NULL,
    invoice_id bigint NOT NULL,
    payment_id bigint NOT NULL
);


ALTER TABLE public.payments_paymentelement OWNER TO postgres;

--
-- Name: payments_paymentelement_id_seq; Type: SEQUENCE; Schema: public; Owner: postgres
--

ALTER TABLE public.payments_paymentelement ALTER COLUMN id ADD GENERATED BY DEFAULT AS IDENTITY (
    SEQUENCE NAME public.payments_paymentelement_id_seq
    START WITH 1
    INCREMENT BY 1
    NO MINVALUE
    NO MAXVALUE
    CACHE 1
);


--
-- Name: persons_person; Type: TABLE; Schema: public; Owner: postgres
--

CREATE TABLE public.persons_person (
    id bigint NOT NULL,
    created_at timestamp with time zone NOT NULL,
    modified_at timestamp with time zone NOT NULL,
    entity character varying(2) NOT NULL,
    gender character varying(2) NOT NULL,
    firstname character varying(100) NOT NULL,
    lastname character varying(100) NOT NULL,
    identity_card character varying(30) NOT NULL,
    company_name character varying(100) NOT NULL,
    company_tax_code character varying(30) NOT NULL,
    company_iban character varying(34) NOT NULL,
    phone character varying(100) NOT NULL,
    email character varying(255) NOT NULL,
    address character varying(255) NOT NULL,
    services character varying(255) NOT NULL,
    created_by_id bigint,
    modified_by_id bigint
);


ALTER TABLE public.persons_person OWNER TO postgres;

--
-- Name: persons_person_id_seq; Type: SEQUENCE; Schema: public; Owner: postgres
--

ALTER TABLE public.persons_person ALTER COLUMN id ADD GENERATED BY DEFAULT AS IDENTITY (
    SEQUENCE NAME public.persons_person_id_seq
    START WITH 1
    INCREMENT BY 1
    NO MINVALUE
    NO MAXVALUE
    CACHE 1
);


--
-- Name: services_currency; Type: TABLE; Schema: public; Owner: postgres
--

CREATE TABLE public.services_currency (
    id bigint NOT NULL,
    name character varying(20) NOT NULL,
    symbol character varying(3) NOT NULL
);


ALTER TABLE public.services_currency OWNER TO postgres;

--
-- Name: services_currency_id_seq; Type: SEQUENCE; Schema: public; Owner: postgres
--

ALTER TABLE public.services_currency ALTER COLUMN id ADD GENERATED BY DEFAULT AS IDENTITY (
    SEQUENCE NAME public.services_currency_id_seq
    START WITH 1
    INCREMENT BY 1
    NO MINVALUE
    NO MAXVALUE
    CACHE 1
);


--
-- Name: services_serial; Type: TABLE; Schema: public; Owner: postgres
--

CREATE TABLE public.services_serial (
    id bigint NOT NULL,
    offer_serial character varying(10) NOT NULL,
    offer_number integer NOT NULL,
    order_serial character varying(10) NOT NULL,
    order_number integer NOT NULL,
    p_order_serial character varying(10) NOT NULL,
    p_order_number integer NOT NULL,
    proforma_serial character varying(10) NOT NULL,
    proforma_number integer NOT NULL,
    invoice_serial character varying(10) NOT NULL,
    invoice_number integer NOT NULL,
    receipt_serial character varying(10) NOT NULL,
    receipt_number integer NOT NULL,
    CONSTRAINT services_serial_invoice_number_check CHECK ((invoice_number >= 0)),
    CONSTRAINT services_serial_offer_number_check CHECK ((offer_number >= 0)),
    CONSTRAINT services_serial_order_number_check CHECK ((order_number >= 0)),
    CONSTRAINT services_serial_p_order_number_check CHECK ((p_order_number >= 0)),
    CONSTRAINT services_serial_proforma_number_check CHECK ((proforma_number >= 0)),
    CONSTRAINT services_serial_receipt_number_check CHECK ((receipt_number >= 0))
);


ALTER TABLE public.services_serial OWNER TO postgres;

--
-- Name: services_serial_id_seq; Type: SEQUENCE; Schema: public; Owner: postgres
--

ALTER TABLE public.services_serial ALTER COLUMN id ADD GENERATED BY DEFAULT AS IDENTITY (
    SEQUENCE NAME public.services_serial_id_seq
    START WITH 1
    INCREMENT BY 1
    NO MINVALUE
    NO MAXVALUE
    CACHE 1
);


--
-- Name: services_service; Type: TABLE; Schema: public; Owner: postgres
--

CREATE TABLE public.services_service (
    id bigint NOT NULL,
    name character varying(200) NOT NULL,
    price_min numeric(8,2) NOT NULL,
    price_max numeric(8,2) NOT NULL,
    icon character varying(100) NOT NULL,
    currency_id bigint NOT NULL,
    um_id bigint NOT NULL
);


ALTER TABLE public.services_service OWNER TO postgres;

--
-- Name: services_service_id_seq; Type: SEQUENCE; Schema: public; Owner: postgres
--

ALTER TABLE public.services_service ALTER COLUMN id ADD GENERATED BY DEFAULT AS IDENTITY (
    SEQUENCE NAME public.services_service_id_seq
    START WITH 1
    INCREMENT BY 1
    NO MINVALUE
    NO MAXVALUE
    CACHE 1
);


--
-- Name: services_status; Type: TABLE; Schema: public; Owner: postgres
--

CREATE TABLE public.services_status (
    id bigint NOT NULL,
    name character varying(25) NOT NULL,
    style character varying(25) NOT NULL,
    percent smallint NOT NULL
);


ALTER TABLE public.services_status OWNER TO postgres;

--
-- Name: services_status_id_seq; Type: SEQUENCE; Schema: public; Owner: postgres
--

ALTER TABLE public.services_status ALTER COLUMN id ADD GENERATED BY DEFAULT AS IDENTITY (
    SEQUENCE NAME public.services_status_id_seq
    START WITH 1
    INCREMENT BY 1
    NO MINVALUE
    NO MAXVALUE
    CACHE 1
);


--
-- Name: services_um; Type: TABLE; Schema: public; Owner: postgres
--

CREATE TABLE public.services_um (
    id bigint NOT NULL,
    name character varying(15) NOT NULL
);


ALTER TABLE public.services_um OWNER TO postgres;

--
-- Name: services_um_id_seq; Type: SEQUENCE; Schema: public; Owner: postgres
--

ALTER TABLE public.services_um ALTER COLUMN id ADD GENERATED BY DEFAULT AS IDENTITY (
    SEQUENCE NAME public.services_um_id_seq
    START WITH 1
    INCREMENT BY 1
    NO MINVALUE
    NO MAXVALUE
    CACHE 1
);


--
-- Name: users_customuser; Type: TABLE; Schema: public; Owner: postgres
--

CREATE TABLE public.users_customuser (
    id bigint NOT NULL,
    password character varying(128) NOT NULL,
    last_login timestamp with time zone,
    is_superuser boolean NOT NULL,
    username character varying(150) NOT NULL,
    first_name character varying(150) NOT NULL,
    last_name character varying(150) NOT NULL,
    email character varying(254) NOT NULL,
    is_staff boolean NOT NULL,
    is_active boolean NOT NULL,
    date_joined timestamp with time zone NOT NULL,
    date_of_birth date,
    profile_picture character varying(100) NOT NULL,
    phone character varying(20),
    address character varying(255)
);


ALTER TABLE public.users_customuser OWNER TO postgres;

--
-- Name: users_customuser_groups; Type: TABLE; Schema: public; Owner: postgres
--

CREATE TABLE public.users_customuser_groups (
    id bigint NOT NULL,
    customuser_id bigint NOT NULL,
    group_id integer NOT NULL
);


ALTER TABLE public.users_customuser_groups OWNER TO postgres;

--
-- Name: users_customuser_groups_id_seq; Type: SEQUENCE; Schema: public; Owner: postgres
--

ALTER TABLE public.users_customuser_groups ALTER COLUMN id ADD GENERATED BY DEFAULT AS IDENTITY (
    SEQUENCE NAME public.users_customuser_groups_id_seq
    START WITH 1
    INCREMENT BY 1
    NO MINVALUE
    NO MAXVALUE
    CACHE 1
);


--
-- Name: users_customuser_id_seq; Type: SEQUENCE; Schema: public; Owner: postgres
--

ALTER TABLE public.users_customuser ALTER COLUMN id ADD GENERATED BY DEFAULT AS IDENTITY (
    SEQUENCE NAME public.users_customuser_id_seq
    START WITH 1
    INCREMENT BY 1
    NO MINVALUE
    NO MAXVALUE
    CACHE 1
);


--
-- Name: users_customuser_user_permissions; Type: TABLE; Schema: public; Owner: postgres
--

CREATE TABLE public.users_customuser_user_permissions (
    id bigint NOT NULL,
    customuser_id bigint NOT NULL,
    permission_id integer NOT NULL
);


ALTER TABLE public.users_customuser_user_permissions OWNER TO postgres;

--
-- Name: users_customuser_user_permissions_id_seq; Type: SEQUENCE; Schema: public; Owner: postgres
--

ALTER TABLE public.users_customuser_user_permissions ALTER COLUMN id ADD GENERATED BY DEFAULT AS IDENTITY (
    SEQUENCE NAME public.users_customuser_user_permissions_id_seq
    START WITH 1
    INCREMENT BY 1
    NO MINVALUE
    NO MAXVALUE
    CACHE 1
);


--
-- Data for Name: appointments_appointment; Type: TABLE DATA; Schema: public; Owner: postgres
--

COPY public.appointments_appointment (id, created_at, modified_at, schedule, description, created_by_id, modified_by_id, order_id, person_id, status_id, with_person_id) FROM stdin;
2	2024-05-23 12:14:12.000003+00	2024-05-23 12:14:12.000042+00	2024-05-29 08:45:00+00	Legalizare declaratie corectata	1	1	\N	9	2	10
1	2024-05-23 11:09:20.635469+00	2024-05-23 11:09:20.63551+00	2024-05-27 14:30:00+00	Procura radiere si vanzare auto	1	1	1	1	2	5
3	2024-05-27 08:49:56.766596+00	2024-05-27 08:49:56.766644+00	2024-05-29 09:30:00+00	Vollmacht für Anwalt	1	1	4	16	2	17
49	2024-08-28 09:29:05.706289+00	2024-08-28 09:29:05.706345+00	2024-08-29 12:00:00+00		1	1	132	175	2	176
52	2024-09-05 13:13:09.684946+00	2024-09-05 13:13:09.685011+00	2024-09-10 14:30:00+00		1	1	136	181	2	56
4	2024-05-27 08:52:00.167935+00	2024-05-27 08:52:00.167975+00	2024-05-29 06:52:00+00	Vollmacht - Ledigkeitsbescheinigung	1	1	2	8	2	12
25	2024-06-20 08:22:19.800097+00	2024-06-20 08:22:19.800143+00	2024-06-21 12:30:00+00	2 Vollmachten und 1 Erklärung	1	1	41	75	2	77
50	2024-09-04 10:29:28.510251+00	2024-09-04 10:29:28.510329+00	2024-09-05 07:30:00+00		1	1	139	183	2	189
5	2024-05-29 04:52:58.056204+00	2024-05-29 04:52:58.05625+00	2024-06-11 14:30:00+00	Einverständniserklärung - Minderjährige	1	1	3	14	2	15
33	2024-07-22 09:27:05.603038+00	2024-07-22 09:27:05.603091+00	2024-08-01 08:15:00+00	1 Erklärung + 1 Vollmacht	1	1	67	105	2	15
24	2024-06-19 09:23:41.860815+00	2024-06-19 09:23:41.860859+00	2024-06-24 08:00:00+00		1	1	40	72	2	76
20	2024-06-17 11:50:25.875862+00	2024-06-17 11:50:25.875904+00	2024-06-19 07:30:00+00	Einverständniserklärung - Minderjährige	1	1	36	65	2	69
7	2024-05-30 06:11:01.483072+00	2024-05-30 06:11:01.483112+00	2024-05-30 12:30:00+00		1	1	12	35	2	31
26	2024-06-26 07:36:47.860657+00	2024-06-26 07:36:47.860701+00	2024-06-27 06:45:00+00	Einverständniserklärung - Minderjährige	1	1	45	81	2	83
51	2024-09-05 10:20:10.416147+00	2024-09-05 10:20:10.41621+00	2024-09-05 14:00:00+00	Vollmacht Auto	1	1	138	182	2	190
40	2024-08-09 09:47:13.067645+00	2024-08-09 09:47:13.067691+00	2024-08-14 13:00:00+00		1	1	108	146	2	150
8	2024-06-10 10:42:01.876516+00	2024-06-10 10:42:01.876556+00	2024-06-10 13:00:00+00	Vollmacht  Einschulung	1	1	17	39	2	49
27	2024-06-26 07:50:19.343063+00	2024-06-26 07:50:19.343104+00	2024-06-26 11:30:00+00	Vollmacht Kennzeichnen	1	1	46	82	2	84
9	2024-06-10 11:12:41.252085+00	2024-06-10 11:12:41.252121+00	2024-06-11 09:00:00+00	Erklärung	1	1	21	43	2	51
28	2024-06-27 03:14:59.511352+00	2024-06-27 03:14:59.511394+00	2024-06-27 09:00:00+00	Einverständniserklärung - Minderjährige	1	1	44	80	2	85
10	2024-06-10 11:56:28.654786+00	2024-06-10 11:56:28.654827+00	2024-06-13 07:30:00+00	Vollmacht Vertretung	1	1	22	44	2	52
6	2024-05-29 07:27:39.114605+00	2024-05-29 07:27:39.114645+00	2024-06-06 08:00:00+00	Vollmacht Kindergeld, Vollmacht Vertretung	1	1	\N	32	6	33
53	2024-09-10 09:11:54.132746+00	2024-09-10 09:11:54.132812+00	2024-09-18 13:00:00+00		1	1	135	180	2	199
34	2024-07-24 07:56:17.489736+00	2024-07-24 07:56:17.489809+00	2024-08-01 13:00:00+00	Einverständniserklärung - Minderjährige	1	1	82	117	2	118
11	2024-06-11 16:04:44.205646+00	2024-06-11 16:04:44.205684+00	2024-06-12 06:45:00+00		1	1	\N	55	2	56
29	2024-07-01 13:08:16.277381+00	2024-07-01 13:08:16.277429+00	2024-07-04 11:45:00+00		1	1	50	91	2	93
54	2024-09-11 09:44:14.197767+00	2024-09-11 09:44:14.197812+00	2024-09-18 09:00:00+00		1	1	148	193	2	201
22	2024-06-17 13:31:24.722675+00	2024-06-17 13:31:24.722719+00	2024-06-18 12:30:00+00	Einverständniserklärung - Minderjährige	1	1	39	68	2	70
30	2024-07-01 15:40:07.859846+00	2024-07-01 15:40:07.859893+00	2024-07-15 11:30:00+00	Einverständniserklärung - Minderjährige	1	1	47	86	2	95
14	2024-06-12 15:37:48.605724+00	2024-06-12 15:37:48.60577+00	2024-06-14 09:30:00+00	Einverständniserklärung - Minderjährige	1	1	31	57	2	59
55	2024-09-12 12:58:12.206983+00	2024-09-12 12:58:12.207049+00	2024-09-16 12:45:00+00		1	1	157	202	2	203
31	2024-07-09 09:00:56.809962+00	2024-07-09 09:00:56.810014+00	2024-07-11 07:00:00+00	Einverständniserklärung - Minderjährige	1	1	56	55	2	56
32	2024-07-22 09:10:14.191801+00	2024-07-22 09:10:14.191858+00	2024-07-24 13:00:00+00	Einverständniserklärung - Minderjährige	1	1	71	109	2	113
57	2024-09-17 07:01:40.359561+00	2024-09-17 07:01:40.359605+00	2024-09-17 09:00:00+00		1	1	167	208	2	211
56	2024-09-16 06:27:05.32657+00	2024-09-16 06:27:05.326621+00	2024-09-26 11:45:00+00		1	1	147	192	2	93
19	2024-06-13 09:01:49.56869+00	2024-06-13 09:01:49.568731+00	2024-06-13 14:00:00+00		1	1	29	54	2	60
23	2024-06-18 07:58:51.231017+00	2024-06-18 07:58:51.231058+00	2024-06-18 12:50:00+00		1	1	38	67	2	71
36	2024-07-26 06:35:58.78615+00	2024-07-26 06:35:58.786192+00	2024-07-26 07:30:00+00	Einverständniserklärung - Minderjährige	1	1	80	115	2	126
35	2024-07-26 06:33:22.261848+00	2024-07-26 06:33:22.261891+00	2024-08-05 14:00:00+00	Vollmacht - Vertretung	1	1	81	116	2	125
41	2024-08-09 12:25:34.745967+00	2024-08-09 12:25:34.746005+00	2024-08-27 12:30:00+00		1	1	87	122	2	151
21	2024-06-17 12:10:50.679157+00	2024-06-17 12:10:50.679212+00	2024-06-19 12:30:00+00		1	1	37	66	2	74
37	2024-07-31 08:34:30.640585+00	2024-07-31 08:34:30.640637+00	2024-08-01 13:00:00+00		1	1	92	127	2	133
59	2024-09-19 14:09:03.484589+00	2024-09-19 14:09:03.484656+00	2024-09-26 14:30:00+00		1	1	168	209	2	223
58	2024-09-17 14:03:52.286683+00	2024-09-17 14:03:52.286732+00	2024-09-26 06:45:00+00		1	1	158	158	2	213
38	2024-07-31 09:26:50.333554+00	2024-07-31 09:26:50.333625+00	2024-08-05 13:30:00+00		1	1	91	124	2	134
39	2024-08-09 06:21:48.680955+00	2024-08-09 06:21:48.681001+00	2024-08-14 07:30:00+00		1	1	106	144	2	133
42	2024-08-12 06:52:17.638298+00	2024-08-12 06:52:17.63834+00	2024-08-13 09:30:00+00		1	1	103	141	2	154
45	2024-08-16 07:21:06.828714+00	2024-08-16 07:21:06.828762+00	2024-08-19 12:30:00+00		1	1	118	160	2	164
43	2024-08-12 13:20:31.656075+00	2024-08-12 13:20:31.656118+00	2024-08-13 09:30:00+00		1	1	114	152	2	155
44	2024-08-15 08:28:21.266704+00	2024-08-15 08:28:21.266765+00	2024-08-19 11:45:00+00		1	1	116	157	2	93
46	2024-08-20 09:32:13.769231+00	2024-08-20 09:32:13.769295+00	2024-08-27 09:00:00+00		1	1	121	163	2	166
47	2024-08-27 08:01:37.941655+00	2024-08-27 08:01:37.941707+00	2024-09-10 14:00:00+00		1	1	123	72	2	171
48	2024-08-27 09:27:46.342496+00	2024-08-27 09:27:46.342551+00	2024-08-28 09:30:00+00		1	1	129	170	2	172
60	2024-09-24 09:21:56.768981+00	2024-09-24 09:21:56.769057+00	2024-09-24 15:00:00+00		1	1	184	222	2	227
61	2024-09-30 08:19:18.138121+00	2024-09-30 08:19:18.138184+00	2024-09-30 15:30:00+00		1	1	197	237	2	243
62	2024-10-01 10:14:27.003751+00	2024-10-01 10:14:27.003817+00	2024-10-07 10:00:00+00		1	1	204	245	2	250
63	2024-10-04 09:52:36.010905+00	2024-10-04 09:52:36.010946+00	2024-10-04 13:30:00+00		1	1	206	247	2	211
64	2024-10-09 07:04:11.343166+00	2024-10-09 07:04:11.343208+00	2024-10-10 08:00:00+00		1	1	210	256	2	258
65	2024-10-10 11:44:38.965316+00	2024-10-10 11:44:38.965364+00	2024-10-14 13:00:00+00		1	1	214	260	2	262
66	2024-10-14 08:00:16.479546+00	2024-10-14 08:00:16.479599+00	2024-10-16 09:00:00+00		1	1	209	254	2	201
67	2024-10-14 13:26:00.219777+00	2024-10-14 13:26:00.219837+00	2024-10-15 11:30:00+00		1	1	215	263	2	266
68	2024-10-16 08:49:23.225879+00	2024-10-16 08:49:23.225931+00	2024-10-17 14:00:00+00		1	1	217	265	2	271
81	2024-11-19 14:32:29.476384+00	2024-11-19 14:32:29.476456+00	2024-11-22 13:45:00+00	Vollmacht Reisepass und Einverständniserklärung - Minderjährige	1	1	263	318	2	321
69	2024-10-16 11:57:04.407264+00	2024-10-16 11:57:04.407317+00	2024-11-07 10:30:00+00		1	1	223	270	2	272
82	2024-11-21 12:44:26.063287+00	2024-11-21 12:44:26.063335+00	2024-11-25 15:40:00+00		1	1	261	317	2	323
70	2024-10-17 12:21:34.623262+00	2024-10-17 12:21:34.623313+00	2024-10-22 14:00:00+00		1	1	216	264	2	276
83	2024-11-25 10:22:51.573036+00	2024-11-25 10:22:51.573102+00	2024-11-27 10:00:00+00		1	1	267	322	2	325
71	2024-10-18 09:10:53.01087+00	2024-10-18 09:10:53.010923+00	2024-10-23 12:00:00+00		1	1	225	275	2	278
72	2024-10-21 14:17:49.461422+00	2024-10-21 14:17:49.461488+00	2024-10-23 09:00:00+00		1	1	221	269	2	281
73	2024-10-21 15:13:46.882264+00	2024-10-21 15:13:46.882325+00	2024-10-24 07:00:00+00		1	1	224	274	2	154
74	2024-10-23 07:17:33.524187+00	2024-10-23 07:17:33.524245+00	2024-10-31 10:00:00+00		1	1	220	268	2	284
75	2024-10-23 07:20:02.945955+00	2024-10-23 07:20:02.946002+00	2024-10-23 10:30:00+00	Abholung 28.10.2024 um 08:00 Uhr	1	1	227	280	2	285
76	2024-10-24 13:01:43.961171+00	2024-10-24 13:01:43.961223+00	2024-10-29 07:30:00+00		1	1	231	286	2	290
77	2024-10-28 09:41:08.743974+00	2024-10-28 09:41:08.744043+00	2024-10-29 15:00:00+00		1	1	236	291	2	294
78	2024-11-08 15:18:07.409852+00	2024-11-08 15:18:07.409906+00	2024-11-19 14:15:00+00		1	1	246	300	2	308
79	2024-11-14 07:09:54.585349+00	2024-11-14 07:09:54.585419+00	2024-11-18 13:45:00+00		1	1	253	307	2	314
80	2024-11-18 09:08:48.767081+00	2024-11-18 09:08:48.767134+00	2024-11-20 08:45:00+00		1	1	258	312	2	315
\.


--
-- Data for Name: auth_group; Type: TABLE DATA; Schema: public; Owner: postgres
--

COPY public.auth_group (id, name) FROM stdin;
\.


--
-- Data for Name: auth_group_permissions; Type: TABLE DATA; Schema: public; Owner: postgres
--

COPY public.auth_group_permissions (id, group_id, permission_id) FROM stdin;
\.


--
-- Data for Name: auth_permission; Type: TABLE DATA; Schema: public; Owner: postgres
--

COPY public.auth_permission (id, name, codename, content_type_id) FROM stdin;
1	Can add log entry	add_logentry	1
2	Can change log entry	change_logentry	1
3	Can delete log entry	delete_logentry	1
4	Can view log entry	view_logentry	1
5	Can add permission	add_permission	2
6	Can change permission	change_permission	2
7	Can delete permission	delete_permission	2
8	Can view permission	view_permission	2
9	Can add group	add_group	3
10	Can change group	change_group	3
11	Can delete group	delete_group	3
12	Can view group	view_group	3
13	Can add content type	add_contenttype	4
14	Can change content type	change_contenttype	4
15	Can delete content type	delete_contenttype	4
16	Can view content type	view_contenttype	4
17	Can add session	add_session	5
18	Can change session	change_session	5
19	Can delete session	delete_session	5
20	Can view session	view_session	5
21	Can add invoice element	add_invoiceelement	6
22	Can change invoice element	change_invoiceelement	6
23	Can delete invoice element	delete_invoiceelement	6
24	Can view invoice element	view_invoiceelement	6
25	Can add proforma element	add_proformaelement	7
26	Can change proforma element	change_proformaelement	7
27	Can delete proforma element	delete_proformaelement	7
28	Can view proforma element	view_proformaelement	7
29	Can add proforma	add_proforma	8
30	Can change proforma	change_proforma	8
31	Can delete proforma	delete_proforma	8
32	Can view proforma	view_proforma	8
33	Can add invoice	add_invoice	9
34	Can change invoice	change_invoice	9
35	Can delete invoice	delete_invoice	9
36	Can view invoice	view_invoice	9
37	Can add payment	add_payment	10
38	Can change payment	change_payment	10
39	Can delete payment	delete_payment	10
40	Can view payment	view_payment	10
41	Can add payment element	add_paymentelement	11
42	Can change payment element	change_paymentelement	11
43	Can delete payment element	delete_paymentelement	11
44	Can view payment element	view_paymentelement	11
45	Can add order element	add_orderelement	12
46	Can change order element	change_orderelement	12
47	Can delete order element	delete_orderelement	12
48	Can view order element	view_orderelement	12
49	Can add offer	add_offer	13
50	Can change offer	change_offer	13
51	Can delete offer	delete_offer	13
52	Can view offer	view_offer	13
53	Can add offer element	add_offerelement	14
54	Can change offer element	change_offerelement	14
55	Can delete offer element	delete_offerelement	14
56	Can view offer element	view_offerelement	14
57	Can add order	add_order	15
58	Can change order	change_order	15
59	Can delete order	delete_order	15
60	Can view order	view_order	15
61	Can add person	add_person	16
62	Can change person	change_person	16
63	Can delete person	delete_person	16
64	Can view person	view_person	16
65	Can add serial	add_serial	17
66	Can change serial	change_serial	17
67	Can delete serial	delete_serial	17
68	Can view serial	view_serial	17
69	Can add currency	add_currency	18
70	Can change currency	change_currency	18
71	Can delete currency	delete_currency	18
72	Can view currency	view_currency	18
73	Can add service	add_service	19
74	Can change service	change_service	19
75	Can delete service	delete_service	19
76	Can view service	view_service	19
77	Can add status	add_status	20
78	Can change status	change_status	20
79	Can delete status	delete_status	20
80	Can view status	view_status	20
81	Can add um	add_um	21
82	Can change um	change_um	21
83	Can delete um	delete_um	21
84	Can view um	view_um	21
85	Can add user	add_customuser	22
86	Can change user	change_customuser	22
87	Can delete user	delete_customuser	22
88	Can view user	view_customuser	22
89	Can add appointment	add_appointment	23
90	Can change appointment	change_appointment	23
91	Can delete appointment	delete_appointment	23
92	Can view appointment	view_appointment	23
\.


--
-- Data for Name: django_admin_log; Type: TABLE DATA; Schema: public; Owner: postgres
--

COPY public.django_admin_log (id, action_time, object_id, object_repr, action_flag, change_message, content_type_id, user_id) FROM stdin;
1	2024-06-12 16:07:53.77859+00	13	Lidia Grosu - pi with None on 12.06.2024 15:37 - 	3		23	1
2	2024-06-12 16:11:11.536781+00	17	None with Adrian George Radu / Sprachen Express - sp on 12.06.2024 16:10 - 	3		23	1
3	2024-06-12 16:11:11.539843+00	16	Adrian George Radu / Sprachen Express - sp with None on 12.06.2024 16:10 - 	3		23	1
4	2024-06-12 16:11:11.541379+00	15	Adrian George Radu / Sprachen Express - sp with Adrian George Radu / Sprachen Express - sp on 13.06.2024 16:08 - 	3		23	1
5	2024-06-12 17:10:44.841376+00	12	None with Jochen Keßler / Keßler | Hardt | Notare - pi on 12.06.2024 15:37 - 	3		23	1
6	2024-06-12 17:11:48.107243+00	18	Adrian George Radu / Sprachen Express - sp with Adrian George Radu / Sprachen Express - sp on 12.06.2024 17:11 - 	3		23	1
7	2024-08-05 08:17:55.825204+00	98	Order B77 - Cosmina Anghel - pi - 08.08.2024 12:37 - Einverständniserklärung für Minderjährige (0.00€)	3		15	1
8	2024-08-05 08:18:30.095102+00	136	Cosmina Anghel - pi	3		16	1
9	2024-08-16 07:25:19.906932+00	159	Dinu-Ghoerghe Cucerzan - pi	3		16	1
10	2024-09-02 07:36:43.511346+00	20	Invoice RE18 from 13.06.2024 15:03 - Ioana-Roxana Căruță - pi - 	3		9	1
11	2024-09-02 07:36:43.517968+00	19	Invoice 1203-608492-2 from 11.06.2024 14:58 - Landgericht Magdeburg - co - 	3		9	1
12	2024-09-02 07:36:43.519456+00	18	Invoice RE17 from 07.06.2024 13:55 - George Isopescu - pi - 	3		9	1
13	2024-09-02 07:36:43.521072+00	17	Invoice RE16 from 07.06.2024 13:55 - Amalia Dumbrava - pi - 	3		9	1
14	2024-09-02 07:36:43.522731+00	16	Invoice RE15 from 07.06.2024 13:54 - Maria-Lorena Badea - pi - 	3		9	1
15	2024-09-02 07:36:43.524106+00	15	Invoice RE14 from 07.06.2024 13:53 - Oleg Vlas / Bau Netzwerk OV GmbH - pi - 	3		9	1
16	2024-09-02 07:36:43.525798+00	14	Invoice RE13 from 07.06.2024 13:52 - Constantin Lipan - pi - 	3		9	1
17	2024-09-02 07:36:43.52712+00	13	Invoice RE12 from 07.06.2024 13:46 - Denis-Adrian Aldea - pi - 	3		9	1
18	2024-09-02 07:36:43.528425+00	12	Invoice RE11 from 06.06.2024 16:26 - Gabriel-Grigore Lupoae - pi - 	3		9	1
19	2024-09-02 07:36:43.529721+00	11	Invoice 104/06/2024 from 06.06.2024 10:45 - Swetlana Donnerstag - sp - 	3		9	1
20	2024-09-02 07:36:43.531009+00	10	Invoice RE10 from 06.06.2024 05:03 - Simona Sava - pi - 	3		9	1
21	2024-09-02 07:36:43.532272+00	9	Invoice RE9 from 04.06.2024 17:47 - Cătălin Munteanu - pi - 	3		9	1
22	2024-09-02 07:36:43.533566+00	8	Invoice RE8 from 03.06.2024 17:09 - Silvia-Viorica Vladutu - pi - 	3		9	1
23	2024-09-02 07:36:43.534845+00	7	Invoice RE7 from 28.05.2024 11:43 - Georgeta-Denisa Ungureanu - pi - Ledigkeitsbescheinigung	3		9	1
24	2024-09-02 07:36:43.536086+00	6	Invoice RE6 from 28.05.2024 10:36 - Sandu Alexa - pi - 2 Geburtsurkunden	3		9	1
25	2024-09-02 07:36:43.537356+00	5	Invoice RE5 from 27.05.2024 10:53 - Adina-Adriana Aostăcioae - pi - 	3		9	1
26	2024-09-02 07:36:43.538604+00	4	Invoice RE4 from 24.05.2024 09:43 - Petronela-Florentina Mușinoiu - pi - 	3		9	1
27	2024-09-02 07:36:43.539852+00	3	Invoice RE3 from 24.05.2024 09:42 - Florina-Mădălina Păunescu - pi - 	3		9	1
28	2024-09-02 07:36:43.541121+00	2	Invoice RE2 from 23.05.2024 10:22 - Marian Ifrim - pi - 	3		9	1
29	2024-09-02 07:36:43.542483+00	1	Invoice RE1 from 22.05.2024 06:28 - Daniel Decher - pi - Vollmacht - Verkauf des Autos	3		9	1
30	2024-09-02 07:37:22.341492+00	18	Paymant  (bank) from Silvia-Viorica Vladutu - pi - 01.07.2024 06:50 (135.00€)	3		10	1
31	2024-09-02 07:37:22.34515+00	17	Paymant  (bank) from Ioana-Roxana Căruță - pi - 13.06.2024 15:04 (40.00€)	3		10	1
32	2024-09-02 07:37:22.346823+00	16	Paymant  (bank) from Landgericht Magdeburg - co - 13.06.2024 14:58 (25.00€)	3		10	1
33	2024-09-02 07:37:22.348354+00	15	Paymant  (bank) from Oleg Vlas / Bau Netzwerk OV GmbH - pi - 07.06.2024 14:20 (175.00€)	3		10	1
34	2024-09-02 07:37:22.349865+00	14	Paymant  (bank) from Constantin Lipan - pi - 07.06.2024 14:20 (60.00€)	3		10	1
35	2024-09-02 07:37:22.35143+00	13	Paymant  (bank) from Denis-Adrian Aldea - pi - 07.06.2024 14:20 (75.00€)	3		10	1
36	2024-09-02 07:37:22.352907+00	12	Paymant  (bank) from Gabriel-Grigore Lupoae - pi - 06.06.2024 16:27 (125.00€)	3		10	1
37	2024-09-02 07:37:22.354378+00	11	Paymant  (bank) from Swetlana Donnerstag - sp - 06.06.2024 10:46 (110.00€)	3		10	1
38	2024-09-02 07:37:22.355804+00	10	Paymant  (bank) from Simona Sava - pi - 06.06.2024 05:03 (75.00€)	3		10	1
39	2024-09-02 07:37:22.357271+00	9	Paymant  (bank) from Cătălin Munteanu - pi - 04.06.2024 17:48 (220.00€)	3		10	1
40	2024-09-02 07:37:22.358765+00	8	Paymant  (bank) from Silvia-Viorica Vladutu - pi - 03.06.2024 17:09 (50.00€)	3		10	1
41	2024-09-02 07:37:22.360515+00	7	Paymant  (bank) from Georgeta-Denisa Ungureanu - pi - 28.05.2024 08:23 (45.00€)	3		10	1
42	2024-09-02 07:37:22.362021+00	6	Paymant BE1 (cash) from Sandu Alexa - pi - 28.05.2024 08:06 (100.00€)	3		10	1
43	2024-09-02 07:37:22.36348+00	5	Paymant  (bank) from Adina-Adriana Aostăcioae - pi - 27.05.2024 10:53 (40.00€)	3		10	1
44	2024-09-02 07:37:22.364941+00	4	Paymant  (bank) from Petronela-Florentina Mușinoiu - pi - 25.05.2024 09:43 (70.50€)	3		10	1
45	2024-09-02 07:37:22.366377+00	3	Paymant  (bank) from Florina-Mădălina Păunescu - pi - 25.05.2024 09:42 (75.00€)	3		10	1
46	2024-09-02 07:37:22.367844+00	2	Paymant  (bank) from Marian Ifrim - pi - 23.05.2024 10:23 (75.00€)	3		10	1
47	2024-09-02 07:37:22.36941+00	1	Paymant  (bank) from Daniel Decher - pi - 23.05.2024 08:18 (75.00€)	3		10	1
48	2024-09-02 07:40:40.049861+00	1	Serial numbers of all entries	2	[{"changed": {"fields": ["Invoice number", "Receipt number"]}}]	17	1
49	2024-09-03 06:30:57.472786+00	19	Paymant  (bank) from Vasilica Moraru - pi - 03.09.2024 06:28 (60.00€)	3		10	1
50	2024-09-03 06:31:19.296333+00	1	Serial numbers of all entries	2	[]	17	1
51	2024-09-09 09:35:25.31482+00	32	Invoice 164/09/2024 from 09.09.2024 09:33 - Swetlana Donnerstag - sp - 	3		9	1
52	2024-09-09 17:51:31.918115+00	35	Invoice RE11 from 09.09.2024 17:47 - Antonia Gheorghiu - pi - 	3		9	1
53	2024-09-09 17:51:53.942709+00	1	Serial numbers of all entries	2	[{"changed": {"fields": ["Invoice number"]}}]	17	1
54	2024-10-14 13:59:27.337594+00	219	Order B161 - Vlăduț Ignat - pi - 18.10.2024 13:57 - Geburtsurkunde (50.00€)	3		15	1
55	2024-10-14 13:59:44.34125+00	1	Serial numbers of all entries	2	[{"changed": {"fields": ["Order number"]}}]	17	1
56	2024-10-15 07:04:49.939853+00	11	Proforma PRO11 from 02.10.2024 10:32 - Carolina Șerban  - pi - None	2	[{"changed": {"fields": ["Invoice"]}}]	8	1
57	2024-10-15 07:11:07.981979+00	6	Proforma PRO6 from 19.09.2024 15:59 - Florina Ciulei - pi - None	2	[{"changed": {"fields": ["Invoice"]}}]	8	1
58	2024-10-17 14:56:02.136091+00	97	Invoice RE54 from 17.10.2024 14:53 - Florin Pestrițiu - pi - 	3		9	1
59	2024-10-17 14:56:23.291908+00	1	Serial numbers of all entries	2	[{"changed": {"fields": ["Invoice number"]}}]	17	1
60	2024-10-17 15:00:34.430272+00	96	Inv. RE54 from payment #94 (85.00€)	1	[{"added": {}}]	11	1
61	2024-11-07 14:34:48.930012+00	251	Order B192 - Alexandru Obada - pi - 14.11.2024 14:32 - Geburtsurkunde (50.00€)	3		15	1
62	2024-11-07 14:35:05.676894+00	1	Serial numbers of all entries	2	[{"changed": {"fields": ["Order number"]}}]	17	1
63	2024-11-18 12:35:39.937059+00	127	Paymant BE4 (cash) from Marcel Damean - pi - 18.11.2024 13:34 (100.00€)	2	[{"changed": {"fields": ["Number"]}}]	10	1
64	2024-11-18 12:42:09.638473+00	1	Serial numbers of all entries	2	[{"changed": {"fields": ["Receipt number"]}}]	17	1
65	2024-11-18 12:43:44.74356+00	127	Paymant BE4 (cash) from Marcel Damean - pi - 18.11.2024 13:34 (100.00€)	2	[]	10	1
\.


--
-- Data for Name: django_content_type; Type: TABLE DATA; Schema: public; Owner: postgres
--

COPY public.django_content_type (id, app_label, model) FROM stdin;
1	admin	logentry
2	auth	permission
3	auth	group
4	contenttypes	contenttype
5	sessions	session
6	invoices	invoiceelement
7	invoices	proformaelement
8	invoices	proforma
9	invoices	invoice
10	payments	payment
11	payments	paymentelement
12	orders	orderelement
13	orders	offer
14	orders	offerelement
15	orders	order
16	persons	person
17	services	serial
18	services	currency
19	services	service
20	services	status
21	services	um
22	users	customuser
23	appointments	appointment
\.


--
-- Data for Name: django_migrations; Type: TABLE DATA; Schema: public; Owner: postgres
--

COPY public.django_migrations (id, app, name, applied) FROM stdin;
1	contenttypes	0001_initial	2024-05-23 08:09:15.498071+00
2	auth	0001_initial	2024-05-23 08:09:15.543536+00
3	users	0001_initial	2024-05-23 08:09:15.591068+00
4	admin	0001_initial	2024-05-23 08:09:15.614296+00
5	services	0001_initial	2024-05-23 08:09:15.650367+00
6	persons	0001_initial	2024-05-23 08:09:15.676762+00
7	orders	0001_initial	2024-05-23 08:09:15.841231+00
8	appointments	0001_initial	2024-05-23 08:09:15.885172+00
9	invoices	0001_initial	2024-05-23 08:09:16.020052+00
10	payments	0001_initial	2024-05-23 08:09:16.090209+00
11	sessions	0001_initial	2024-05-23 08:09:16.108346+00
12	invoices	0002_invoice_comments	2024-09-20 18:47:46.015588+00
13	invoices	0003_remove_invoice_comments_invoice_is_recurrent	2024-09-20 18:47:46.053401+00
\.


--
-- Data for Name: django_session; Type: TABLE DATA; Schema: public; Owner: postgres
--

COPY public.django_session (session_key, session_data, expire_date) FROM stdin;
pny0uvciytusnx9r7y5hayckkg7gsf70	.eJxVjEEOwiAQRe_C2hAEylCX7nsGMjCDVA0kpV0Z765NutDtf-_9lwi4rSVsnZcwk7iIszj9bhHTg-sO6I711mRqdV3mKHdFHrTLqRE_r4f7d1Cwl29twOVReTIRLIBjHjNqo3XOWmlQSH5ASwxeJWVsHJCctp4VQc4WLYr3B9NQN9U:1sA3WY:FMr704zGhs6h62HTVHEec59CsT9M3PLMrsXhwfiHGY4	2024-06-06 08:10:06.080391+00
vfxrmirafvrf7dgahkuy3eny62aclqut	.eJxVjEEOwiAQRe_C2hAEylCX7nsGMjCDVA0kpV0Z765NutDtf-_9lwi4rSVsnZcwk7iIszj9bhHTg-sO6I711mRqdV3mKHdFHrTLqRE_r4f7d1Cwl29twOVReTIRLIBjHjNqo3XOWmlQSH5ASwxeJWVsHJCctp4VQc4WLYr3B9NQN9U:1sHQOI:aAaVLnNrSciiJTLi3Sjx4vYfDicybuETufiodqPZgxU	2024-06-26 16:00:02.749304+00
ktz3nnwfjqiv857q39blsxlk1miz2k4u	.eJxVjEEOwiAQRe_C2hAEylCX7nsGMjCDVA0kpV0Z765NutDtf-_9lwi4rSVsnZcwk7iIszj9bhHTg-sO6I711mRqdV3mKHdFHrTLqRE_r4f7d1Cwl29twOVReTIRLIBjHjNqo3XOWmlQSH5ASwxeJWVsHJCctp4VQc4WLYr3B9NQN9U:1sMNX7:PRginQwRufplna9NFCzv6EwkH1W_VbQlsx3kR6PJT4w	2024-07-10 07:57:37.044332+00
c3yr9l2l358skpabmrytggjordti72ht	.eJxVjEEOwiAQRe_C2hAEylCX7nsGMjCDVA0kpV0Z765NutDtf-_9lwi4rSVsnZcwk7iIszj9bhHTg-sO6I711mRqdV3mKHdFHrTLqRE_r4f7d1Cwl29twOVReTIRLIBjHjNqo3XOWmlQSH5ASwxeJWVsHJCctp4VQc4WLYr3B9NQN9U:1sPznS:IXQ3QBGrmcAFvcoIPoTNWkPK35PBgOurr34PGxBRnXA	2024-07-20 07:25:26.883828+00
9bdkjz9ghkume4b2hh4tnd6e5qncraha	.eJxVjEEOwiAQRe_C2hAEylCX7nsGMjCDVA0kpV0Z765NutDtf-_9lwi4rSVsnZcwk7iIszj9bhHTg-sO6I711mRqdV3mKHdFHrTLqRE_r4f7d1Cwl29twOVReTIRLIBjHjNqo3XOWmlQSH5ASwxeJWVsHJCctp4VQc4WLYr3B9NQN9U:1sV4VX:CfFg4jgRXoBVWNWRZYDPuk0pIrEEdlokq5BEpWuT4Cg	2024-08-03 07:27:55.189118+00
jbiz4m0cpfhshz8xy2v1t2484ww12sgf	.eJxVjEEOwiAQRe_C2hAEylCX7nsGMjCDVA0kpV0Z765NutDtf-_9lwi4rSVsnZcwk7iIszj9bhHTg-sO6I711mRqdV3mKHdFHrTLqRE_r4f7d1Cwl29twOVReTIRLIBjHjNqo3XOWmlQSH5ASwxeJWVsHJCctp4VQc4WLYr3B9NQN9U:1saeAT:vQpLBu-s_QbbXG4vC1_yBqrbSIl1YkYqdqcU2LxDEBk	2024-08-18 16:33:13.331436+00
k6g6peiluqkfsczxv5htj40tbv6oe7be	.eJxVjEEOwiAQRe_C2hAEylCX7nsGMjCDVA0kpV0Z765NutDtf-_9lwi4rSVsnZcwk7iIszj9bhHTg-sO6I711mRqdV3mKHdFHrTLqRE_r4f7d1Cwl29twOVReTIRLIBjHjNqo3XOWmlQSH5ASwxeJWVsHJCctp4VQc4WLYr3B9NQN9U:1scUmR:kZ81avtiQkPuVT4DBFKqs0_f3OCICb6DrpU3HhboIig	2024-08-23 18:56:03.579008+00
xpnbdw9ic5o7ysnq3wpzn9bhyrrejxiu	.eJxVjEEOwiAQRe_C2hAEylCX7nsGMjCDVA0kpV0Z765NutDtf-_9lwi4rSVsnZcwk7iIszj9bhHTg-sO6I711mRqdV3mKHdFHrTLqRE_r4f7d1Cwl29twOVReTIRLIBjHjNqo3XOWmlQSH5ASwxeJWVsHJCctp4VQc4WLYr3B9NQN9U:1sdPST:2YbOiDvDUn_PGWKPcEgQWPvhacEe90SqyhAfE5kWfY0	2024-08-26 07:27:13.996614+00
3d97j4g5i5p688zmo6j9fj0sleq7hzvi	.eJxVjEEOwiAQRe_C2hAEylCX7nsGMjCDVA0kpV0Z765NutDtf-_9lwi4rSVsnZcwk7iIszj9bhHTg-sO6I711mRqdV3mKHdFHrTLqRE_r4f7d1Cwl29twOVReTIRLIBjHjNqo3XOWmlQSH5ASwxeJWVsHJCctp4VQc4WLYr3B9NQN9U:1siUWW:442PNSFqkRE962M9BbXzK6J_eoypjMSMYdDaqBaqdys	2024-09-09 07:52:24.0945+00
kvvgz2dfh5lt7y3bc3h79p4m2xq5kwyj	.eJxVjEEOwiAQRe_C2hAEylCX7nsGMjCDVA0kpV0Z765NutDtf-_9lwi4rSVsnZcwk7iIszj9bhHTg-sO6I711mRqdV3mKHdFHrTLqRE_r4f7d1Cwl29twOVReTIRLIBjHjNqo3XOWmlQSH5ASwxeJWVsHJCctp4VQc4WLYr3B9NQN9U:1snaIz:pQGEazUtBIi9feUO3QRHg7-vW9w_5t1hTvahMjb9fnc	2024-09-23 09:03:29.687269+00
8lm7h9v90tdryc1bh97ojh5x85k99igz	.eJxVjEEOwiAQRe_C2hAEylCX7nsGMjCDVA0kpV0Z765NutDtf-_9lwi4rSVsnZcwk7iIszj9bhHTg-sO6I711mRqdV3mKHdFHrTLqRE_r4f7d1Cwl29twOVReTIRLIBjHjNqo3XOWmlQSH5ASwxeJWVsHJCctp4VQc4WLYr3B9NQN9U:1spUyZ:tRaTqe_m10DRz31KqtXIIub3W-eUPBHvnO1BULrD8Yw	2024-09-28 15:46:19.468914+00
nsyfhgbc2cdzhmm1k4gyf6qri0xkgvm9	.eJxVjEEOwiAQRe_C2hAEylCX7nsGMjCDVA0kpV0Z765NutDtf-_9lwi4rSVsnZcwk7iIszj9bhHTg-sO6I711mRqdV3mKHdFHrTLqRE_r4f7d1Cwl29twOVReTIRLIBjHjNqo3XOWmlQSH5ASwxeJWVsHJCctp4VQc4WLYr3B9NQN9U:1srhuJ:_RQu0wgO1yTpm-9tEE4l3lZjV1V69EsTs0uKSHw7tjo	2024-10-04 17:59:03.04767+00
08asto87w4zant3thi24x2z0noxdebdk	.eJxVjEEOwiAQRe_C2hAEylCX7nsGMjCDVA0kpV0Z765NutDtf-_9lwi4rSVsnZcwk7iIszj9bhHTg-sO6I711mRqdV3mKHdFHrTLqRE_r4f7d1Cwl29twOVReTIRLIBjHjNqo3XOWmlQSH5ASwxeJWVsHJCctp4VQc4WLYr3B9NQN9U:1svugt:RQoKgC6zjFxMvrGiKwJD_lSAW-5XLLkcdHlI2b6X3yU	2024-10-16 08:26:35.097398+00
fi4c2pwa9w1g0kqztyyfy593oapxpm7o	.eJxVjEEOwiAQRe_C2hAEylCX7nsGMjCDVA0kpV0Z765NutDtf-_9lwi4rSVsnZcwk7iIszj9bhHTg-sO6I711mRqdV3mKHdFHrTLqRE_r4f7d1Cwl29twOVReTIRLIBjHjNqo3XOWmlQSH5ASwxeJWVsHJCctp4VQc4WLYr3B9NQN9U:1t0bte:Eh2fGxlbfDHzacJ82VjR6iknuVWPWhUIZLqGFV0LxIc	2024-10-29 07:23:10.808422+00
itl4k7ehogwflqioqt6htuezqn1ayvvf	.eJxVjEEOwiAQRe_C2hAEylCX7nsGMjCDVA0kpV0Z765NutDtf-_9lwi4rSVsnZcwk7iIszj9bhHTg-sO6I711mRqdV3mKHdFHrTLqRE_r4f7d1Cwl29twOVReTIRLIBjHjNqo3XOWmlQSH5ASwxeJWVsHJCctp4VQc4WLYr3B9NQN9U:1t4LzT:Tzsrn2nu-T8Z1W3sJdnennen-lTRtFx-x2EDFAGISdM	2024-11-08 15:12:39.607074+00
xtjklzlktg7kzbplfqxwkyfb260x3wvp	.eJxVjEEOwiAQRe_C2hAEylCX7nsGMjCDVA0kpV0Z765NutDtf-_9lwi4rSVsnZcwk7iIszj9bhHTg-sO6I711mRqdV3mKHdFHrTLqRE_r4f7d1Cwl29twOVReTIRLIBjHjNqo3XOWmlQSH5ASwxeJWVsHJCctp4VQc4WLYr3B9NQN9U:1t5m4G:qimLRbAKR54ZcIi-AbDR6bS6e3QjPhjfb14SX5JDF7s	2024-11-12 13:15:28.690772+00
ncyc0xt6q15p2ruqv9edwgccczn5epks	.eJxVjEEOwiAQRe_C2hAEylCX7nsGMjCDVA0kpV0Z765NutDtf-_9lwi4rSVsnZcwk7iIszj9bhHTg-sO6I711mRqdV3mKHdFHrTLqRE_r4f7d1Cwl29twOVReTIRLIBjHjNqo3XOWmlQSH5ASwxeJWVsHJCctp4VQc4WLYr3B9NQN9U:1tAYhe:k4ioq3FLePw7LA6OrMrmfhSbXoHHk16ZiQdma5uGuyA	2024-11-25 17:59:54.411423+00
2xbqndpb1j8h8pih61rxuegplekso4m9	.eJxVjEEOwiAQRe_C2hAEylCX7nsGMjCDVA0kpV0Z765NutDtf-_9lwi4rSVsnZcwk7iIszj9bhHTg-sO6I711mRqdV3mKHdFHrTLqRE_r4f7d1Cwl29twOVReTIRLIBjHjNqo3XOWmlQSH5ASwxeJWVsHJCctp4VQc4WLYr3B9NQN9U:1tD20D:jsfhlxiI0TAiIUwPsUAqZFiXrHO1Y2DIxFstOMrm9fI	2024-12-02 13:41:17.488408+00
\.


--
-- Data for Name: invoices_invoice; Type: TABLE DATA; Schema: public; Owner: postgres
--

COPY public.invoices_invoice (id, created_at, modified_at, is_client, serial, number, deadline, value, description, cancellation_to_id, cancelled_from_id, created_by_id, currency_id, modified_by_id, person_id, is_recurrent) FROM stdin;
46	2024-09-11 09:25:16.196601+00	2024-09-15 09:25:16.196601+00	f	??	???	2024-09-12	11.90	Beglaubigung - Kopie	\N	\N	1	1	1	108	f
52	2024-09-17 07:13:06.965652+00	2024-09-17 07:13:06.9657+00	t	RE	20	2024-09-16	85.00		\N	\N	1	1	1	208	f
34	2024-09-09 10:52:57.688167+00	2024-09-09 10:52:57.688167+00	t	RE	10	2024-09-09	308.00	Übersetzungen	\N	\N	1	1	1	55	f
21	2024-09-02 06:33:12.504482+00	2024-09-03 06:33:12.504482+00	t	RE	1	2024-09-03	60.00	Vollmacht - Geburtsurkunde	\N	\N	1	1	1	179	f
23	2024-09-04 04:43:36.302051+00	2024-09-04 04:43:36.310056+00	t	RE	3	2024-09-04	410.00		\N	\N	1	1	1	184	f
45	2024-09-05 09:27:03.869143+00	2024-09-15 09:27:03.869143+00	f	??	???	2024-09-05	11.90		\N	\N	1	1	1	108	f
36	2024-09-09 17:52:17.776345+00	2024-09-09 17:52:17.776388+00	t	RE	11	2024-09-10	100.00	Vollmacht -Vormund	\N	\N	1	1	1	193	f
27	2024-09-05 10:04:38.290794+00	2024-09-05 10:04:48.797126+00	f		1203-609722-6	2024-09-05	25.00		\N	\N	1	1	1	62	f
58	2024-09-19 10:17:15.92516+00	2024-09-19 10:17:15.92516+00	f		169/09/2024	2024-09-19	41.60		\N	\N	1	1	1	42	f
47	2024-09-04 09:39:47.237813+00	2024-09-15 09:39:47.237813+00	f	??	???	2024-09-04	10.00		\N	\N	1	1	1	206	f
22	2024-09-03 06:44:42.550733+00	2024-09-03 06:44:42.55959+00	t	RE	2	2024-09-03	100.00	Vollmacht - Auto	\N	\N	1	1	1	182	f
54	2024-09-18 15:06:39.477422+00	2024-09-18 15:06:39.483317+00	f	C147C08B	0050	2024-09-18	26.34		\N	\N	1	1	1	216	f
30	2024-09-05 11:31:41.614472+00	2024-09-05 11:31:41.622108+00	t	RE	8	2024-09-05	60.00		\N	\N	1	1	1	191	f
48	2024-09-10 09:43:27.787689+00	2024-09-15 09:43:27.787689+00	f	??	???	2024-09-10	30.00		\N	\N	1	1	1	207	f
24	2024-09-04 07:35:10.263106+00	2024-09-04 07:35:10.263106+00	t	RE	4	2024-09-04	90.00		\N	\N	1	1	1	181	f
26	2024-09-04 09:45:44.846058+00	2024-09-15 09:45:44.846058+00	f		6UEB/2024	2024-09-04	23.80		\N	\N	1	1	1	185	f
31	2024-09-06 06:35:49.171482+00	2024-09-06 06:35:49.180804+00	t	RE	9	2024-09-06	40.00		\N	\N	1	1	1	188	f
59	2024-09-18 10:19:09.227136+00	2024-09-19 10:19:09.227136+00	f		2024/02242/MA-A	2024-09-19	18.47	Buchhaltung September 2024	\N	\N	1	1	1	217	f
39	2024-09-10 10:37:44.684085+00	2024-09-11 10:37:44.684085+00	t	RE	14	2024-09-11	350.00		\N	\N	1	1	1	200	f
33	2024-09-09 09:36:26.601638+00	2024-09-09 09:36:34.509966+00	f		164/09/2024	2024-09-09	30.00		\N	\N	1	1	1	42	f
55	2024-09-18 15:26:14.421939+00	2024-09-18 15:26:14.421939+00	t	RE	22	2024-09-18	95.00		\N	\N	1	1	1	215	f
41	2024-09-12 12:08:06.547727+00	2024-09-12 12:08:06.558752+00	t	RE	16	2024-09-12	100.00		\N	\N	1	1	1	202	f
40	2024-09-12 07:35:34.540751+00	2024-09-12 07:35:34.540751+00	t	RE	15	2024-09-13	60.00		\N	\N	1	1	1	122	f
37	2024-09-09 17:54:03.070512+00	2024-09-09 17:54:03.07056+00	t	RE	12	2024-09-21	185.00		\N	\N	1	1	1	196	f
42	2024-09-13 11:28:42.245263+00	2024-09-13 11:28:52.631556+00	t	RE	17	2024-09-13	40.00		\N	\N	1	1	1	158	f
44	2024-09-15 09:16:31.130318+00	2024-09-15 09:16:31.130318+00	f		1203-609789-7	2024-09-15	25.00		\N	\N	1	1	1	62	f
56	2024-09-19 06:36:39.771951+00	2024-09-19 06:36:39.771951+00	t	RE	23	2024-09-19	70.00		\N	\N	1	1	1	218	f
38	2024-09-10 07:12:29.892908+00	2024-09-11 07:12:29.892908+00	t	RE	13	2024-09-11	299.00		\N	\N	1	1	1	194	f
50	2024-09-05 18:34:42.077048+00	2024-09-16 18:34:42.077048+00	f	??	???	2024-09-16	7.80		\N	\N	1	1	1	210	f
51	2024-09-17 07:11:42.676762+00	2024-09-17 07:11:42.682603+00	f	??	???	2024-09-17	8.99	SEPA	\N	\N	1	1	1	212	f
57	2024-09-11 08:20:52.353121+00	2024-09-19 08:20:52.353121+00	f	??	???	2024-09-11	9.90		\N	\N	1	1	1	210	f
53	2024-09-17 15:00:06.123404+00	2024-09-18 15:00:06.123404+00	t	RE	21	2024-09-18	70.00		\N	\N	1	1	1	209	f
28	2024-09-04 11:28:43.20451+00	2024-09-05 11:28:43.20451+00	t	RE	6	2024-09-05	100.00	Kostenträger: Cosmin-Beniamin Lingurar	\N	\N	1	1	1	192	f
64	2024-09-18 15:47:35.857979+00	2024-09-22 15:47:35.86569+00	f		00987/2024-39/24	2024-09-28	60.81		\N	\N	1	1	1	199	f
65	2024-09-23 09:51:28.304573+00	2024-09-23 09:51:28.310635+00	f	??	???	2024-09-28	2.70		\N	\N	1	1	1	210	f
66	2024-09-18 10:37:30.562965+00	2024-09-23 10:37:30.569787+00	f	-	-	2024-09-28	4.61		\N	\N	1	1	1	220	f
49	2024-09-16 18:01:38.755206+00	2024-09-16 18:01:49.570215+00	t	RE	19	2024-09-16	100.00		\N	\N	1	1	1	127	f
43	2024-09-13 12:21:02.079749+00	2024-09-13 12:21:02.079749+00	t	RE	18	2024-09-13	45.00	Führerschein	\N	\N	1	1	1	204	f
79	2024-09-30 06:40:19.157435+00	2024-10-01 06:40:19.166926+00	t	RE	38	2024-10-06	100.00		\N	\N	1	1	1	247	f
63	2024-09-19 09:11:27.043288+00	2024-09-20 09:11:27.043288+00	t	RE	27	2024-09-20	100.00		\N	\N	1	1	1	222	f
60	2024-09-19 10:41:22.290782+00	2024-09-19 10:41:22.301277+00	t	RE	24	2024-09-19	100.00		\N	\N	1	1	1	221	f
62	2024-09-19 17:27:29.566198+00	2024-09-19 17:27:29.566198+00	t	RE	26	2024-09-19	385.00		\N	\N	1	1	1	224	f
68	2024-09-26 07:39:33.764709+00	2024-09-26 07:39:33.76476+00	t	RE	29	2024-09-28	85.00		\N	\N	1	1	1	226	f
61	2024-09-19 12:11:38.295036+00	2024-09-19 12:11:38.305125+00	t	RE	25	2024-09-19	85.00		\N	\N	1	1	1	219	f
75	2024-09-27 08:48:29.501439+00	2024-09-27 08:48:29.510171+00	t	RE	34	2024-10-02	100.00		\N	\N	1	1	1	237	f
72	2024-08-31 08:51:51.12401+00	2024-09-26 08:52:04.437326+00	f	HR	2408-01	2024-10-01	536.00		\N	\N	1	1	1	162	f
25	2024-09-04 07:37:53.791721+00	2024-09-04 07:37:53.80116+00	t	RE	5	2024-09-04	240.00		\N	\N	1	1	1	178	f
73	2024-09-26 09:08:31.181016+00	2024-09-26 09:08:31.188565+00	t	RE	32	2024-10-01	20.00		\N	\N	1	1	1	230	f
71	2024-09-25 08:47:05.008831+00	2024-09-26 08:47:05.008831+00	f	HR	2409-01	2024-10-01	230.10		\N	\N	1	1	1	162	f
29	2024-09-05 11:30:35.864145+00	2024-09-05 11:30:45.664873+00	t	RE	7	2024-09-05	300.00		\N	\N	1	1	1	180	f
70	2024-09-26 07:45:31.443316+00	2024-09-26 07:45:31.453932+00	t	RE	31	2024-10-01	110.00		\N	\N	1	1	1	79	f
77	2024-09-30 11:40:08.437844+00	2024-09-30 11:40:08.437844+00	t	RE	36	2024-10-05	68.00		\N	\N	1	1	1	120	f
67	2024-09-24 06:46:25.619225+00	2024-09-24 06:46:25.619274+00	t	RE	28	2024-09-28	50.00		\N	\N	1	1	1	225	f
80	2024-10-01 08:01:18.46179+00	2024-10-01 08:01:18.473428+00	t	RE	39	2024-10-06	65.00		\N	\N	1	1	1	249	f
69	2024-09-26 07:41:01.783798+00	2024-09-26 07:41:01.783845+00	t	RE	30	2024-09-30	50.00		\N	\N	1	1	1	229	f
81	2024-10-01 09:05:11.477568+00	2024-10-01 09:05:11.484473+00	f		006/2024	2024-10-06	71.60		\N	\N	1	1	1	233	f
76	2024-09-30 11:28:18.275283+00	2024-09-30 11:28:18.275338+00	t	RE	35	2024-10-05	100.00		\N	\N	1	1	1	245	f
82	2024-10-02 08:07:11.909256+00	2024-10-08 08:07:11.920669+00	t	RE	40	2024-10-02	60.00		\N	\N	1	1	1	251	f
83	2024-10-08 05:31:05.944372+00	2024-10-09 05:31:05.953034+00	t	RE	41	2024-10-10	170.00		\N	\N	1	1	1	256	f
84	2024-10-09 05:35:08.644273+00	2024-10-09 05:35:08.652235+00	t	RE	42	2024-10-14	100.00		\N	\N	1	1	1	255	f
78	2024-09-30 11:42:38.896503+00	2024-09-30 11:42:43.450304+00	t	RE	37	2024-10-05	50.00		\N	\N	1	1	1	168	f
85	2024-10-09 05:36:34.965103+00	2024-10-09 05:36:34.965151+00	t	RE	43	2024-10-13	100.00		\N	\N	1	1	1	254	f
74	2024-09-26 09:18:39.697418+00	2024-09-26 09:18:39.707284+00	t	RE	33	2024-10-01	290.00		\N	\N	1	1	1	231	f
86	2024-10-09 13:45:43.02927+00	2024-10-09 13:45:43.037524+00	f	9101	12924 24 LG II	2024-10-14	25.00	9101 a E-F. 12924/24 LG II	\N	\N	1	1	1	259	f
119	2024-11-06 08:14:56.51685+00	2024-11-06 08:14:56.516894+00	t	RE	75	2024-11-10	98.00		\N	\N	1	1	1	301	f
117	2024-11-04 08:16:16.792168+00	2024-11-05 08:16:16.801346+00	t	RE	73	2024-11-10	45.00		\N	\N	1	1	1	296	f
90	2024-10-14 06:59:39.528143+00	2024-10-15 06:59:39.538664+00	t	RE	47	2024-10-20	170.00		\N	\N	1	1	1	264	f
100	2024-10-21 14:22:15.635841+00	2024-10-21 14:22:15.6359+00	t	RE	56	2024-10-26	30.00		\N	\N	1	1	1	280	f
103	2024-10-23 07:00:23.480771+00	2024-10-23 07:00:23.480825+00	t	RE	59	2024-10-23	80.00		\N	\N	1	1	1	277	f
124	2024-11-12 18:04:12.317594+00	2024-11-12 18:04:12.325309+00	t	RE	80	2024-11-17	220.00		\N	\N	1	1	1	311	f
101	2024-10-21 14:25:31.853462+00	2024-10-21 14:25:41.138668+00	t	RE	57	2024-10-26	550.00		\N	\N	1	1	1	168	f
123	2024-11-08 10:51:59.895099+00	2024-11-08 10:51:59.904256+00	t	RE	79	2024-11-13	185.00		\N	\N	1	1	1	304	f
105	2024-10-23 07:25:39.962836+00	2024-10-24 07:25:39.962836+00	t	RE	61	2024-10-27	80.00		\N	\N	1	1	1	283	f
96	2024-10-17 14:49:36.927732+00	2024-10-17 14:49:36.942544+00	t	RE	53	2024-10-22	95.00		\N	\N	1	1	1	275	f
89	2024-10-14 06:54:38.069244+00	2024-10-14 06:54:38.069244+00	t	RE	46	2024-10-16	75.00		\N	\N	1	1	1	257	f
93	2024-10-15 07:27:02.285428+00	2024-10-16 07:27:44.905764+00	t	RE	50	2024-10-21	150.00		\N	\N	1	1	1	111	f
88	2024-10-11 06:53:27.540377+00	2024-10-14 06:53:27.540377+00	t	RE	45	2024-10-16	95.00		\N	\N	1	1	1	263	f
91	2024-10-14 07:00:42.060531+00	2024-10-15 07:00:42.060531+00	t	RE	48	2024-10-19	50.00		\N	\N	1	1	1	267	f
129	2024-11-18 12:00:07.333749+00	2024-11-18 12:00:07.333799+00	t	RE	85	2024-11-18	100.00		\N	\N	1	1	1	312	f
87	2024-10-10 12:33:46.792215+00	2024-10-10 12:33:46.804761+00	t	RE	44	2024-10-15	170.00		\N	\N	1	1	1	260	f
94	2024-10-16 07:30:18.890486+00	2024-10-16 07:30:18.890531+00	t	RE	51	2024-10-20	170.00		\N	\N	1	1	1	268	f
112	2024-10-30 09:32:29.625437+00	2024-10-30 09:32:29.625491+00	t	RE	68	2024-11-03	135.00		\N	\N	1	1	1	296	f
99	2024-10-18 16:20:29.409766+00	2024-10-19 16:20:29.409766+00	t	RE	55	2024-10-20	80.00		\N	\N	1	1	1	269	f
111	2024-10-29 14:04:21.67161+00	2024-10-29 14:04:21.67161+00	t	RE	67	2024-11-03	50.00		\N	\N	1	1	1	163	f
125	2024-11-12 06:55:47.589819+00	2024-11-13 06:55:47.589819+00	t	RE	81	2024-11-16	100.00		\N	\N	1	1	1	307	f
106	2024-10-23 07:26:04.775209+00	2024-10-24 07:26:04.775209+00	t	RE	62	2024-10-28	100.00		\N	\N	1	1	1	286	f
113	2024-10-31 08:14:05.342139+00	2024-10-31 08:14:05.342179+00	t	RE	69	2024-11-02	260.00		\N	\N	1	1	1	295	f
92	2024-10-15 07:01:25.062015+00	2024-10-15 07:01:25.062064+00	t	RE	49	2024-10-19	95.00		\N	\N	1	1	1	265	f
126	2024-11-13 10:12:51.228945+00	2024-11-14 10:12:51.240992+00	t	RE	82	2024-11-19	50.00		\N	\N	1	1	1	194	f
95	2024-10-16 07:36:29.196447+00	2024-10-16 07:36:29.205747+00	t	RE	52	2024-10-21	85.00		\N	\N	1	1	1	270	f
98	2024-10-17 14:56:43.259529+00	2024-10-17 14:56:43.259594+00	t	RE	54	2024-10-22	85.00		\N	\N	1	1	1	274	f
118	2024-11-05 08:13:16.277114+00	2024-11-06 08:13:16.277114+00	t	RE	74	2024-11-10	80.00		\N	\N	1	1	1	300	f
107	2024-10-24 11:18:35.13779+00	2024-10-25 11:18:35.149233+00	t	RE	63	2024-10-30	70.00		\N	\N	1	1	1	289	f
108	2024-10-25 11:19:58.514902+00	2024-10-25 11:19:58.514953+00	t	RE	64	2024-10-29	55.00		\N	\N	1	1	1	288	f
102	2024-10-23 06:59:49.326752+00	2024-10-23 06:59:49.326801+00	t	RE	58	2024-10-27	30.00		\N	\N	1	1	1	280	f
104	2024-10-23 07:24:31.979278+00	2024-10-24 07:24:31.979278+00	t	RE	60	2024-10-29	50.00		\N	\N	1	1	1	169	f
127	2024-11-14 10:14:30.885547+00	2024-11-14 10:14:30.885595+00	t	RE	83	2024-11-17	30.00		\N	\N	1	1	1	277	f
109	2024-10-28 09:44:20.31136+00	2024-10-28 09:44:20.311411+00	t	RE	65	2024-10-30	100.00		\N	\N	1	1	1	291	f
110	2024-10-28 15:10:11.622019+00	2024-10-28 15:10:11.622071+00	t	RE	66	2024-11-01	150.00		\N	\N	1	1	1	293	f
114	2024-10-31 15:06:12.23338+00	2024-10-31 15:06:12.24202+00	t	RE	70	2024-11-05	180.00		\N	\N	1	1	1	298	f
115	2024-10-31 07:14:00.271444+00	2024-11-01 07:14:00.271444+00	t	RE	71	2024-11-05	120.00		\N	\N	1	1	1	299	f
116	2024-11-01 07:14:33.207613+00	2024-11-01 07:14:33.207669+00	t	RE	72	2024-11-05	120.00		\N	\N	1	1	1	297	f
121	2024-11-08 10:50:02.397331+00	2024-11-08 10:50:02.397401+00	t	RE	77	2024-11-12	95.00		\N	\N	1	1	1	302	f
122	2024-11-08 10:50:09.969926+00	2024-11-08 10:50:09.969978+00	t	RE	78	2024-11-12	50.00		\N	\N	1	1	1	303	f
128	2024-11-14 13:41:27.4946+00	2024-11-14 13:41:27.49466+00	t	RE	84	2024-11-17	95.00		\N	\N	1	1	1	310	f
120	2024-11-07 14:10:17.748669+00	2024-11-07 14:10:17.748669+00	t	RE	76	2024-11-12	80.00		\N	\N	1	1	1	55	f
134	2024-11-19 15:41:05.521891+00	2024-11-19 15:41:05.53145+00	t	RE	90	2024-11-24	110.00		\N	\N	1	1	1	320	f
136	2024-11-25 09:45:00.109527+00	2024-11-25 09:45:00.109579+00	t	RE	92	2024-10-29	100.00		\N	\N	1	1	1	287	f
130	2024-11-18 12:34:26.537332+00	2024-11-18 12:34:26.546273+00	t	RE	86	2024-11-23	100.00		\N	\N	1	1	1	317	f
132	2024-11-19 15:38:07.628456+00	2024-11-19 15:38:07.628531+00	t	RE	88	2024-11-24	70.00		\N	\N	1	1	1	318	f
133	2024-11-19 15:38:45.020051+00	2024-11-19 15:38:45.020097+00	t	RE	89	2024-11-24	152.00		\N	\N	1	1	1	301	f
131	2024-11-19 12:17:09.90087+00	2024-11-19 12:17:09.90096+00	t	RE	87	2024-11-24	100.00		\N	\N	1	1	1	318	f
135	2024-11-22 07:40:18.931119+00	2024-11-22 07:40:18.931178+00	t	RE	91	2024-11-26	170.00		\N	\N	1	1	1	322	f
\.


--
-- Data for Name: invoices_invoiceelement; Type: TABLE DATA; Schema: public; Owner: postgres
--

COPY public.invoices_invoiceelement (id, element_id, invoice_id) FROM stdin;
105	311	50
106	312	50
107	313	51
108	304	52
109	305	52
110	306	52
111	307	53
112	308	53
113	309	53
114	320	54
115	317	55
116	322	56
117	323	56
118	327	57
121	318	58
122	319	58
123	321	59
124	329	60
125	324	61
126	325	61
127	326	61
128	333	62
129	330	63
130	331	63
131	332	63
35	247	21
36	248	21
37	255	22
38	256	22
39	257	22
40	261	23
41	251	24
42	252	24
43	253	24
44	254	25
45	264	26
47	265	27
48	268	28
49	269	28
50	270	28
51	249	29
53	267	30
54	263	31
59	277	33
65	274	34
66	275	34
67	276	34
71	271	36
72	272	36
73	273	36
74	282	37
75	278	38
76	279	38
77	280	38
78	281	38
79	285	39
80	286	39
81	287	39
82	288	39
86	291	40
87	292	40
88	293	41
89	294	41
92	295	42
93	296	43
95	298	44
96	299	45
97	300	46
98	301	47
99	302	48
104	310	49
132	339	64
133	340	64
134	341	64
135	342	64
136	343	64
137	344	64
138	347	65
139	328	66
140	345	67
141	346	67
142	348	68
143	350	69
144	79	70
145	80	70
146	223	71
148	351	71
149	352	71
150	353	71
152	354	72
153	355	72
154	356	72
155	357	73
156	358	74
157	359	75
158	360	75
159	361	75
160	368	76
161	369	76
162	370	76
164	362	77
166	363	78
167	373	79
168	374	79
169	375	79
170	376	80
171	377	80
172	367	81
173	378	81
174	379	81
175	380	82
176	381	82
177	385	83
178	386	83
179	387	83
180	388	83
181	389	84
182	382	85
183	383	85
184	384	85
185	392	86
186	393	87
187	394	87
188	395	87
189	396	87
190	397	88
191	398	88
192	399	88
193	390	89
194	391	89
195	400	90
196	401	90
197	402	90
198	403	90
199	408	91
200	404	92
201	405	92
202	406	92
204	416	93
205	409	94
206	410	94
207	411	94
208	412	94
209	417	95
210	418	95
211	419	95
212	423	96
213	424	96
214	425	96
218	420	98
219	421	98
220	422	98
221	413	99
222	414	99
223	415	99
224	428	100
226	429	101
227	433	102
228	426	103
229	427	103
231	437	104
232	430	105
233	431	105
234	434	106
235	435	106
236	436	106
237	442	107
238	441	108
239	443	109
240	444	109
241	445	109
242	450	110
246	456	111
247	455	112
248	452	113
249	453	113
250	454	113
251	458	114
252	459	115
253	457	116
254	460	117
255	461	118
256	462	118
257	463	118
258	464	119
264	465	120
265	466	121
266	468	122
267	469	123
268	476	124
269	470	125
270	471	125
271	472	125
272	473	126
273	474	127
274	475	128
275	477	129
276	478	129
277	479	129
278	486	130
279	487	130
280	488	130
281	490	131
282	491	131
283	492	131
284	498	132
285	499	132
286	489	133
287	496	134
288	497	134
289	500	135
290	501	135
291	502	135
292	438	136
293	439	136
294	440	136
\.


--
-- Data for Name: invoices_proforma; Type: TABLE DATA; Schema: public; Owner: postgres
--

COPY public.invoices_proforma (id, created_at, modified_at, is_client, serial, number, deadline, value, description, created_by_id, currency_id, invoice_id, modified_by_id, person_id) FROM stdin;
1	2024-09-05 16:53:22.259685+00	2024-09-05 16:56:11.733334+00	t	PRO	1	2024-09-10	100.00	Vollmacht -Vormund	1	1	36	1	193
2	2024-09-09 17:36:03.815566+00	2024-09-09 17:36:16.908951+00	t	PRO	2	2024-09-21	185.00		1	1	37	1	196
3	2024-09-16 16:23:51.096013+00	2024-09-16 16:23:51.096062+00	t	PRO	3	2024-09-16	85.00		1	1	52	1	208
4	2024-09-18 15:23:51.924397+00	2024-09-18 15:23:51.924453+00	t	PRO	4	2024-09-18	95.00		1	1	55	1	215
5	2024-09-18 15:55:05.250657+00	2024-09-18 15:55:05.250711+00	t	PRO	5	2024-09-18	70.00		1	1	56	1	218
7	2024-09-23 06:38:29.722024+00	2024-09-23 06:38:29.722079+00	t	PRO	7	2024-09-28	50.00		1	1	67	1	225
8	2024-09-23 14:00:47.698146+00	2024-09-23 14:00:47.698199+00	t	PRO	8	2024-09-28	85.00		1	1	68	1	226
9	2024-09-25 09:56:42.471389+00	2024-09-25 09:56:42.471436+00	t	PRO	9	2024-09-30	50.00		1	1	69	1	229
10	2024-09-30 11:10:39.249117+00	2024-09-30 11:10:39.249201+00	t	PRO	10	2024-10-05	100.00		1	1	76	1	245
26	2024-10-24 09:46:21.003357+00	2024-10-24 09:46:21.003401+00	t	PRO	26	2024-10-29	55.00		1	1	108	1	288
12	2024-10-08 05:54:02.959684+00	2024-10-08 05:54:02.959731+00	t	PRO	12	2024-10-13	100.00		1	1	85	1	254
14	2024-10-11 09:46:22.335029+00	2024-10-11 09:46:22.335084+00	t	PRO	14	2024-10-16	95.00		1	1	88	1	263
13	2024-10-11 09:34:31.287384+00	2024-10-11 09:34:31.287432+00	t	PRO	13	2024-10-16	75.00		1	1	89	1	257
46	2024-11-19 14:26:38.868949+00	2024-11-19 14:26:38.868997+00	t	PRO	46	2024-11-24	70.00		1	1	132	1	318
16	2024-10-14 14:03:20.879942+00	2024-10-14 14:03:20.880002+00	t	PRO	16	2024-10-19	50.00		1	1	91	1	267
15	2024-10-14 10:42:25.177456+00	2024-10-14 10:42:25.177508+00	t	PRO	15	2024-10-19	95.00		1	1	92	1	265
11	2024-10-02 08:32:58+00	2024-10-02 08:32:58+00	t	PRO	11	2024-10-07	60.00	\N	1	1	82	1	251
6	2024-09-19 13:59:33+00	2024-09-19 14:01:30+00	t	PRO	6	2024-09-30	100.00	\N	1	1	63	1	222
28	2024-10-27 17:37:12.37624+00	2024-10-28 07:21:36.150544+00	t	PRO	28	2024-11-01	260.00		1	1	\N	1	292
27	2024-10-25 08:20:06.464769+00	2024-10-25 08:20:06.464815+00	t	PRO	27	2024-10-30	100.00		1	1	109	1	291
17	2024-10-15 07:55:26.007592+00	2024-10-15 07:55:26.007644+00	t	PRO	17	2024-10-20	170.00		1	1	94	1	268
43	2024-11-19 09:21:14.499831+00	2024-11-19 09:33:55.286632+00	t	PRO	43	2024-11-24	152.00		1	1	133	1	301
19	2024-10-17 08:24:42.500463+00	2024-10-17 08:24:42.50051+00	t	PRO	19	2024-10-22	85.00		1	1	98	1	274
38	2024-11-11 18:07:56.436305+00	2024-11-11 18:07:56.436352+00	t	PRO	38	2024-11-16	100.00		1	1	125	1	307
18	2024-10-15 09:51:34.270674+00	2024-10-15 09:51:34.270717+00	t	PRO	18	2024-10-20	80.00		1	1	99	1	269
29	2024-10-27 17:49:10.643664+00	2024-10-28 15:09:39.504443+00	t	PRO	29	2024-11-01	150.00		1	1	110	1	293
21	2024-10-21 12:32:47.526439+00	2024-10-21 12:32:47.526486+00	t	PRO	21	2024-10-26	30.00		1	1	100	1	280
23	2024-10-22 14:35:07.431838+00	2024-10-22 14:35:07.431891+00	t	PRO	23	2024-10-27	30.00		1	1	102	1	280
20	2024-10-18 08:29:06.772323+00	2024-10-18 08:29:06.772376+00	t	PRO	20	2024-10-23	80.00		1	1	103	1	277
31	2024-10-29 13:58:21.377535+00	2024-10-29 13:58:21.377587+00	t	PRO	31	2024-11-03	135.00		1	1	112	1	296
22	2024-10-22 11:51:32.45578+00	2024-10-22 12:09:43.784187+00	t	PRO	22	2024-10-27	80.00		1	1	105	1	283
24	2024-10-23 07:38:34.833365+00	2024-10-23 07:38:34.83341+00	t	PRO	24	2024-10-28	100.00		1	1	106	1	286
30	2024-10-28 16:19:27.36678+00	2024-10-28 16:19:27.366834+00	t	PRO	30	2024-11-02	260.00		1	1	113	1	295
33	2024-10-31 13:28:26.209578+00	2024-10-31 13:28:26.209666+00	t	PRO	33	2024-11-05	120.00		1	1	115	1	299
32	2024-10-31 08:21:53.241813+00	2024-10-31 08:21:53.241869+00	t	PRO	32	2024-11-05	120.00		1	1	116	1	297
34	2024-11-05 08:27:48.02351+00	2024-11-05 08:27:48.023556+00	t	PRO	34	2024-11-10	80.00		1	1	118	1	300
35	2024-11-05 15:34:45.388506+00	2024-11-05 15:34:45.388559+00	t	PRO	35	2024-11-10	98.00		1	1	119	1	301
42	2024-11-13 09:21:57.270835+00	2024-11-13 09:22:19.646343+00	t	PRO	42	2024-11-18	270.00		1	1	\N	1	67
39	2024-11-12 10:44:09.726009+00	2024-11-12 10:44:09.726055+00	t	PRO	39	2024-11-17	30.00		1	1	127	1	277
36	2024-11-07 14:28:01.189894+00	2024-11-07 14:28:01.189941+00	t	PRO	36	2024-11-12	95.00		1	1	121	1	302
37	2024-11-07 14:35:18.865671+00	2024-11-07 14:35:18.86572+00	t	PRO	37	2024-11-12	50.00		1	1	122	1	303
40	2024-11-12 17:55:47.614681+00	2024-11-12 17:55:47.614731+00	t	PRO	40	2024-11-17	95.00		1	1	128	1	310
41	2024-11-13 08:40:16.476658+00	2024-11-13 08:40:16.476705+00	t	PRO	41	2024-11-18	100.00		1	1	129	1	312
47	2024-11-21 09:20:20.860577+00	2024-11-21 12:24:14.433329+00	t	PRO	47	2024-11-26	170.00		1	1	135	1	322
45	2024-11-19 11:26:24.374552+00	2024-11-19 11:26:24.374599+00	t	PRO	45	2024-11-24	100.00		1	1	\N	1	319
44	2024-11-19 10:18:26.569076+00	2024-11-19 10:18:26.569118+00	t	PRO	44	2024-11-24	100.00		1	1	131	1	318
48	2024-11-25 09:39:55.342353+00	2024-11-25 09:39:55.342415+00	t	PRO	48	2024-11-30	50.00		1	1	\N	1	324
25	2024-10-24 08:52:23.30234+00	2024-10-24 08:52:23.302389+00	t	PRO	25	2024-10-29	100.00		1	1	136	1	287
49	2024-11-26 07:33:18.387268+00	2024-11-26 07:33:18.38732+00	t	PRO	49	2024-12-01	100.00		1	1	\N	1	318
\.


--
-- Data for Name: invoices_proformaelement; Type: TABLE DATA; Schema: public; Owner: postgres
--

COPY public.invoices_proformaelement (id, element_id, proforma_id) FROM stdin;
1	271	1
2	272	1
3	273	1
4	282	2
5	304	3
6	305	3
7	306	3
8	317	4
9	322	5
10	323	5
11	330	6
12	331	6
13	332	6
14	345	7
15	346	7
16	348	8
17	350	9
18	368	10
19	369	10
20	370	10
21	380	11
22	381	11
23	382	12
24	383	12
25	384	12
26	390	13
27	391	13
28	397	14
29	398	14
30	399	14
31	404	15
32	405	15
33	406	15
34	408	16
35	409	17
36	410	17
37	411	17
38	412	17
39	413	18
40	414	18
41	415	18
42	420	19
43	421	19
44	422	19
45	426	20
46	427	20
47	428	21
48	430	22
51	431	22
52	433	23
53	434	24
54	435	24
55	436	24
56	438	25
57	439	25
58	440	25
59	441	26
60	443	27
61	444	27
62	445	27
63	446	28
64	447	28
67	450	29
69	449	28
70	452	30
71	453	30
72	454	30
73	455	31
74	457	32
75	459	33
76	461	34
77	462	34
78	463	34
79	464	35
80	466	36
81	468	37
82	470	38
83	471	38
84	472	38
85	474	39
86	475	40
87	477	41
88	478	41
89	479	41
93	480	42
94	482	42
95	483	42
96	484	42
97	489	43
98	490	44
99	491	44
100	492	44
101	493	45
102	494	45
103	495	45
104	498	46
105	499	46
106	500	47
107	501	47
109	502	47
110	503	48
111	504	49
112	505	49
113	506	49
\.


--
-- Data for Name: orders_offer; Type: TABLE DATA; Schema: public; Owner: postgres
--

COPY public.orders_offer (id, created_at, modified_at, deadline, serial, number, value, description, created_by_id, currency_id, modified_by_id, order_id, person_id, status_id) FROM stdin;
2	2024-09-10 08:39:55.065075+00	2024-09-10 08:43:24.435097+00	2024-10-10 08:39:00+00	A	2	380.00		1	1	1	\N	198	1
13	2024-11-12 11:55:45.266131+00	2024-11-12 12:07:36.675475+00	2024-12-31 11:55:00+00	A	13	1224.00		1	1	1	\N	309	1
14	2024-11-13 14:19:09.956164+00	2024-11-13 14:19:59.778418+00	2024-12-31 14:18:00+00	A	14	150.00		1	1	1	\N	313	1
4	2024-09-25 06:03:32.686593+00	2024-09-25 06:08:17.010843+00	2024-10-31 07:03:00+00	A	4	490.00		1	1	1	\N	228	1
9	2024-10-17 06:20:02.338626+00	2024-11-25 14:59:27.072786+00	2024-12-31 07:19:00+00	A	9	180.00		1	1	1	\N	273	1
5	2024-09-27 13:52:15.220402+00	2024-09-27 13:52:51.453371+00	2024-10-30 14:51:00+00	A	5	280.00		1	1	1	\N	242	1
6	2024-09-30 08:34:50.906117+00	2024-09-30 08:44:26.307852+00	2024-10-31 09:33:00+00	A	6	270.00		1	1	1	\N	244	1
7	2024-10-02 16:50:30.352989+00	2024-10-02 17:00:16.753617+00	2024-10-31 17:50:00+00	A	7	630.00		1	1	1	\N	252	1
8	2024-10-02 17:19:13.826018+00	2024-10-02 17:24:55.623246+00	2024-10-31 18:19:00+00	A	8	175.00		1	1	1	\N	253	1
3	2024-09-14 06:45:29.663676+00	2024-10-31 09:06:02.99069+00	2024-10-14 06:43:00+00	A	3	580.00		1	1	1	\N	205	1
1	2024-09-09 11:21:28.316358+00	2024-10-04 09:49:37.870783+00	2024-10-31 12:21:00+00	A	1	835.00		1	1	1	\N	195	1
10	2024-10-18 11:32:45.661724+00	2024-10-18 11:36:50.846207+00	2024-11-18 12:32:00+00	A	10	290.00		1	1	1	\N	279	1
12	2024-11-08 17:10:21.494755+00	2024-11-11 09:58:54.472076+00	2024-12-15 17:10:00+00	A	12	190.00		1	1	1	\N	306	1
11	2024-10-22 11:18:40.385931+00	2024-10-25 10:12:48.639104+00	2024-11-22 12:18:00+00	A	11	795.00		1	1	1	\N	282	1
\.


--
-- Data for Name: orders_offerelement; Type: TABLE DATA; Schema: public; Owner: postgres
--

COPY public.orders_offerelement (id, description, quantity, price, offer_id, service_id, um_id) FROM stdin;
6	Ukrainisch - Deutsch (3 Zeugnisse, jeweils mit Noten-Übersicht)	1	380.00	2	1	1
8	Ukrainisch - Deutsch (Diplom Urkunde + Anhang / Zeugnis Schulabschluss Standard)	1	490.00	4	1	1
9	Ukrainisch - Deutsch (Magister-Diplom mit Anhang; Geburtsurkunde; Registerauszug zur Namensführung)	1	280.00	5	1	1
10	Ukrainisch - Deutsch (Diplom mit Anhang -2 Seiten, und Zeugnis Schulabschluss mit Anhang Noten)	1	270.00	6	1	1
12	Englisch-Deutsch (1 Empfehlungsschreiben)	1	45.00	7	1	1
7	Ukrainisch - Deutsch (Geburtsurkunde handschr. + Eheurkunde)	1	50.44	3	1	1
11	Rumänisch-Deutsch (1 Zertifikat, 6 Diplome, 1 Empfehlungsschreiben, 5 Diplom- Zertifikatszusatz	13	45.00	7	1	1
13	Ukrainisch - Deutsch (Diplom mit Anhang)	1	175.00	8	1	1
25	Ukrainisch - Deutsch (Zeugnis 2001 + Apostille, Anhang Zeugnis + Zeugnis 2001 + Apostille)	1	226.98	3	1	1
1	Ukrainisch-Deutsch (Zeugnis 9.Klasse mit Anhang Noten, Zeugnis 11. Klasse mit Anhang Noten, Arbeitsbuch 7 Seiten, Bachelor Diplom: Urkunde und Anhang 8 Seiten, Magister-Diplom)	1	835.00	1	1	1
15	Ukrainisch - Deutsch (Bachelor-Diplom mit 7 Seiten Anhang, Juniorspezialist-Diplom)	1	290.00	10	1	1
26	Ukrainisch - Deutsch (Juniorspez.-Diplom 2004 + Apostille)	1	50.44	3	1	1
28	Ukrainisch - Deutsch (Arbeitsbuch 5 Seiten)	1	126.00	3	6	1
27	Ukrainisch - Deutsch (Anhang Zeugnis + Juniorspez.-Diplom 2004 + Apostille)	1	126.14	3	1	1
29	Ukrainisch - Deutsch (2 Atest, 1 Anlage)	1	190.00	12	1	1
30	Ukrainisch - Deutsch (Spezialist-Diplom 1994, Urkunde + Apostille, Anhang zum Spez.-Diplom + Apostille)	1	815.94	13	1	1
31	Ukrainisch - Deutsch (Facharztzertifikat 1997 Kinderchirurgie + Apostille, Facharztzertifikat 2010 Orthopädie/Traumatologie + Apostille, Facharztzertifikat 2013 Sportmedizin, Facharztzertifikat 2018 Sportmedizin + Apostille)	1	317.31	13	1	1
32	Ukrainisch - Deutsch (Fortbildungsbescheinigung 2012-13, Fortbildungsbescheinigung 2018)	1	90.75	13	1	1
33	Ukrainisch - Deutsch (Diplom und Anhang Noten)	1	150.00	14	1	1
14	Ukrainisch - Deutsch (Arbeitszeugnis und Arbeitsbuch)	1	180.00	9	1	1
16	Ukrainisch - Deutsch (Geburtsurkunde und Eheurkunde mit Zusatzstempel Rückseite)	1	140.00	11	1	1
17	Ukrainisch - Deutsch (Zeugnis Schulabschluss 1992 und Juniorspezialist-Diplom mit Anhang Noten)	1	165.00	11	1	1
20	Ukrainisch - Deutsch (Bescheinigung der Universität für Radioelektronik und Archivbescheinigung der Universität für Radioelektronik)	1	240.00	11	1	1
24	Ukrainisch - Deutsch (Bescheinigung Kurs Buchhaltung 2005)	1	80.00	11	1	1
18	Ukrainisch - Deutsch (Bachelor-Diplom mit Anhang Noten und Spezialist-Diplom mit Anhang Noten)	1	170.00	11	1	1
\.


--
-- Data for Name: orders_order; Type: TABLE DATA; Schema: public; Owner: postgres
--

COPY public.orders_order (id, created_at, modified_at, is_client, deadline, serial, number, value, description, created_by_id, currency_id, modified_by_id, person_id, status_id) FROM stdin;
34	2024-06-13 14:54:26.087044+00	2024-06-13 14:55:29.963314+00	f	2024-06-13 14:54:00+00	P	8	25.00	Apostille - Lohnsteuerbescheinigung	1	1	1	62	5
40	2024-06-18 11:52:20.895083+00	2024-06-19 11:45:36.84781+00	t	2024-06-18 11:52:00+00	B	32	75.00	Vollmacht - Geburtsurkunde	1	1	1	72	5
41	2024-06-19 06:55:07.276376+00	2024-06-21 07:58:36.976445+00	t	2024-06-19 06:55:00+00	B	33	140.00	Vollmacht - Reisetitel und  Vollmacht - Pässe und Geburtsurkunden	1	1	1	75	5
36	2024-06-17 07:36:17.175945+00	2024-06-17 11:52:33.668121+00	t	2024-06-17 07:36:00+00	B	28	75.00	Einverständniserklärung für Minderjährige	1	1	1	65	5
39	2024-06-17 08:16:45.699385+00	2024-06-17 14:17:04.692544+00	t	2024-06-17 08:16:00+00	B	31	75.00	Vollmacht - Auto	1	1	1	68	5
9	2024-05-28 06:49:54.234632+00	2024-06-03 13:42:33.824257+00	t	2024-05-28 06:49:00+00	B	7	45.00	Ledigkeitsbescheinigung	1	1	1	30	5
20	2024-06-06 10:43:43.740593+00	2024-06-07 07:29:10.663496+00	f	2024-06-06 10:43:43.736906+00	P	6	110.00	Anlage zu Diplom	1	1	1	42	5
38	2024-06-17 08:07:00.110876+00	2024-06-18 11:53:36.822724+00	t	2024-06-17 08:07:00+00	B	30	75.00	Einverständniserklärung für Minderjährige	1	1	1	67	5
19	2024-06-06 10:37:49.418154+00	2024-06-07 07:29:28.024233+00	t	2024-06-06 10:37:49.414904+00	B	14	175.00	Anlage zu Diplom	1	1	1	41	5
1	2024-05-23 08:13:31.267949+00	2024-05-29 06:27:44.948134+00	t	2024-05-30 12:13:00+00	B	1	75.00	Vollmacht - Verkauf des Autos	1	1	1	1	5
10	2024-05-28 08:24:56.094284+00	2024-06-03 13:42:54.616582+00	f	2024-05-28 08:24:00+00	P	3	15.00	Ledigkeitsbescheinigung	1	1	1	24	5
33	2024-06-13 14:48:06.455012+00	2024-06-18 13:39:24.334365+00	t	2024-06-13 14:48:00+00	B	26	100.00	2 Geburtsurkunden	1	1	1	23	5
28	2024-06-10 13:19:05.494141+00	2024-06-18 13:40:51.50485+00	f	2024-06-10 13:19:00+00	P	7	90.00	5 Geburtsurkunden und 1 Heiratsurkunde	1	1	1	24	5
37	2024-06-17 07:49:41.45367+00	2024-06-19 06:49:06.083397+00	t	2024-06-17 07:49:00+00	B	29	75.00	Einverständniserklärung für Minderjährige	1	1	1	66	5
105	2024-08-06 09:00:45.566108+00	2024-08-06 15:13:04.78373+00	t	2024-08-06 11:00:00+00	B	83	55.00	Einverständniserklärung für Minderjährige	1	1	1	143	5
6	2024-05-27 10:19:10.427717+00	2024-05-29 12:04:38.335677+00	f	2024-05-27 20:30:00+00	P	1	30.00	Certificate Alexa si Timofte - colationare	1	1	1	24	5
32	2024-06-13 11:07:20.859281+00	2024-07-12 09:50:41.564058+00	t	2024-06-13 11:07:00+00	B	25	40.00	Urteil - Auzug	1	1	1	61	5
8	2024-05-27 12:20:16.902559+00	2024-05-29 12:05:39.29427+00	f	2024-05-28 12:20:00+00	P	2	15.00	Certificat Aostacioae - colationare	1	1	1	24	5
25	2024-06-07 13:36:57.232706+00	2024-06-24 05:21:47.576274+00	t	2024-06-07 13:36:00+00	B	19	210.00	2 Protokolle	1	1	1	47	5
14	2024-06-03 07:35:24.062323+00	2024-06-24 05:22:16.307584+00	t	2024-06-10 08:00:00+00	B	10	185.00	Urteil	1	1	1	36	5
27	2024-06-10 13:17:28.403049+00	2024-06-24 05:29:54.068694+00	t	2024-06-10 13:17:00+00	B	21	270.00	5 Geburtsurkunden und 1 Heiratsurkunde	1	1	1	53	5
4	2024-05-25 09:38:25.891155+00	2024-05-27 08:51:18.899165+00	t	2024-05-30 09:40:00+00	B	4	70.50	Vollmacht - Anwalt	1	1	1	16	5
2	2024-05-23 10:17:31.908629+00	2024-05-27 08:51:34.857672+00	t	2024-05-30 14:17:00+00	B	2	75.00		1	1	1	8	5
16	2024-06-05 12:00:37.541394+00	2024-06-11 16:22:21.308919+00	f	2024-06-05 12:00:00+00	P	5	190.00	Urteil, Diplom mit Anlage zum Diplom	1	1	1	24	5
23	2024-06-06 11:11:51.676478+00	2024-06-11 16:25:16.695867+00	t	2024-06-06 11:11:00+00	B	17	0.00	Vollmacht - Ausweis und Reisepass	1	1	1	45	6
5	2024-05-27 09:35:45.966838+00	2024-05-30 06:04:38.906579+00	t	2024-05-28 07:30:00+00	B	5	100.00	2 Geburtsurkunden	1	1	1	23	5
18	2024-06-06 09:09:32.242364+00	2024-06-10 10:26:25.98003+00	t	2024-06-14 09:09:00+00	B	13	125.00	Erklärung und Vollmacht - Pässe	1	1	1	40	5
17	2024-06-06 05:01:29.706774+00	2024-06-10 10:48:18.018457+00	t	2024-06-06 05:01:00+00	B	12	75.00	Vollmacht -  Einschulung	1	1	1	39	5
7	2024-05-27 10:44:09.345975+00	2024-05-30 06:04:53.891901+00	t	2024-05-28 10:44:00+00	B	6	40.00		1	1	1	25	5
45	2024-06-25 05:54:49.848294+00	2024-06-26 07:38:35.562324+00	t	2024-06-25 05:54:00+00	B	37	75.00	Einverständniserklärung für Minderjährige	1	1	1	81	5
21	2024-06-06 10:55:58.394973+00	2024-06-10 11:11:07.400018+00	t	2024-06-06 10:55:00+00	B	15	60.00	Erklärung	1	1	1	43	5
46	2024-06-25 15:42:15.555282+00	2024-06-26 07:47:12.60917+00	t	2024-06-25 15:42:00+00	B	38	100.00	Vollmacht Kennzeichnen	1	1	1	82	5
44	2024-06-24 13:45:52.671747+00	2024-06-27 03:20:13.344673+00	t	2024-06-24 13:45:00+00	B	36	75.00	Einverständniserklärung für Minderjährige	1	1	1	80	5
22	2024-06-06 11:06:22.885915+00	2024-06-10 11:55:52.580903+00	t	2024-06-06 11:06:00+00	B	16	75.00	Vollmacht - Vertretung	1	1	1	44	5
42	2024-06-24 05:18:52.627342+00	2024-06-27 03:20:43.454178+00	t	2024-06-24 05:18:00+00	B	34	58.00	Geburtsurkunde	1	1	1	78	5
3	2024-05-24 07:52:17.612736+00	2024-05-30 06:15:29.175952+00	t	2024-05-30 13:50:00+00	B	3	75.00		1	1	1	14	5
30	2024-06-11 07:57:36.256718+00	2024-06-13 06:32:22.008703+00	t	2024-06-11 07:57:00+00	B	23	110.00	Vollmacht zur Vertretung bei der Scheidung	1	1	1	55	5
31	2024-06-12 06:44:05.801457+00	2024-06-13 06:32:52.377936+00	t	2024-06-12 06:44:00+00	B	24	115.00	2 Einverständniserklärungen für Minderjährige	1	1	1	57	5
12	2024-05-30 06:02:38.307496+00	2024-05-31 04:55:24.300171+00	t	2024-05-30 12:30:00+00	B	9	50.00	Bankkarte beantragen	1	1	1	35	5
13	2024-05-30 06:16:35.01371+00	2024-05-31 04:55:33.387982+00	f	2024-05-30 12:30:00+00	P	4	50.00	Bankkarte beantragen	1	1	1	31	5
11	2024-05-29 20:44:23.2786+00	2024-05-31 04:56:32.013103+00	t	2024-05-30 07:00:00+00	B	8	0.00	Einverständniserklärung für Minderjährige	1	1	1	34	6
49	2024-06-27 12:11:49.949364+00	2024-07-01 05:43:08.827406+00	t	2024-06-27 12:11:00+00	B	41	185.00	Begründung	1	1	1	88	5
29	2024-06-11 07:53:34.100196+00	2024-06-13 09:03:12.259722+00	t	2024-06-11 07:53:00+00	B	22	70.00	Vollmacht zur Vertretung in der Erbfolge	1	1	1	54	5
15	2024-06-03 13:39:43.472904+00	2024-06-11 13:56:12.312081+00	t	2024-06-03 13:39:00+00	B	11	220.00	Diplom und Anlage zum Diplom	1	1	1	37	5
26	2024-06-07 13:49:40.887871+00	2024-06-11 13:56:37.447573+00	t	2024-06-07 13:49:00+00	B	20	55.00	Führungszeugnis	1	1	1	48	5
24	2024-06-07 13:32:42.592406+00	2024-06-11 14:07:31.763896+00	t	2024-06-07 13:32:00+00	B	18	90.00	2 Geburtsurkunden	1	1	1	46	5
35	2024-06-14 06:04:27.565853+00	2024-06-14 10:31:55.814884+00	t	2024-06-18 06:04:00+00	B	27	100.00	Urteil - Auzug	1	1	1	63	5
51	2024-07-01 06:57:00.187088+00	2024-07-01 13:00:11.9521+00	t	2024-07-01 06:57:00+00	B	43	75.00	Einverständniserklärung für Minderjährige	1	1	1	92	5
47	2024-06-27 11:00:18.554037+00	2024-07-01 15:46:53.095366+00	t	2024-06-27 11:00:00+00	B	39	75.00	Einverständniserklärung für Minderjährige	1	1	1	86	5
50	2024-07-01 06:43:42.066708+00	2024-07-01 15:47:47.772205+00	t	2024-07-01 06:43:00+00	B	42	75.00	Einverständniserklärung für Minderjährige	1	1	1	91	5
52	2024-07-02 10:35:46.834648+00	2024-07-02 10:36:47.40407+00	f	2024-07-02 10:35:00+00	P	9	17.85	Empfehlungsschreiben	1	1	1	89	5
48	2024-06-27 11:34:11.659224+00	2024-07-06 05:43:58.163106+00	t	2024-06-27 11:34:00+00	B	40	70.00	Empfehlungsschreiben	1	1	1	87	5
109	2024-08-08 11:37:21.360167+00	2024-08-12 10:38:30.41859+00	t	2024-08-15 11:37:00+00	B	87	50.00	Geburtsurkunde	1	1	1	147	5
61	2024-07-09 10:41:39.495363+00	2024-07-10 06:30:13.707731+00	t	2024-07-09 10:41:00+00	B	49	0.00	Vollmacht - Anwalt	1	1	1	99	6
59	2024-07-09 08:44:15.543113+00	2024-07-17 08:08:05.812307+00	t	2024-07-09 08:44:00+00	B	48	125.00	Geburtsurkunde	1	1	1	100	5
57	2024-07-06 07:20:58.719548+00	2024-07-17 08:08:18.763525+00	t	2024-07-06 07:20:00+00	B	47	50.00	Geburtsurkunde	1	1	1	98	5
104	2024-08-05 08:25:37.335174+00	2024-08-07 17:06:56.699308+00	f	2024-08-08 08:25:00+00	P	22	15.00	Führerschein - Melnic	1	1	1	24	5
62	2024-07-10 06:33:18.925472+00	2024-07-10 11:17:09.677613+00	t	2024-07-10 06:33:00+00	B	50	70.00	Einverständniserklärung für Minderjährige	1	1	1	101	5
58	2024-07-06 07:22:11.930351+00	2024-07-25 06:36:44.926628+00	f	2024-07-06 07:22:00+00	P	11	15.00	Geburtsurkunde	1	1	1	24	5
102	2024-08-04 18:13:21.973936+00	2024-08-05 11:03:39.611721+00	t	2024-08-06 18:13:00+00	B	81	180.00	1 Diplom, 1 Anlage zum Diplom	1	1	1	140	5
60	2024-07-09 08:49:18.417406+00	2024-07-25 06:37:10.426766+00	f	2024-07-09 08:49:00+00	P	12	15.00	Geburtsurkunde	1	1	1	24	5
55	2024-07-03 05:19:57.323518+00	2024-07-03 10:39:22.655024+00	t	2024-07-03 08:19:00+00	B	45	40.00	Vollmacht - Verkauf des Autos	1	1	1	97	5
99	2024-08-04 16:40:14.765365+00	2024-08-05 11:11:07.698177+00	t	2024-08-05 16:40:00+00	B	78	65.00	Medizinische Zertifikat	1	1	1	137	5
100	2024-08-04 17:07:47.213823+00	2024-08-19 11:33:32.333673+00	t	2024-08-12 17:07:00+00	B	79	100.00	Einverständniserklärung für Minderjährige	1	1	1	138	5
54	2024-07-02 10:45:29.998695+00	2024-07-06 05:49:03.300239+00	f	2024-07-02 10:45:00+00	P	10	172.55	3 Zertifikate	1	1	1	94	5
53	2024-07-02 10:43:03.813289+00	2024-07-06 05:49:32.840108+00	t	2024-07-02 10:43:00+00	B	44	315.00	3 Zertifikate	1	1	1	96	5
65	2024-07-11 07:52:41.557154+00	2024-07-12 08:45:13.780376+00	t	2024-07-11 07:52:00+00	B	52	50.00	Einverständniserklärung für Minderjährige	1	1	1	103	5
122	2024-08-16 11:49:32.866901+00	2024-08-20 08:11:09.14925+00	t	2024-08-17 11:49:00+00	B	97	40.00	Zertifikat	1	1	1	165	5
66	2024-07-12 09:26:50.57345+00	2024-07-12 09:27:36.59156+00	t	2024-07-12 09:26:00+00	B	53	70.00	Vollmacht - Geburtsurkunde	1	1	1	104	5
56	2024-07-03 13:34:21.477559+00	2024-09-09 11:11:42.741922+00	t	2024-07-03 13:34:00+00	B	46	150.00	Einverständniserklärung für Minderjährige	1	1	1	55	5
71	2024-07-18 07:25:16.906084+00	2024-07-22 09:11:22.513093+00	t	2024-07-18 07:25:00+00	B	57	80.00	Einverständniserklärung für Minderjährige	1	1	1	109	5
101	2024-08-04 17:08:47.593555+00	2024-08-12 09:25:07.036626+00	t	2024-08-04 17:08:00+00	B	80	50.00	Führerschein	1	1	1	139	5
94	2024-07-29 12:36:23.499146+00	2024-08-12 09:38:58.67656+00	t	2024-07-31 12:36:00+00	B	73	465.00	2 Urteile	1	1	1	119	5
79	2024-07-23 06:43:56.631797+00	2024-07-25 11:12:28.369229+00	f	2024-07-23 06:43:00+00	P	18	80.00	Urteil - Alexa	1	1	1	24	5
83	2024-07-24 08:29:09.559561+00	2024-08-12 09:39:09.508674+00	t	2024-07-30 08:29:00+00	B	65	55.00	Geburtsurkunde	1	1	1	119	5
78	2024-07-23 06:42:51.758805+00	2024-07-25 11:12:41.877676+00	t	2024-07-26 06:42:00+00	B	61	240.00	Urteil	1	1	1	114	5
63	2024-07-11 07:19:34.977933+00	2024-07-16 06:28:43.126807+00	t	2024-07-11 07:19:00+00	B	51	50.00	Führerschein	1	1	1	102	5
64	2024-07-11 07:22:33.999305+00	2024-07-16 06:28:53.346242+00	f	2024-07-11 07:22:00+00	P	13	15.00	Führerschein	1	1	1	24	5
103	2024-08-05 08:12:39.571036+00	2024-09-11 07:51:41.432311+00	t	2024-08-05 08:12:00+00	B	82	610.00	Intermediere adeverina celibat	1	1	1	141	5
123	2024-08-22 09:31:26.911294+00	2024-08-27 09:28:42.88454+00	t	2024-08-30 09:30:00+00	B	98	195.00	2 Vollmachten - Vertretung	1	1	1	72	5
86	2024-07-24 13:24:54.786268+00	2024-07-26 10:36:58.477114+00	t	2024-07-29 13:24:00+00	B	67	55.00	Geburtsurkunde	1	1	1	121	5
69	2024-07-16 10:09:22.199014+00	2024-07-19 05:36:04.603402+00	t	2024-07-16 10:09:00+00	B	56	140.00	1 Heiratsurkunde und 2 Geburtsurkunden	1	1	1	107	5
88	2024-07-25 06:51:18.160797+00	2024-07-26 10:37:13.197421+00	t	2024-07-31 06:51:00+00	B	69	55.00	Steuerbescheinigung	1	1	1	123	5
84	2024-07-24 09:54:55.751276+00	2024-07-25 12:59:01.512798+00	f	2024-07-29 09:54:00+00	P	19	15.00	Geburtsurkunde - Matraș	1	1	1	24	5
70	2024-07-16 10:24:46.697726+00	2024-07-19 05:36:13.712678+00	f	2024-07-16 10:24:00+00	P	14	45.00	1 Heiratsurkunde und 2 Geburtsurkunden - Varga	1	1	1	24	5
81	2024-07-23 08:34:45.097517+00	2024-07-25 12:59:19.677813+00	t	2024-07-26 08:34:00+00	B	63	85.00	Vollmacht - Vertretung	1	1	1	116	5
73	2024-07-19 05:34:53.970141+00	2024-07-20 07:41:36.207281+00	f	2024-07-19 05:34:00+00	P	15	25.00	Geburtsurkunde Kruzalski	1	1	1	42	5
72	2024-07-18 09:52:23.088108+00	2024-07-20 07:41:43.51368+00	t	2024-07-18 09:52:00+00	B	58	45.00	Geburtsurkunde	1	1	1	110	5
89	2024-07-25 12:10:14.769284+00	2024-07-26 10:37:21.221706+00	f	2024-07-31 12:10:00+00	P	20	15.00	Steuerbescheinigung - Savuț	1	1	1	24	5
90	2024-07-25 12:51:09.440138+00	2024-07-26 10:37:27.261654+00	f	2024-07-31 12:51:00+00	P	21	15.00	Geburtsurkunde - Chetrari	1	1	1	24	5
80	2024-07-23 08:29:26.458996+00	2024-07-26 10:40:53.371724+00	t	2024-07-26 08:29:00+00	B	62	75.00	Einverständniserklärung für Minderjährige	1	1	1	115	5
92	2024-07-26 09:18:14.010642+00	2024-07-31 08:35:29.190448+00	t	2024-07-31 09:18:00+00	B	71	170.00	Vollmacht - Geburtsurkunde / Vollmacht - Ledigkeitsbescheingung	1	1	1	127	5
93	2024-07-29 11:05:58.067916+00	2024-08-01 06:38:58.215019+00	t	2024-07-31 11:05:00+00	B	72	55.00	Einverständniserklärung für Minderjährige	1	1	1	130	5
85	2024-07-24 11:54:54.936504+00	2024-07-31 05:31:20.100303+00	t	2024-07-31 11:54:00+00	B	66	70.00	Medizinische Zertifikat	1	1	1	120	5
76	2024-07-20 07:59:18.240396+00	2024-07-24 06:15:08.334052+00	t	2024-07-25 07:59:00+00	B	60	150.00	Urteil und Heiratsurkunde	1	1	1	112	5
77	2024-07-22 06:08:52.172574+00	2024-07-24 06:15:17.288722+00	f	2024-07-22 06:08:00+00	P	17	75.00	Urteil und Heiratsurkunde - Zaharia	1	1	1	24	5
67	2024-07-16 06:24:50.265424+00	2024-07-23 08:36:54.896969+00	t	2024-07-16 06:24:00+00	B	54	150.00	Einverständniserklärung für Minderjährige und Vollmacht für Pass	1	1	1	105	5
74	2024-07-20 07:18:43.498663+00	2024-07-24 06:15:26.646368+00	t	2024-07-26 07:18:00+00	B	59	150.00	Medizinische Zertifikate	1	1	1	111	5
75	2024-07-20 07:49:45.331912+00	2024-07-24 06:15:33.923364+00	f	2024-07-20 07:49:00+00	P	16	60.00	Medizinische Zertifikate - Bamboi	1	1	1	24	5
82	2024-07-23 10:38:14.078161+00	2024-07-24 07:57:12.658711+00	t	2024-07-26 10:38:00+00	B	64	75.00	Einverständniserklärung für Minderjährige	1	1	1	117	5
91	2024-07-26 06:10:01.079802+00	2024-07-31 09:24:26.174358+00	t	2024-07-31 06:10:00+00	B	70	150.00	2 Vollmacht - Vertretung	1	1	1	124	5
96	2024-07-31 05:29:31.346982+00	2024-07-31 10:49:11.898672+00	t	2024-08-02 05:29:00+00	B	75	55.00	Einverständniserklärung für Minderjährige	1	1	1	132	5
95	2024-07-29 14:23:38.59108+00	2024-08-01 08:45:10.181883+00	t	2024-07-29 14:23:00+00	B	74	230.00	6 x Entgeltabrechnung	1	1	1	131	5
97	2024-08-01 06:48:27.342843+00	2024-08-01 12:38:13.213289+00	t	2024-08-02 06:48:00+00	B	76	65.00	Einverständniserklärung für Minderjährige	1	1	1	135	5
134	2024-09-02 07:43:25.337959+00	2024-09-03 06:43:24.348074+00	t	2024-09-02 11:43:00+00	B	107	60.00	Vollmacht - Geburtsurkunde	1	1	1	179	5
177	2024-09-18 15:05:07.657908+00	2024-09-18 15:05:59.984892+00	f	2024-09-18 15:04:00+00	P	45	26.34	Abo / 16.09.2024 - 16.10.2024	1	1	1	216	5
139	2024-09-03 08:06:32.0277+00	2024-09-04 10:30:01.062509+00	t	2024-09-06 08:06:00+00	B	112	75.00	Einverständniserklärung für Minderjährige	1	1	1	183	5
118	2024-08-14 05:52:56.807456+00	2024-08-16 07:17:57.844386+00	t	2024-08-23 05:52:00+00	B	94	90.00	Vollmacht - Vertretung Bank	1	1	1	160	5
116	2024-08-13 12:08:16.384685+00	2024-08-16 08:16:43.723479+00	t	2024-08-16 12:08:00+00	B	92	90.00	Vollmacht - Vertretung	1	1	1	157	5
68	2024-07-16 09:38:01.875204+00	2024-08-16 15:54:37.693806+00	t	2024-07-16 09:38:00+00	B	55	0.00	Einverständniserklärung für Minderjährige	1	1	1	106	6
153	2024-09-10 06:59:36.137859+00	2024-09-13 12:22:26.524841+00	t	2024-09-13 06:59:00+00	B	122	50.00	Suspendare alocatie	1	1	1	197	5
167	2024-09-16 16:22:13.436293+00	2024-09-17 07:04:06.973585+00	t	2024-09-17 16:22:00+00	B	128	85.00	Einverständniserklärung für Minderjährige	1	1	1	208	5
143	2024-09-04 14:08:12.646485+00	2024-09-04 14:08:56.487948+00	f	2024-09-04 14:07:00+00	P	28	23.80	Führerschein - Takou	1	1	1	185	5
141	2024-09-04 08:30:40.985891+00	2024-09-05 05:51:55.19884+00	t	2024-09-06 08:30:00+00	B	114	45.00	Führerschein	1	1	1	187	5
138	2024-09-03 06:42:02.256433+00	2024-09-05 10:21:06.821809+00	t	2024-09-11 06:41:00+00	B	111	100.00	Vollmacht - Auto	1	1	1	182	5
145	2024-09-05 11:14:45.211586+00	2024-09-05 11:14:58.148539+00	f	2024-09-05 11:14:00+00	P	30	15.00	Heiratsurkunde - Matifălean	1	1	1	24	5
128	2024-08-26 11:05:59.58304+00	2024-08-27 09:37:23.358028+00	f	2024-08-30 11:05:00+00	P	27	45.00	3 Zertifikate - Mahu	1	1	1	24	5
106	2024-08-07 09:03:52.350961+00	2024-08-09 06:21:11.60356+00	t	2024-08-12 09:03:00+00	B	84	100.00	Vollmacht - Geburtsurkunde	1	1	1	144	5
108	2024-08-07 17:22:30.209396+00	2024-08-12 08:53:07.61398+00	t	2024-08-16 17:22:00+00	B	86	130.00	Vollmacht Reisepass, Einverständniserklärung für Minderjährige	1	1	1	146	5
107	2024-08-07 17:15:51.42436+00	2024-08-12 08:54:37.423941+00	t	2024-08-08 17:15:00+00	B	85	55.00	Vollmacht - Reisepass	1	1	1	145	5
130	2024-08-27 09:32:52.757862+00	2024-08-27 12:39:36.93529+00	t	2024-08-27 09:32:00+00	B	103	50.00	Vollmacht - Vertretung	1	1	1	173	5
126	2024-08-26 08:48:37.764213+00	2024-08-27 12:42:59.83141+00	f	2024-08-30 08:48:00+00	P	26	45.00	3 Zertifikate - Simonyak	1	1	1	24	5
171	2024-09-17 07:10:35.493975+00	2024-09-17 07:17:42.597526+00	f	2024-09-17 07:10:00+00	P	41	8.99	Abo - E-Plus	1	1	1	212	5
136	2024-09-02 16:34:30.824482+00	2024-09-05 13:16:02.312074+00	t	2024-09-13 16:34:00+00	B	109	90.00	Vollmacht - Vertretung	1	1	1	181	5
132	2024-08-27 13:07:33.034389+00	2024-08-28 12:25:16.810743+00	t	2024-08-30 13:07:00+00	B	105	100.00	Vollmacht - Reisepass	1	1	1	175	5
161	2024-09-15 09:13:55.6353+00	2024-09-15 09:14:42.04761+00	f	2024-09-12 09:13:00+00	P	34	25.00	Apostille - Vertrag	1	1	1	62	5
179	2024-09-18 15:52:20.367576+00	2024-09-19 13:37:20.994619+00	t	2024-09-20 15:50:00+00	B	133	70.00	Vollmacht - Erbfolge	1	1	1	218	5
163	2024-09-15 09:23:53.642831+00	2024-09-15 09:24:21.101537+00	f	2024-09-11 09:23:00+00	P	36	11.90	Beglaubigung - Kopie	1	1	1	108	5
175	2024-09-18 14:48:55.28423+00	2024-09-19 06:31:32.418494+00	t	2024-09-18 14:48:00+00	B	132	95.00	Arbeitgeberbescheinigung	1	1	1	215	5
151	2024-09-09 10:29:41.127462+00	2024-09-19 07:10:31.467125+00	t	2024-09-20 10:28:00+00	B	120	299.00	Arbeitsvertrag und Bestätigung	1	1	1	194	5
149	2024-09-06 10:11:39.365386+00	2024-09-09 10:54:02.091565+00	t	2024-09-06 10:11:00+00	B	119	308.00	2 Schulbescheinigungen und 1 Abmeldung	1	1	1	55	5
165	2024-09-15 09:42:16.239118+00	2024-09-15 09:42:57.581444+00	f	2024-09-10 09:41:00+00	P	38	30.00	Lycamobile	1	1	1	207	5
155	2024-09-11 07:17:54.60212+00	2024-09-16 06:29:52.247964+00	t	2024-09-13 07:17:00+00	B	123	350.00	Jahreszeugnis	1	1	1	200	5
181	2024-09-19 08:19:39.089276+00	2024-09-19 08:20:10.853729+00	f	2024-09-19 08:19:00+00	P	47	9.90	Lieferung	1	1	1	210	5
147	2024-09-05 11:24:46.311047+00	2024-09-20 10:07:18.211718+00	t	2024-09-27 11:24:00+00	B	117	100.00	Vollmacht - Rente	1	1	1	192	5
124	2024-08-23 09:48:35.292526+00	2024-09-12 11:24:54.332875+00	t	2024-08-23 09:47:00+00	B	99	45.00	Visitenkarten	1	1	1	167	5
157	2024-09-12 07:00:40.671238+00	2024-09-12 12:58:59.066598+00	t	2024-09-13 07:00:00+00	B	125	100.00		1	1	1	202	5
110	2024-08-08 11:39:59.234806+00	2024-08-12 10:38:15.879225+00	t	2024-08-08 11:39:00+00	B	88	50.00	Bescheinigung	1	1	1	148	5
114	2024-08-09 15:40:37.161016+00	2024-08-12 13:22:17.577377+00	t	2024-08-14 15:40:00+00	B	90	75.00	Einverständniserklärung für Minderjährige	1	1	1	152	5
125	2024-08-26 08:46:37.491464+00	2024-08-27 12:42:51.79775+00	t	2024-08-30 08:45:00+00	B	100	210.00	3 Zertifikate	1	1	1	168	5
140	2024-09-04 04:40:48.135552+00	2024-09-04 04:42:57.934029+00	t	2024-09-04 04:40:00+00	B	113	410.00	Sterbeurkunden	1	1	1	184	5
156	2024-09-11 14:09:31.628747+00	2024-09-12 12:59:07.396595+00	t	2024-09-12 14:09:00+00	B	124	60.00	Erklärung Name	1	1	1	122	5
144	2024-09-05 10:03:04.140092+00	2024-09-05 10:06:43.012951+00	f	2024-09-05 10:02:00+00	P	29	25.00	Apostille - Jahreszeugnis	1	1	1	62	5
178	2024-09-18 15:12:29.659017+00	2024-09-18 15:14:00.651243+00	f	2024-09-18 15:12:00+00	P	46	18.47		1	1	1	217	5
131	2024-08-27 12:45:01.754203+00	2024-08-28 12:25:07.009789+00	t	2024-08-30 12:44:00+00	B	104	55.00	Bescheinigung über den Verzicht auf Kindergeld	1	1	1	174	5
146	2024-09-05 11:17:13.54736+00	2024-09-05 11:19:21.810276+00	t	2024-09-05 11:16:00+00	B	116	60.00	Heiratsurkunde	1	1	1	191	5
170	2024-09-16 18:30:32.305805+00	2024-09-17 07:04:36.528362+00	f	2024-09-05 18:30:00+00	P	40	7.80	Lieferung	1	1	1	210	5
133	2024-08-29 09:35:01.702802+00	2024-08-29 09:35:17.224215+00	t	2024-08-29 09:34:00+00	B	106	45.00	Vollmacht - Vertretung	1	1	1	177	5
185	2024-09-19 17:25:00.765556+00	2024-11-25 07:26:45.17352+00	t	2024-10-04 17:24:00+00	B	137	385.00	Vollmacht - Ledigkeitsbescheinigung (procura trimisa in Ro.)	1	1	1	224	5
117	2024-08-14 05:49:56.370802+00	2024-08-16 08:17:08.0895+00	t	2024-08-14 14:48:00+00	B	93	60.00	Vollmacht - Rücknahme der Schulakte	1	1	1	158	5
111	2024-08-08 12:46:28.756819+00	2024-08-16 12:00:16.409488+00	t	2024-08-08 12:46:00+00	B	89	68.00	Medizinische Zertifikat	1	1	1	149	5
115	2024-08-10 07:07:10.913086+00	2024-08-19 11:33:18.27961+00	t	2024-08-14 07:06:00+00	B	91	75.00	Einverständniserklärung für Minderjährige	1	1	1	153	5
121	2024-08-16 07:16:42.541549+00	2024-08-20 09:33:13.589181+00	t	2024-08-23 07:16:00+00	B	96	100.00	Vollmacht - Vertretung Gymnasium	1	1	1	163	5
87	2024-07-25 06:09:41.09368+00	2024-08-12 09:39:37.585132+00	t	2024-08-16 06:09:00+00	B	68	100.00	Vollmacht - Seidungsurkunde	1	1	1	122	5
113	2024-08-09 10:35:02.998997+00	2024-08-12 10:37:54.020602+00	f	2024-08-16 10:35:00+00	P	24	15.00	Bescheinigung - Dontu	1	1	1	24	5
112	2024-08-09 10:34:04.861862+00	2024-08-12 10:38:03.680781+00	f	2024-08-15 10:34:00+00	P	23	15.00	Geburtsurkunde - Matvei	1	1	1	24	5
169	2024-09-16 17:57:34.563613+00	2024-09-23 15:56:47.897467+00	t	2024-09-20 17:57:00+00	B	130	100.00	Ledigkeitsbescheinigung	1	1	1	127	5
159	2024-09-13 12:01:20.431908+00	2024-09-23 15:58:22.615863+00	t	2024-09-18 12:01:00+00	B	127	45.00	Führerschein	1	1	1	204	5
160	2024-09-14 06:35:45.353181+00	2024-09-23 15:58:31.283901+00	f	2024-09-14 06:35:00+00	P	33	15.00	Führerschein - Andriuta	1	1	1	24	5
183	2024-09-19 10:30:57.32786+00	2024-09-23 16:05:06.630616+00	t	2024-09-25 10:30:00+00	B	135	100.00	Polizei - Berichte	1	1	1	221	5
120	2024-08-15 12:52:07.500342+00	2024-09-26 08:40:30.112615+00	f	2024-08-19 12:51:00+00	P	25	52.00	2 Geburtsurkunde - Zhulanova	1	1	1	162	5
154	2024-09-10 07:00:27.929472+00	2024-09-13 12:22:12.276715+00	f	2024-09-13 07:00:00+00	P	32	15.00	Adeverinta alocatie - Lazar	1	1	1	24	5
142	2024-09-04 08:55:28.083147+00	2024-09-06 06:35:16.918652+00	t	2024-09-04 08:55:00+00	B	115	40.00	Lebenslauf	1	1	1	188	5
176	2024-09-18 14:50:37.315475+00	2024-09-19 06:31:46.367419+00	f	2024-09-18 14:50:00+00	P	44	41.60	Arbeitgeberbescheinigung - Yeshchenko	1	1	1	42	5
119	2024-08-14 06:30:08.078322+00	2024-08-26 09:56:18.682883+00	t	2024-08-20 06:29:00+00	B	95	90.00	2 Geburtsurkunde	1	1	1	161	5
150	2024-09-09 09:31:13.715307+00	2024-09-09 09:36:05.328371+00	f	2024-09-09 09:31:00+00	P	31	30.00	Geburtsurkunde - Yusupov	1	1	1	42	5
162	2024-09-15 09:19:48.580853+00	2024-09-15 09:20:34.77186+00	f	2024-09-05 09:19:00+00	P	35	11.90	Beglaubigung - Kopie	1	1	1	108	5
152	2024-09-09 17:33:11.491839+00	2024-09-19 07:04:02.389579+00	t	2024-09-09 17:33:00+00	B	121	185.00		1	1	1	196	5
166	2024-09-16 06:32:33.329368+00	2024-09-19 07:04:11.294684+00	f	2024-09-16 06:31:00+00	P	39	80.00	Übersetzung - Kysilov	1	1	1	162	5
129	2024-08-26 11:45:25.770064+00	2024-08-27 09:28:31.534051+00	t	2024-08-30 11:45:00+00	B	102	100.00	Vollmacht - Vertretung	1	1	1	170	5
127	2024-08-26 11:04:43.174472+00	2024-08-27 09:37:09.172661+00	t	2024-08-30 11:04:00+00	B	101	180.00	3 Zertifikate	1	1	1	169	5
158	2024-09-13 11:26:40.297913+00	2024-09-19 07:06:29.259528+00	t	2024-09-13 11:26:00+00	B	126	40.00	Redactionservice	1	1	1	158	5
148	2024-09-05 16:51:49.035756+00	2024-09-11 09:44:55.190265+00	t	2024-09-13 16:51:00+00	B	118	100.00	Vollmacht - Vormund	1	1	1	193	5
168	2024-09-16 17:54:23.242487+00	2024-09-19 14:10:31.717376+00	t	2024-09-20 17:54:00+00	B	129	70.00	Vollmacht - Auto	1	1	1	209	5
164	2024-09-15 09:34:03.559786+00	2024-09-15 09:39:02.203078+00	f	2024-09-04 09:33:00+00	P	37	10.00	Ablagekorb	1	1	1	206	5
222	2024-10-15 10:23:47.079925+00	2024-10-18 09:12:13.155247+00	t	2024-10-22 10:23:00+00	B	163	150.00	Impfausweise	1	1	1	111	5
180	2024-09-19 06:51:54.428757+00	2024-09-24 07:02:38.717557+00	t	2024-09-26 06:51:00+00	B	134	85.00	Einverständniserklärung für Minderjährige	1	1	1	219	5
203	2024-09-30 08:26:44.696374+00	2024-10-21 14:26:33.205778+00	f	2024-10-04 08:26:00+00	P	57	71.60	Ledigkeitsbescheinigung - Mattia	1	1	1	233	5
213	2024-10-09 13:43:23.472832+00	2024-10-21 14:27:14.932231+00	f	2024-10-09 13:43:00+00	P	58	25.00	Apostille - Cobilas	1	1	1	259	5
205	2024-10-01 06:24:41.624957+00	2024-10-21 15:20:57.031332+00	t	2024-10-22 06:24:00+00	B	148	750.00	5 Geburtsurkunde	1	1	1	246	5
184	2024-09-19 13:58:29.94383+00	2024-09-24 09:22:25.127277+00	t	2024-09-27 13:58:00+00	B	136	100.00	Vollmacht - Erbfolge	1	1	1	222	5
187	2024-09-22 15:32:58.538377+00	2024-09-22 17:26:50.207923+00	f	2024-09-19 15:32:00+00	P	50	60.81	Sondervollmacht - Cobilas	1	1	1	199	5
173	2024-09-18 06:13:27.952851+00	2024-09-22 17:33:11.211149+00	t	2024-09-18 06:12:00+00	B	131	0.00	Impfausweis	1	1	1	214	6
196	2024-09-26 09:15:14.374439+00	2024-10-22 04:53:56.842204+00	t	2024-10-06 09:13:00+00	B	142	290.00	Zivilstand (Lieferung - Pereu Vladimir)	1	1	1	231	5
189	2024-09-23 09:49:41.210446+00	2024-09-23 10:32:10.831203+00	f	2024-09-23 09:49:00+00	P	51	2.70	Lieferung	1	1	1	210	5
182	2024-09-19 08:24:01.141003+00	2024-09-23 10:38:12.237565+00	f	2024-09-18 08:23:00+00	P	48	4.61	Sonstiges	1	1	1	220	5
135	2024-09-02 11:56:24.981093+00	2024-11-05 08:32:55.078251+00	t	2024-09-30 11:55:00+00	B	108	610.00	Vermittlung - Scheidungsurkunde (cerere inregistrata, asteptare emitere)	1	1	1	180	3
172	2024-09-17 11:53:26.233364+00	2024-09-23 15:56:56.520862+00	f	2024-09-17 11:53:00+00	P	42	30.00	Ledigkeitsbescheinigung - Florea	1	1	1	24	5
186	2024-09-20 07:42:59.29074+00	2024-09-23 16:05:15.200324+00	f	2024-09-25 07:42:00+00	P	49	30.00	Polizei - Berichte - Dondos	1	1	1	24	5
174	2024-09-18 12:39:52.475246+00	2024-09-23 16:05:39.943338+00	f	2024-09-20 12:39:00+00	P	43	15.00	Impfausweis - Tudor	1	1	1	24	5
194	2024-09-26 08:48:46.829171+00	2024-09-26 08:51:04.439224+00	f	2024-09-26 08:47:00+00	P	54	536.00	Übersetzungen 04.07.2024-25.07.2024	1	1	1	162	5
195	2024-09-26 09:07:28.349643+00	2024-09-26 09:08:00.326402+00	t	2024-09-25 09:07:00+00	B	141	20.00		1	1	1	230	5
193	2024-09-26 08:42:35.095412+00	2024-09-26 08:44:51.490759+00	f	2024-09-26 08:41:00+00	P	53	178.10	Übersetzungen 04.07.2024-25.07.2024	1	1	1	162	5
43	2024-06-24 06:01:33.7602+00	2024-09-30 08:20:54.804225+00	t	2024-09-30 06:01:00+00	B	35	110.00	1 Geburtsurkunde und 1 Heiratsurkunde	1	1	1	79	5
188	2024-09-23 06:37:13.054545+00	2024-09-30 08:21:10.31859+00	t	2024-09-27 06:37:00+00	B	138	50.00	Führerschein	1	1	1	225	5
191	2024-09-24 07:20:42.829598+00	2024-09-30 08:21:17.454364+00	f	2024-09-27 07:20:00+00	P	52	15.00	Führerschein - Verebcean	1	1	1	24	5
197	2024-09-27 08:47:13.634439+00	2024-09-30 08:24:09.465341+00	t	2024-10-04 08:46:00+00	B	143	100.00	Vollmacht - Auto	1	1	1	237	5
198	2024-09-30 06:22:10.510947+00	2024-10-01 06:41:26.761929+00	t	2024-10-02 06:21:00+00	B	144	68.00	Formular	1	1	1	120	5
190	2024-09-23 13:57:01.004461+00	2024-10-01 06:42:33.147699+00	t	2024-09-30 13:56:00+00	B	139	85.00	Geburtsurkunde 	1	1	1	226	5
192	2024-09-25 09:55:43.970824+00	2024-10-01 06:46:46.670581+00	t	2024-09-30 09:54:00+00	B	140	50.00	Geburtsurkunde 	1	1	1	229	5
207	2024-10-01 07:58:05.850471+00	2024-10-01 07:58:36.876785+00	t	2024-10-01 07:58:00+00	B	150	65.00	Einverständniserklärung für Minderjährige	1	1	1	249	5
204	2024-09-30 11:09:06.99644+00	2024-10-01 10:53:18.005774+00	t	2024-10-05 11:08:00+00	B	147	100.00	Vollmacht - Vertretung	1	1	1	245	5
137	2024-09-03 06:21:39.684492+00	2024-10-02 06:17:50.68584+00	t	2024-09-06 06:20:00+00	B	110	240.00	Anträge zum ausfüllen	1	1	1	178	5
208	2024-10-02 08:29:27.189763+00	2024-10-04 09:06:48.965276+00	t	2024-10-03 08:29:00+00	B	151	60.00		1	1	1	251	5
206	2024-10-01 06:38:09.522785+00	2024-10-04 09:52:21.305016+00	t	2024-10-11 06:37:00+00	B	149	100.00	Vollmacht - Ledigkeitsbescheinigung	1	1	1	247	5
202	2024-09-30 08:16:22.827877+00	2024-10-08 08:48:39.034941+00	f	2024-10-04 08:15:00+00	P	56	15.00	Geburtsurkunde - Simonyak	1	1	1	24	5
211	2024-10-09 05:34:16.641106+00	2024-10-09 05:34:41.228173+00	t	2024-10-09 05:34:00+00	B	154	100.00		1	1	1	255	5
201	2024-09-30 08:15:27.490298+00	2024-10-09 06:27:30.196119+00	f	2024-10-04 08:14:00+00	P	55	60.00	4 Decizii alocatie - Tudor	1	1	1	24	5
200	2024-09-30 07:06:34.103063+00	2024-10-09 06:27:36.836146+00	t	2024-10-03 07:05:00+00	B	146	200.00	4 Decizii alocatie	1	1	1	214	5
199	2024-09-30 07:03:05.375152+00	2024-10-09 06:28:14.576892+00	t	2024-10-03 07:02:00+00	B	145	50.00	Geburtsurkunde	1	1	1	168	5
210	2024-10-09 05:28:54.253103+00	2024-10-09 17:25:04.514254+00	t	2024-10-18 05:28:00+00	B	153	170.00		1	1	1	256	5
215	2024-10-11 09:43:18.480828+00	2024-10-14 13:23:58.393358+00	t	2024-10-18 09:43:00+00	B	157	95.00	Erklärung - Eigentum	1	1	1	263	5
212	2024-10-09 05:41:17.758893+00	2024-10-14 09:54:03.007927+00	t	2024-10-15 05:41:00+00	B	155	75.00		1	1	1	257	5
209	2024-10-08 05:51:58.568411+00	2024-10-14 07:59:42.352661+00	t	2024-10-17 05:50:00+00	B	152	100.00	Vollmacht - Erbfolge	1	1	1	254	5
254	2024-11-12 09:49:21.074758+00	2024-11-14 10:13:54.65699+00	t	2024-11-13 09:46:00+00	B	194	50.00	Bestätigung Arbeitsverhältnis	1	1	1	194	5
249	2024-11-07 14:27:26.713029+00	2024-11-12 10:43:05.814688+00	t	2024-11-14 14:26:00+00	B	190	95.00	Heiratsurkunde und Scheidungsurkunde	1	1	1	302	5
247	2024-11-05 15:33:54.976893+00	2024-11-07 14:51:26.508754+00	t	2024-11-08 15:33:00+00	B	188	98.00	Schulzeugnis	1	1	1	301	5
245	2024-11-05 08:15:24.255113+00	2024-11-07 14:51:37.128981+00	t	2024-11-08 08:15:00+00	B	186	45.00	Reisepass	1	1	1	296	5
250	2024-11-07 14:32:58.164849+00	2024-11-12 10:43:15.848864+00	t	2024-11-14 14:32:00+00	B	191	50.00	Geburtsurkunde	1	1	1	303	5
216	2024-10-14 07:02:48.49425+00	2024-10-17 12:20:22.992871+00	t	2024-10-18 07:02:00+00	B	158	170.00	Einverständniserklärung für Minderjährige und Vollmacht für Pass	1	1	1	264	5
246	2024-11-05 08:26:18.105443+00	2024-11-08 15:19:10.237553+00	t	2024-11-08 08:25:00+00	B	187	80.00	Vollmacht - Führerschein	1	1	1	300	5
214	2024-10-09 17:23:01.380097+00	2024-10-15 08:01:52.40269+00	t	2024-10-11 17:22:00+00	B	156	170.00	Einverständniserklärung für Minderjährige / Vollmacht Pass	1	1	1	260	5
225	2024-10-17 08:32:10.278603+00	2024-10-18 09:11:33.529153+00	t	2024-10-24 08:31:00+00	B	166	95.00		1	1	1	275	5
257	2024-11-12 18:03:49.388449+00	2024-11-13 08:38:02.964272+00	t	2024-11-12 18:03:00+00	B	197	220.00	Arbeitsheft	1	1	1	311	5
218	2024-10-14 13:57:42.298747+00	2024-10-18 09:25:38.570976+00	t	2024-10-18 13:57:00+00	B	160	50.00	Geburtsurkunde	1	1	1	267	5
253	2024-11-11 18:04:40.515872+00	2024-11-13 11:04:13.734787+00	t	2024-11-14 18:04:00+00	B	193	100.00	Einverständniserklärung für Minderjährige	1	1	1	307	5
221	2024-10-15 09:50:07.547497+00	2024-10-21 14:18:55.870403+00	t	2024-10-22 09:50:00+00	B	162	80.00	Einverständniserklärung für Minderjährige	1	1	1	269	5
217	2024-10-14 10:40:18.477239+00	2024-10-16 08:50:24.204816+00	t	2024-10-18 10:40:00+00	B	159	95.00	Vollmacht - Vertretung Bank	1	1	1	265	5
223	2024-10-16 07:34:18.217176+00	2024-10-16 11:55:04.738625+00	t	2024-10-22 07:34:00+00	B	164	85.00	Einverständniserklärung für Minderjährige	1	1	1	270	5
255	2024-11-12 10:12:24.419474+00	2024-11-13 13:54:53.335417+00	t	2024-11-13 10:12:00+00	B	195	30.00	Einverständniserklärung für Minderjährige	1	1	1	277	5
239	2024-10-28 16:17:05.008381+00	2024-11-19 09:25:33.925701+00	t	2024-10-28 16:16:00+00	B	180	260.00	A fost trimisa in Germania	1	1	1	295	5
228	2024-10-21 14:24:40.776148+00	2024-11-15 10:25:33.780828+00	t	2024-10-31 15:24:00+00	B	169	550.00	De tradus	1	1	1	168	5
224	2024-10-17 08:23:02.825534+00	2024-10-21 15:18:30.210481+00	t	2024-10-24 08:22:00+00	B	165	85.00		1	1	1	274	5
252	2024-11-08 10:51:10.624822+00	2024-11-15 10:26:17.317632+00	t	2024-11-08 10:50:00+00	B	192	185.00	Ledigkeitsbescheinigung (la centrul de vize)	1	1	1	304	3
230	2024-10-22 14:34:38.325942+00	2024-10-23 06:56:22.55962+00	t	2024-10-23 14:34:00+00	B	171	30.00		1	1	1	280	5
258	2024-11-13 08:39:24.557759+00	2024-11-18 09:09:44.03597+00	t	2024-11-19 08:39:00+00	B	198	100.00	Einverständniserklärung für Minderjährige	1	1	1	312	5
231	2024-10-23 07:37:01.951055+00	2024-10-24 13:02:29.400952+00	t	2024-10-30 08:35:00+00	B	172	100.00	Vollmacht - Geburtsurkunde Kind	1	1	1	286	5
259	2024-11-13 09:19:16.956933+00	2024-11-18 12:05:04.808916+00	t	2024-11-13 09:17:00+00	B	199	0.00	3 Vollmachten - Geburtsurkunde und Ledigkeitsbescheinigung	1	1	1	67	6
229	2024-10-22 11:49:30.078946+00	2024-10-23 09:12:55.844953+00	t	2024-10-23 11:49:00+00	B	170	80.00	Vollmacht - Geburtsurkunde / Vollmacht - Reisepass	1	1	1	283	5
227	2024-10-21 12:32:00.013616+00	2024-10-23 09:14:19.84714+00	t	2024-10-25 12:31:00+00	B	168	30.00	Vollmacht - Kindergeld	1	1	1	280	5
264	2024-11-19 11:25:21.053387+00	2024-11-19 11:25:47.965726+00	t	2024-11-22 11:24:00+00	B	204	100.00	Vollmacht - Ausweis	1	1	1	319	1
226	2024-10-18 08:25:56.469004+00	2024-10-23 09:30:11.991595+00	t	2024-10-23 08:25:00+00	B	167	80.00		1	1	1	277	5
220	2024-10-15 07:44:18.68348+00	2024-10-24 07:27:32.893531+00	t	2024-10-24 07:43:00+00	B	161	170.00	Vollmacht - Vertretung	1	1	1	268	5
238	2024-10-27 17:48:14.94016+00	2024-11-05 08:18:03.562818+00	t	2024-11-01 17:48:00+00	B	179	150.00		1	1	1	293	5
243	2024-10-31 10:11:18.013189+00	2024-11-05 08:18:28.496135+00	t	2024-11-08 10:10:00+00	B	184	180.00	2 Ledigkeitsbescheinigungen	1	1	1	298	5
256	2024-11-12 17:54:56.904252+00	2024-11-20 12:12:20.17693+00	t	2024-11-18 17:54:00+00	B	196	95.00	Diplom	1	1	1	310	5
244	2024-10-31 13:27:51.014065+00	2024-11-05 08:18:48.504344+00	t	2024-10-31 13:27:00+00	B	185	120.00	Arbeitsvertrag	1	1	1	299	5
242	2024-10-31 08:20:53.835492+00	2024-11-05 08:19:00.633746+00	t	2024-11-07 08:16:00+00	B	183	120.00	Zertifikat PELLET / Zertifikat EkoDesign	1	1	1	297	5
235	2024-10-24 09:52:17.966897+00	2024-10-27 17:54:26.501672+00	t	2024-10-30 10:51:00+00	B	176	70.00	Zertifikat Rentenversicherung	1	1	1	289	5
234	2024-10-24 09:44:53.431943+00	2024-10-27 17:54:37.837285+00	t	2024-10-30 10:44:00+00	B	175	55.00	Geburtsurkunde	1	1	1	288	5
232	2024-10-24 07:19:49.590426+00	2024-10-27 17:54:46.528178+00	t	2024-10-30 08:19:00+00	B	173	50.00	Scheidungsurkunde	1	1	1	169	5
263	2024-11-19 10:17:42.37327+00	2024-11-20 12:11:27.711481+00	t	2024-11-22 10:17:00+00	B	203	100.00	Vollmacht - Reisepass	1	1	1	318	5
236	2024-10-25 08:18:43.482301+00	2024-10-28 09:46:28.860472+00	t	2024-11-01 09:18:00+00	B	177	100.00	Einverständniserklärung für Minderjährige	1	1	1	291	5
260	2024-11-18 11:57:07.556175+00	2024-11-20 12:12:36.492803+00	t	2024-11-22 11:56:00+00	B	200	100.00	Heiratsurkunde und Geburtsurkunde	1	1	1	316	5
265	2024-11-19 12:28:29.448674+00	2024-11-20 12:12:54.789666+00	t	2024-11-22 12:27:00+00	B	205	110.00	2 Geburtsurkunden	1	1	1	320	5
261	2024-11-18 12:33:21.114983+00	2024-11-22 07:41:34.40604+00	t	2024-11-22 12:33:00+00	B	201	100.00	Vollmacht - Vertretung	1	1	1	317	5
266	2024-11-19 14:25:12.361323+00	2024-11-21 09:26:01.822454+00	t	2024-11-22 14:24:00+00	B	206	70.00	Einverständniserklärung für Minderjährige	1	1	1	318	5
240	2024-10-29 13:51:15.885889+00	2024-10-31 10:46:17.697835+00	t	2024-11-01 13:51:00+00	B	181	135.00		1	1	1	296	5
241	2024-10-29 13:56:00.13118+00	2024-10-31 10:46:35.904727+00	t	2024-10-31 13:55:00+00	B	182	50.00	Geburtsurkunde	1	1	1	163	5
262	2024-11-19 09:20:09.448752+00	2024-11-25 10:47:21.91663+00	t	2024-11-22 09:20:00+00	B	202	152.00	2 Notenspiegel und 1 Zertifikat	1	1	1	301	5
267	2024-11-21 09:19:34.720926+00	2024-11-25 10:24:34.875443+00	t	2024-11-27 09:19:00+00	B	207	170.00	Vollmacht - Vertretung	1	1	1	322	5
233	2024-10-24 08:50:53.87717+00	2024-11-25 10:47:06.065147+00	t	2024-11-29 09:49:00+00	B	174	100.00	Vollmacht - Vertretung Rentenversicherung	1	1	1	287	4
269	2024-11-26 07:32:29.616884+00	2024-11-26 07:33:03.43419+00	t	2024-11-29 07:32:00+00	B	209	100.00		1	1	1	318	1
237	2024-10-27 17:34:10.325564+00	2024-11-05 08:40:05.007719+00	t	2024-11-03 17:34:00+00	B	178	260.00	De hotarat cum facem	1	1	1	292	1
268	2024-11-25 09:39:14.799827+00	2024-11-26 07:38:39.380535+00	t	2024-11-29 09:39:00+00	B	208	0.00		1	1	1	324	6
248	2024-11-07 13:29:37.753641+00	2024-11-07 14:17:08.979304+00	t	2024-11-08 13:29:00+00	B	189	80.00	2 Bescheinigungen	1	1	1	55	5
\.


--
-- Data for Name: orders_orderelement; Type: TABLE DATA; Schema: public; Owner: postgres
--

COPY public.orders_orderelement (id, description, quantity, price, order_id, service_id, status_id, um_id) FROM stdin;
4	Vollmacht - Ledigkeitsbescheinigung	1	25.00	2	2	5	1
5	Rumänisch-Deutsch	1	30.00	2	1	5	1
55	Rumänisch-Deutsch	1	40.00	32	1	5	1
48	Vollmacht zur Vertretung in der Erbfolge	1	40.00	29	2	5	1
49	Beglaubigung der Unterschrift	1	30.00	29	3	5	1
35		1	30.00	21	3	5	1
57	Lohnsteuerbescheinigung	1	25.00	34	4	5	1
10	Vollmacht - Anwalt	1	40.50	4	2	5	1
33	Englisch-Deutsch	1	110.00	20	1	5	1
7	Einverständniserklärung für Minderjährige	1	25.00	3	2	5	1
8	Rumänisch-Deutsch	1	30.00	3	1	5	1
32	Englisch-Deutsch	1	175.00	19	1	5	1
11		1	30.00	4	3	5	1
6		1	20.00	2	3	5	1
58	Rumänisch-Deutsch	1	100.00	35	1	5	1
1	Vollmacht - Verkauf des Autos	1	25.00	1	2	5	1
2	Rumänisch-Deutsch	1	30.00	1	1	5	1
3		1	20.00	1	3	5	1
39	Vollmacht - Ausweis	1	25.00	23	2	6	1
13	Rumänisch-Deutsch	2	15.00	6	1	5	1
15	Rumänisch-Deutsch	1	15.00	8	1	5	1
36	Vollmacht - Vertretung	1	25.00	22	2	5	1
29	Vollmacht - Pässe	1	55.00	18	2	5	1
30	Erklärung	1	50.00	18	2	5	1
31		1	20.00	18	3	5	1
12	Rumänisch-Deutsch	2	50.00	5	1	5	1
14	Rumänisch-Deutsch	1	40.00	7	1	5	1
26	Vollmacht -  Einschulung	1	25.00	17	2	5	1
9		1	20.00	3	3	5	1
27	Rumänisch-Deutsch	1	30.00	17	1	5	1
28		1	20.00	17	3	5	1
34	Erklärung	1	30.00	21	2	5	1
20	Bankkarte beantragen	1	50.00	12	6	5	1
21	Bankkarte beantragen	1	50.00	13	6	5	1
18	Einverständniserklärung für Minderjährige	1	45.00	11	2	6	1
19	Rumänisch-Deutsch	1	55.00	11	1	6	1
37	Rumänisch-Deutsch	1	30.00	22	1	5	1
38		1	20.00	22	3	5	1
40	Vollmacht - Reisepass	1	25.00	23	2	6	1
16	Rumänisch-Deutsch	1	45.00	9	1	5	1
17	Rumänisch-Deutsch	1	15.00	10	1	5	1
41	Rumänisch-Deutsch	2	30.00	23	1	6	1
59	Einverständniserklärung für Minderjährige	1	25.00	36	2	5	1
60	Rumänisch-Deutsch	1	30.00	36	1	5	1
61		1	20.00	36	3	5	1
42		1	20.00	23	3	6	1
68	Vollmacht - Auto	1	25.00	39	2	5	1
69	Rumänisch-Deutsch	1	30.00	39	1	5	1
70		1	20.00	39	3	5	1
23	Rumänisch-Deutsch	1	220.00	15	1	5	1
45	Rumänisch-Deutsch	1	55.00	26	1	5	1
43	Rumänisch-Deutsch	2	45.00	24	1	5	1
24	Deutsch-Rumänisch	1	80.00	16	1	5	1
25	Deutsch-Rumänisch	1	110.00	16	1	5	1
65	Einverständniserklärung für Minderjährige	1	25.00	38	2	5	1
66	Rumänisch-Deutsch	1	30.00	38	1	5	1
67		1	20.00	38	3	5	1
56	Rumänisch-Deutsch	2	50.00	33	1	5	1
47	Rumänisch-Deutsch	6	15.00	28	1	5	1
50	Vollmacht zur Vertretung bei der Scheidung	1	80.00	30	2	5	1
51	Beurkundung	1	30.00	30	3	5	1
52	Einverständniserklärung für Minderjährige	2	30.00	31	2	5	1
53	Rumänisch-Deutsch	1	35.00	31	1	5	1
54		1	20.00	31	3	5	1
62	Einverständniserklärung für Minderjährige	1	25.00	37	2	5	1
63	Rumänisch-Deutsch	1	30.00	37	1	5	1
64		1	20.00	37	3	5	1
72	Rumänisch-Deutsch	1	30.00	40	1	5	1
73		1	20.00	40	3	5	1
71	Vollmacht - Geburtsurkunde	1	25.00	40	2	5	1
74	Vollmacht - Reisetitel	1	25.00	41	2	5	1
75	Vollmacht - Pässe und Geburtsurkunden	1	25.00	41	2	5	1
76	Rumänisch-Deutsch	2	30.00	41	1	5	1
77		1	30.00	41	3	5	1
44	Rumänisch-Deutsch	2	105.00	25	1	5	1
22	Deutsch-Rumänisch	1	185.00	14	1	5	1
46	Rumänisch-Deutsch	6	45.00	27	1	5	1
327		1	9.90	181	7	5	1
84	Einverständniserklärung für Minderjährige	1	25.00	45	2	5	1
85	Rumänisch-Deutsch	1	30.00	45	1	5	1
86		1	20.00	45	3	5	1
87	Vollmacht Kennzeichnen	1	70.00	46	2	5	1
88		1	30.00	46	3	5	1
81	Einverständniserklärung für Minderjährige	1	25.00	44	2	5	1
152	Vollmacht - Vertretung	1	30.00	81	2	5	1
153	Rumänisch-Deutsch	1	30.00	81	1	5	1
154		1	25.00	81	3	5	1
82	Rumänisch-Deutsch	1	30.00	44	1	5	1
83		1	20.00	44	3	5	1
78	Rumänisch-Deutsch	1	58.00	42	1	5	1
110	Rumänisch-Deutsch	1	60.00	59	1	5	1
111	Englisch-Deutsch	1	60.00	59	1	5	1
112		1	5.00	59	7	5	1
108	Rumänisch-Deutsch	1	50.00	57	1	5	1
149	Einverständniserklärung für Minderjährige	1	25.00	80	2	5	1
150	Rumänisch-Deutsch	1	30.00	80	1	5	1
151		1	20.00	80	3	5	1
129	Einverständniserklärung für Minderjährige	1	30.00	68	2	6	1
130	Rumänisch-Deutsch	1	40.00	68	1	6	1
131		1	30.00	68	3	6	1
233	Visitenkarten	1	45.00	124	2	5	1
106	Rumänisch-Deutsch	2	30.00	56	1	5	1
93	Rumänisch-Deutsch	1	185.00	49	1	5	1
107		2	20.00	56	3	5	1
286		1	100.00	155	4	5	1
504	Vollmacht - Vertretung	1	35.00	269	2	1	1
132	Rumänisch-Deutsch	1	45.00	69	1	5	1
133	Rumänisch-Deutsch	2	45.00	69	1	5	1
134		1	5.00	69	7	5	1
135	Rumänisch-Deutsch	3	15.00	70	1	5	1
97	Einverständniserklärung für Minderjährige	1	25.00	51	2	5	1
98	Rumänisch-Deutsch	1	30.00	51	1	5	1
99		1	20.00	51	3	5	1
89	Einverständniserklärung für Minderjährige	1	25.00	47	2	5	1
90	Rumänisch-Deutsch	1	30.00	47	1	5	1
91		1	20.00	47	3	5	1
94	Einverständniserklärung für Minderjährige	1	25.00	50	2	5	1
95	Rumänisch-Deutsch	1	30.00	50	1	5	1
96		1	20.00	50	3	5	1
141	Russisch-Deutsch	1	25.00	73	1	5	1
139	Russisch-Deutsch	1	40.00	72	1	5	1
100	Spanisch-Deutsch	1	17.85	52	1	5	1
140		1	5.00	72	7	5	1
101	Tschechisch-Deutsch	1	315.00	53	1	5	1
143	Rumänisch-Deutsch	1	60.00	75	1	5	1
156	Rumänisch-Deutsch	1	30.00	82	1	5	1
103	Vollmacht - Verkauf des Autos	1	40.00	55	2	5	1
136	Einverständniserklärung für Minderjährige	1	30.00	71	2	5	1
92	Spanisch-Deutsch	1	70.00	48	1	5	1
102	Tschechisch-Deutsch	1	172.55	54	1	5	1
137	Rumänisch-Deutsch	1	30.00	71	1	5	1
138		1	20.00	71	3	5	1
114	Vollmacht - Anwalt	1	30.00	61	2	6	1
115	Rumänisch-Deutsch	1	40.00	61	1	6	1
116		1	30.00	61	3	6	1
117	Einverständniserklärung für Minderjährige	1	30.00	62	2	5	1
118	Rumänisch-Deutsch	1	40.00	62	1	5	1
125	Einverständniserklärung für Minderjährige	1	25.00	67	2	5	1
121	Einverständniserklärung für Minderjährige	1	20.00	65	2	5	1
122	Rumänisch-Deutsch	1	30.00	65	1	5	1
126	Vollmacht - Pässe	1	25.00	67	2	5	1
127	Rumänisch-Deutsch	2	30.00	67	1	5	1
123	Vollmacht - Geburtsurkunde	1	30.00	66	2	5	1
124	Rumänisch-Deutsch	1	40.00	66	1	5	1
128		2	20.00	67	3	5	1
119	Rumänisch-Deutsch	1	50.00	63	1	5	1
120	Rumänisch-Deutsch	1	15.00	64	1	5	1
145		1	5.00	76	7	5	1
146	Rumänisch-Deutsch	1	75.00	77	1	5	1
144	Rumänisch-Deutsch	1	145.00	76	1	5	1
142	Rumänisch-Deutsch	1	150.00	74	1	5	1
157		1	20.00	82	3	5	1
109	Rumänisch-Deutsch	1	15.00	58	1	5	1
113	Rumänisch-Deutsch	1	15.00	60	1	5	1
148	Rumänisch-Deutsch	1	80.00	79	1	5	1
147	Rumänisch-Deutsch	1	240.00	78	1	5	1
225	Rumänisch-Deutsch	1	40.00	121	1	5	1
155	Einverständniserklärung für Minderjährige	1	25.00	82	2	5	1
308	Rumänisch-Deutsch	1	30.00	168	1	5	1
270		1	30.00	147	3	5	1
258	Einverständniserklärung für Minderjährige	1	25.00	139	2	5	1
260		1	20.00	139	3	5	1
505	Rumänisch-Deutsch	1	35.00	269	1	1	1
195	Vollmacht - Geburtsurkunde	1	35.00	106	2	5	1
196	Rumänisch-Deutsch	1	35.00	106	1	5	1
172	Vollmacht - Ledigkeitsbescheinigung	1	35.00	92	2	5	1
174		1	30.00	92	3	5	1
170		1	50.00	91	3	5	1
272	Rumänisch-Deutsch	1	35.00	148	1	5	1
179	Einverständniserklärung für Minderjährige	1	25.00	96	2	5	1
175	Einverständniserklärung für Minderjährige	1	25.00	93	2	5	1
191		1	250.00	103	3	5	1
181	Einverständniserklärung für Minderjährige	1	30.00	97	2	5	1
290	Rumänisch-Deutsch	1	190.00	103	1	5	1
240		1	30.00	129	3	5	1
229	Rumänisch-Deutsch	1	50.00	123	1	5	1
230		1	20.00	123	3	5	1
232	Rumänisch-Deutsch	1	35.00	123	1	5	1
201	Einverständniserklärung für Minderjährige	1	25.00	108	2	5	1
203		1	20.00	108	3	5	1
199	Rumänisch-Deutsch	1	30.00	107	1	5	1
237	Rumänisch-Deutsch	1	45.00	128	1	5	1
177	Rumänisch-Deutsch	1	465.00	94	1	5	1
235	Rumänisch-Deutsch	1	45.00	126	1	5	1
189	Ukrainisch - Deutsch	1	180.00	102	1	5	1
208	Rumänisch-Deutsch	1	15.00	113	1	5	1
207	Rumänisch-Deutsch	1	15.00	112	1	5	1
205	Rumänisch-Deutsch	1	50.00	110	1	5	1
210	Rumänisch-Deutsch	1	30.00	114	1	5	1
193	Einverständniserklärung für Minderjährige	1	25.00	105	2	5	1
249	Vollmacht - Seidungsurkunde	1	300.00	135	3	3	1
268	Vollmacht - Rente	1	35.00	147	2	5	1
242	Rumänisch-Deutsch	1	55.00	131	1	5	1
245		1	30.00	132	3	5	1
246	Vollmacht - Vertretung	1	45.00	133	2	5	1
219	Vollmacht - Vertretung Bank	1	30.00	118	2	5	1
221		1	25.00	118	3	5	1
215	Rumänisch-Deutsch	1	35.00	116	1	5	1
217	Vollmacht - Rücknahme der Schulakte	1	30.00	117	2	5	1
248	Rumänisch-Deutsch	1	30.00	134	1	5	1
212	Einverständniserklärung für Minderjährige	1	35.00	115	2	5	1
187	In Romania din 12 august	1	100.00	100	3	5	1
227	Rumänisch-Deutsch	1	40.00	122	1	5	1
294		1	40.00	157	3	5	1
291	Erklärung Name	1	30.00	156	2	5	1
284	Rumänisch-Deutsch	1	15.00	154	1	5	1
283	Rumänisch-Deutsch	1	50.00	153	1	5	1
298	Apostille - Vertrag	1	25.00	161	4	5	1
264	Französisch-Deutsch	1	23.80	143	1	5	1
262	Französisch-Deutsch	1	45.00	141	1	5	1
256	Deutsch-Rumänisch	1	35.00	138	1	5	1
266	Rumänisch-Deutsch	1	15.00	145	1	5	1
300	Beglaubigung - Kopie	1	11.90	163	3	5	1
252	Rumänisch-Deutsch	1	35.00	136	1	5	1
253		1	20.00	136	3	5	1
302	Lycamobile 10	3	10.00	165	9	5	1
287	Deutsch-Rumänisch	1	120.00	155	1	5	1
274	Rumänisch-Deutsch	1	165.00	149	1	5	1
276	Rumänisch-Deutsch	1	48.00	149	1	5	1
105	Einverständniserklärung für Minderjährige	2	25.00	56	2	5	1
306		1	35.00	167	3	5	1
312		1	3.55	170	7	5	1
304	Einverständniserklärung für Minderjährige	1	25.00	167	2	5	1
313	Abo E-Plus	1	8.99	171	9	5	1
317	Deutsch-Englisch	1	95.00	175	1	5	1
320	Abo / 16.09.2024 - 16.10.2024	1	26.34	177	9	5	1
319		1	1.60	176	7	5	1
278	Arbeitsvertrag und Bestätigung	1	44.00	151	3	5	1
280	Deutsch-Rumänisch	1	120.00	151	1	5	1
159	Rumänisch-Deutsch	1	15.00	84	1	5	1
224	Vollmacht - Vertretung Gymnasium	1	30.00	121	2	5	1
211		1	20.00	114	3	5	1
226		1	30.00	121	3	5	1
192	Rumänisch-Deutsch	1	15.00	104	1	5	1
243	Vollmacht - Reisepass	1	35.00	132	2	5	1
244	Rumänisch-Deutsch	1	35.00	132	1	5	1
309		1	20.00	168	3	5	1
328		1	4.61	182	9	5	1
310	Rumänisch-Deutsch	1	100.00	169	1	5	1
314	Rumänisch-Deutsch	1	30.00	172	1	5	1
296	Rumänisch-Deutsch	1	45.00	159	1	5	1
316	Rumänisch-Deutsch	1	15.00	174	1	5	1
223	Ukrainisch - Deutsch	1	52.00	120	1	5	1
506		1	30.00	269	3	1	1
190		1	70.00	103	2	5	1
222	Ukrainisch - Deutsch	1	90.00	119	1	5	1
289		1	100.00	103	4	5	1
161	Rumänisch-Deutsch	1	55.00	86	1	5	1
165	Rumänisch-Deutsch	1	55.00	88	1	5	1
166	Rumänisch-Deutsch	1	15.00	89	1	5	1
167	Rumänisch-Deutsch	1	15.00	90	1	5	1
271	Vollmacht - Vormund	1	35.00	148	2	5	1
197		1	30.00	106	3	5	1
273		1	30.00	148	3	5	1
238	Vollmacht - Vertretung	1	70.00	129	2	5	1
228	Vollmacht - Vertretung Minderjähriger	1	50.00	123	2	5	1
231	Vollmacht - Vertretung Erwachsener	1	40.00	123	2	5	1
236	Rumänisch-Deutsch	1	180.00	127	1	5	1
241	Vollmacht - Vertretung	1	50.00	130	2	5	1
160	Rumänisch-Deutsch	1	70.00	85	1	5	1
234	Rumänisch-Deutsch	1	210.00	125	1	5	1
171	Vollmacht - Geburtsurkunde	1	35.00	92	2	5	1
173	Rumänisch-Deutsch	2	35.00	92	1	5	1
168	Vollmacht - Vertretung	2	30.00	91	2	5	1
169	Rumänisch-Deutsch	2	20.00	91	1	5	1
180	Rumänisch-Deutsch	1	30.00	96	1	5	1
176	Rumänisch-Deutsch	1	30.00	93	1	5	1
178	Rumänisch-Deutsch	1	230.00	95	1	5	1
182	Rumänisch-Deutsch	1	35.00	97	1	5	1
293	Erklärung	1	60.00	157	2	5	1
292	Rumänisch-Deutsch	1	30.00	156	1	5	1
247	Vollmacht - Geburtsurkunde	1	30.00	134	2	5	1
200	Vollmacht Reisepass	1	25.00	108	2	5	1
202	Rumänisch-Deutsch	2	30.00	108	1	5	1
198	Vollmacht - Reisepass	1	25.00	107	2	5	1
299	Beglaubigung - Kopie	1	11.90	162	3	5	1
261	Beglaubigung, Apostille und Übersetzungen	1	410.00	140	8	5	1
188	Rumänisch-Deutsch	1	50.00	101	1	5	1
158	Rumänisch-Deutsch	1	55.00	83	1	5	1
301	Ablagekorb	4	2.50	164	9	5	1
186	Rumänisch-Deutsch	1	65.00	99	1	5	1
162	Vollmacht - Seidungsurkunde	1	30.00	87	2	5	1
163	Rumänisch-Deutsch	1	40.00	87	1	5	1
164		1	30.00	87	3	5	1
204	Rumänisch-Deutsch	1	50.00	109	1	5	1
194	Rumänisch-Deutsch	1	30.00	105	1	5	1
209	Einverständniserklärung für Minderjährige	1	25.00	114	2	5	1
285		1	80.00	155	3	5	1
259	Rumänisch-Deutsch	1	30.00	139	1	5	1
288		1	50.00	155	7	5	1
265	Apostille - Jahreszeugnis	1	25.00	144	4	5	1
255	Vollmacht - Auto	1	35.00	138	2	5	1
257		1	30.00	138	3	5	1
220	Rumänisch-Deutsch	1	35.00	118	1	5	1
214	Vollmacht - Vertretung	1	30.00	116	2	5	1
216		1	25.00	116	3	5	1
218	Rumänisch-Deutsch	1	30.00	117	1	5	1
206	Rumänisch-Deutsch	1	68.00	111	1	5	1
213	Rumänisch-Englisch	1	40.00	115	1	5	1
267	Rumänisch-Deutsch	1	60.00	146	1	5	1
251	Vollmacht - Vertretung	1	35.00	136	2	5	1
263	Lebenslauf	1	40.00	142	2	5	1
311		1	4.25	170	7	5	1
277	Russisch-Deutsch	1	30.00	150	1	5	1
275	Rumänisch-Deutsch	1	95.00	149	1	5	1
305	Rumänisch-Deutsch	1	25.00	167	1	5	1
282	Ukrainisch - Deutsch (Diplom und Anhang)	1	185.00	152	1	5	1
303	Ukrainisch - Deutsch	1	80.00	166	1	5	1
295	Vollmacht	1	40.00	158	2	5	1
279	Arbeitsvertrag	1	100.00	151	4	5	1
281		1	35.00	151	7	5	1
321	Buchhaltung - September 2024	1	18.47	178	9	5	1
250	Beschaffung und Zustellung von Dokumenten	1	310.00	135	8	3	1
333	Vollmacht - Ledigkeitsbescheinigung	1	385.00	185	8	5	1
318	Deutsch-Englisch	1	40.00	176	1	5	1
322	Vollmacht - Erbfolge	1	35.00	179	2	5	1
323	Rumänisch-Deutsch	1	35.00	179	1	5	1
307	Vollmacht - Auto	1	20.00	168	2	5	1
297	Rumänisch-Deutsch	1	15.00	160	1	5	1
338	Deutsch-Rumänisch	1	30.00	186	1	5	1
324	Einverständniserklärung für Minderjährige	1	30.00	180	2	5	1
325	Rumänisch-Deutsch	1	30.00	180	1	5	1
326		1	25.00	180	3	5	1
254	Anträge zum ausfüllen	1	240.00	137	2	5	1
269	Rumänisch-Deutsch	1	35.00	147	1	5	1
454		1	40.00	239	7	5	1
339	Beglaubigung Unterschrift	1	20.00	187	9	5	1
340	Vollzugsgebühr	1	20.00	187	9	5	1
341	Post	1	8.00	187	7	5	1
342	Dokumentenpauschale (2 Kopien)	1	1.00	187	9	5	1
343	Umsatzsteuer 19%	1	9.31	187	9	5	1
344	Eintragung UVZ UBegl.  o.E.	1	2.50	187	9	5	1
315	Rumänisch-Deutsch	1	60.00	173	1	6	1
347	Prio - F1011C185E002DDE6F11	1	2.70	189	7	5	1
391	Rumänisch-Deutsch	1	40.00	212	1	5	1
358	Italienisch-Deutsch	1	290.00	196	1	5	1
329	Deutsch-Rumänisch	1	100.00	183	1	5	1
383	Rumänisch-Deutsch	1	35.00	209	1	5	1
372		1	250.00	205	4	5	1
384		1	30.00	209	3	5	1
390	Einverständniserklärung für Minderjährige	1	35.00	212	2	5	1
330	Vollmach - Erbfolge	1	35.00	184	2	5	1
331	Rumänisch-Deutsch	1	35.00	184	1	5	1
332		1	30.00	184	3	5	1
348	Englisch-Rumänisch	1	85.00	190	1	5	1
350	Rumänisch-Deutsch	1	50.00	192	1	5	1
382	Vollmacht - Erbfolge	1	35.00	209	2	5	1
397	Erklärung - Eigentum	1	20.00	215	2	5	1
398	Rumänisch-Deutsch	1	50.00	215	1	5	1
399		1	25.00	215	3	5	1
351	Nayarova 04.07.2024	1	28.60	193	1	5	1
352	Dorofieieva 25.07.2024	1	40.50	193	1	5	1
353	Brunova 25.07.2024	1	109.00	193	1	5	1
393	Einverständniserklärung für Minderjährige	1	35.00	214	2	5	1
394	Vollmacht - Reisepass	1	35.00	214	2	5	1
354	Huziev 04.07.2024	1	93.00	194	1	5	1
355	Dorofieiev 25.07.2024	1	155.00	194	1	5	1
356	Dorofieieva 25.07.2024	1	288.00	194	1	5	1
395	Rumänisch-Deutsch	2	35.00	214	1	5	1
357	Rumänisch-Deutsch	1	20.00	195	1	5	1
396		1	30.00	214	3	5	1
404	Vollmacht - Vertretung Bank	1	35.00	217	2	5	1
405	Rumänisch-Deutsch	1	35.00	217	1	5	1
406		1	25.00	217	3	5	1
400	Einverständniserklärung für Minderjährige	1	35.00	216	2	5	1
401	Vollmacht - Reisepass	1	35.00	216	2	5	1
402	Rumänisch-Deutsch	2	35.00	216	1	5	1
403		1	30.00	216	3	5	1
367	Italienisch-Rumänisch	1	45.00	203	1	5	1
378	Überbeglaubigung	1	25.00	203	4	5	1
79	Rumänisch-Deutsch	1	50.00	43	1	5	1
80	Rumänisch-Deutsch	1	60.00	43	1	5	1
345	Rumänisch-Deutsch	1	45.00	188	1	5	1
346		1	5.00	188	7	5	1
349	Rumänisch-Deutsch	1	15.00	191	1	5	1
379		1	1.60	203	7	5	1
359	Vollmacht - Auto	1	35.00	197	2	5	1
360	Rumänisch-Deutsch	1	35.00	197	1	5	1
361		1	30.00	197	3	5	1
392		1	25.00	213	4	5	1
371	Rumänisch-Englisch	1	500.00	205	1	5	1
380	Einverständniserklärung für Minderjährige	1	30.00	208	2	5	1
362	Deutsch-Rumänisch	1	68.00	198	1	5	1
381	Rumänisch-Deutsch	1	30.00	208	1	5	1
373	Vollmacht - Ledigkeitsbescheinigung	1	35.00	206	2	5	1
374	Rumänisch-Deutsch	1	35.00	206	1	5	1
376	Einverständniserklärung für Minderjährige	1	30.00	207	2	5	1
377	Rumänisch-Deutsch	1	35.00	207	1	5	1
375		1	30.00	206	3	5	1
368	Vollmacht - Vertretung	1	35.00	204	2	5	1
369	Rumänisch-Deutsch	1	35.00	204	1	5	1
370		1	30.00	204	3	5	1
364	Rumänisch-Deutsch	1	200.00	200	1	5	1
363	Rumänisch-Deutsch	1	50.00	199	1	5	1
366	Rumänisch-Deutsch	1	15.00	202	1	5	1
389	Rumänisch-Deutsch	1	100.00	211	1	5	1
365	Rumänisch-Deutsch	1	60.00	201	1	5	1
385	Einverständniserklärung für Minderjährige	1	35.00	210	2	5	1
386	Vollmacht - Reisepass	1	35.00	210	2	5	1
387	Rumänisch-Deutsch	2	35.00	210	1	5	1
388		1	30.00	210	3	5	1
442	Rumänisch-Deutsch	1	70.00	235	1	5	1
441	Rumänisch-Deutsch	1	55.00	234	1	5	1
437	Rumänisch-Deutsch	1	50.00	232	1	5	1
439	Rumänisch-Deutsch	1	40.00	233	1	4	1
440		1	25.00	233	3	4	1
413	Einverständniserklärung für Minderjährige	1	30.00	221	2	5	1
414	Rumänisch-Deutsch	1	25.00	221	1	5	1
415		1	25.00	221	3	5	1
443	Einverständniserklärung für Minderjährige	1	35.00	236	2	5	1
444	Rumänisch-Deutsch	1	35.00	236	1	5	1
445		1	30.00	236	3	5	1
450	Russisch-Deutsch	1	150.00	238	1	5	1
427	Rumänisch-Deutsch	1	40.00	226	1	5	1
455	Rumänisch-Deutsch	1	135.00	240	1	5	1
456	Rumänisch-Deutsch	1	50.00	241	1	5	1
417	Einverständniserklärung für Minderjährige	1	30.00	223	2	5	1
418	Rumänisch-Deutsch	1	30.00	223	1	5	1
419		1	25.00	223	3	5	1
458	Rumänisch-Deutsch	1	180.00	243	1	5	1
459	Rumänisch-Deutsch	1	120.00	244	1	5	1
420	Einverständniserklärung für Minderjährige	1	30.00	224	2	5	1
421	Rumänisch-Deutsch	1	30.00	224	1	5	1
457	Polnisch-Deutsch	1	120.00	242	1	5	1
422		1	25.00	224	3	5	1
476	Rumänisch-Deutsch	1	220.00	257	1	5	1
423	Vollmacht - Vertretung Schule	1	35.00	225	2	5	1
424	Rumänisch-Deutsch	1	30.00	225	1	5	1
425		1	30.00	225	3	5	1
416	Rumänisch-Deutsch	3	50.00	222	1	5	1
446	Vollmacht - Vertretung	1	35.00	237	2	1	1
447	Rumänisch-Deutsch	1	35.00	237	1	1	1
449	Ereilung Urkunden	1	190.00	237	9	1	1
408	Rumänisch-Deutsch	1	50.00	218	1	5	1
465	Rumänisch-Deutsch	1	80.00	248	1	5	1
409	Vollmacht - Aufenthaltstitel	1	35.00	220	2	5	1
410	Vollmacht - Einwohnermeldeamt	1	35.00	220	2	5	1
411	Rumänisch-Deutsch	2	35.00	220	1	5	1
412		1	30.00	220	3	5	1
473	Rumänisch-Englisch	1	50.00	254	1	5	1
464	Rumänisch-Deutsch	1	98.00	247	1	5	1
460	Rumänisch-Deutsch	1	45.00	245	1	5	1
433	Rumänisch-Deutsch	1	30.00	230	1	5	1
461	Vollmacht - Führerschein	1	30.00	246	2	5	1
462	Rumänisch-Deutsch	1	30.00	246	1	5	1
463		1	20.00	246	3	5	1
430	Vollmacht - Geburtsurkunde	1	40.00	229	2	5	1
431	 Vollmacht - Reisepass	1	40.00	229	2	5	1
428	Vollmacht - Kindergeld	1	30.00	227	3	5	1
468	Rumänisch-Deutsch	1	50.00	250	1	5	1
426	Vollmacht - Vertretung	1	40.00	226	2	5	1
466	Rumänisch-Deutsch	1	95.00	249	1	5	1
434	Vollmacht - Geburtsurkunde Kind	1	35.00	231	2	5	1
435	Rumänisch-Deutsch	1	35.00	231	1	5	1
436		1	30.00	231	3	5	1
453	Rumänisch-Deutsch	1	90.00	239	1	5	1
470	Einverständniserklärung für Minderjährige	1	35.00	253	2	5	1
471	Rumänisch-Deutsch	1	35.00	253	1	5	1
472		1	30.00	253	3	5	1
474	Einverständniserklärung für Minderjährige	1	30.00	255	2	5	1
429		1	550.00	228	8	5	1
469	Ledigkeitsbescheinigung	1	185.00	252	8	3	1
477	Einverständniserklärung für Minderjährige	1	35.00	258	2	5	1
478	Rumänisch-Deutsch	1	35.00	258	1	5	1
479		1	30.00	258	3	5	1
480	Vollmacht - Geburtsurkunde	1	35.00	259	2	6	1
482	Vollmacht - Ledigkeitsbescheinigung	2	35.00	259	2	6	1
483	Rumänisch-Deutsch	3	35.00	259	1	6	1
484		2	30.00	259	3	6	1
452		1	130.00	239	4	5	1
490	Vollmacht - Reisepass	1	35.00	263	2	5	1
475	Rumänisch-Deutsch	1	95.00	256	1	5	1
485	Rumänisch-Deutsch	2	50.00	260	1	5	1
486	Vollmacht - Vertretung	1	35.00	261	2	5	1
487	Rumänisch-Deutsch	1	35.00	261	1	5	1
488		1	30.00	261	3	5	1
438	Vollmacht - Vertretung Rentenversicherung	1	35.00	233	2	4	1
489	Rumänisch-Deutsch	1	152.00	262	1	5	1
493	Vollmacht - Ausweis	1	35.00	264	2	1	1
494	Rumänisch-Deutsch	1	35.00	264	1	1	1
495		1	30.00	264	3	1	1
503	Rumänisch-Deutsch	1	50.00	268	1	6	1
491	Rumänisch-Deutsch	1	35.00	263	1	5	1
492		1	30.00	263	3	5	1
496	Rumänisch-Deutsch	1	50.00	265	1	5	1
497	Russisch-Deutsch	1	60.00	265	1	5	1
498	Einverständniserklärung für Minderjährige	1	35.00	266	2	5	1
499	Rumänisch-Deutsch	1	35.00	266	1	5	1
500	Vollmacht - Vertretung	2	35.00	267	2	5	1
501	Rumänisch-Deutsch	2	35.00	267	1	5	1
502		1	30.00	267	3	5	1
\.


--
-- Data for Name: payments_payment; Type: TABLE DATA; Schema: public; Owner: postgres
--

COPY public.payments_payment (id, created_at, modified_at, type, is_client, serial, number, value, payment_date, description, created_by_id, currency_id, modified_by_id, person_id) FROM stdin;
40	2024-09-13 12:21:46.382325+00	2024-09-13 12:21:46.382373+00	bank	t			45.00	2024-09-13		1	1	1	204
20	2024-09-03 06:31:39.652779+00	2024-09-03 06:31:39.652823+00	bank	t			60.00	2024-09-03	Vollmacht - Geburtsurkunde	1	1	1	179
53	2024-09-19 06:33:13.702301+00	2024-09-19 06:33:13.702351+00	bank	t			95.00	2024-09-19		1	1	1	215
21	2024-09-03 06:45:04.419658+00	2024-09-03 06:45:04.41972+00	bank	t			100.00	2024-09-03	Vollmacht - Auto	1	1	1	182
41	2024-09-15 09:17:10.231861+00	2024-09-15 09:17:10.231902+00	bank	f			25.00	2024-09-14		1	1	1	62
22	2024-09-04 04:45:17.715468+00	2024-09-04 04:45:17.715525+00	cash	t	BE	1	410.00	2024-09-04		1	1	1	184
23	2024-09-04 07:35:23.139127+00	2024-09-04 07:35:23.139183+00	bank	t			90.00	2024-09-04		1	1	1	181
24	2024-09-04 07:38:20.746549+00	2024-09-04 07:38:20.746592+00	bank	t			240.00	2024-09-04		1	1	1	178
42	2024-09-15 09:22:42.846428+00	2024-09-15 09:22:42.846475+00	cash	f	-	-	11.90	2024-09-05		1	1	1	108
25	2024-09-04 14:10:49.040138+00	2024-09-04 14:10:49.040189+00	bank	f			23.80	2024-09-04		1	1	1	185
26	2024-09-05 10:06:09.136975+00	2024-09-05 10:06:09.137021+00	bank	f			25.00	2024-09-05		1	1	1	62
54	2024-09-19 06:53:22.658675+00	2024-09-19 06:53:22.658717+00	bank	t			70.00	2024-09-19		1	1	1	218
43	2024-09-15 09:27:44.016716+00	2024-09-15 09:28:09.970766+00	cash	f	-	-	11.90	2024-09-11		1	1	1	108
27	2024-09-05 11:27:29.754855+00	2024-09-05 11:29:36.340496+00	bank	t			100.00	2024-09-04	Kostenträger: Cosmin-Beniamin Lingurar	1	1	1	192
28	2024-09-05 11:31:05.927969+00	2024-09-05 11:31:05.928012+00	bank	t			300.00	2024-09-05		1	1	1	180
29	2024-09-05 11:31:55.047116+00	2024-09-05 11:31:55.047158+00	bank	t			60.00	2024-09-05		1	1	1	191
44	2024-09-15 09:40:15.885646+00	2024-09-15 09:40:15.885691+00	bank	f			10.00	2024-09-04		1	1	1	206
30	2024-09-06 06:36:27.125805+00	2024-09-06 06:36:27.125852+00	bank	t			40.00	2024-09-06		1	1	1	188
31	2024-09-09 10:47:22.85909+00	2024-09-09 10:47:22.859133+00	bank	f			30.00	2024-09-09		1	1	1	42
32	2024-09-09 10:54:49.094426+00	2024-09-09 10:54:49.094477+00	bank	t			308.00	2024-09-09		1	1	1	55
45	2024-09-15 09:43:50.537259+00	2024-09-15 09:43:50.537314+00	bank	f			30.00	2024-09-10		1	1	1	207
33	2024-09-09 17:57:16.811012+00	2024-09-09 17:57:16.811069+00	bank	t			100.00	2024-09-09		1	1	1	193
34	2024-09-11 07:14:46.304549+00	2024-09-11 07:14:46.304592+00	bank	t			299.00	2024-09-10		1	1	1	194
35	2024-09-11 10:38:16.315654+00	2024-09-11 10:38:16.315708+00	bank	t			350.00	2024-09-10		1	1	1	200
36	2024-09-11 10:39:04.153254+00	2024-09-11 10:39:04.153305+00	bank	t			185.00	2024-09-11		1	1	1	196
55	2024-09-19 08:21:18.436087+00	2024-09-19 08:22:27.626214+00	cash	f	-	83111949	9.90	2024-09-11		1	1	1	210
37	2024-09-12 07:35:47.283346+00	2024-09-12 07:35:47.283388+00	bank	t			60.00	2024-09-12		1	1	1	122
38	2024-09-12 12:09:04.739624+00	2024-09-12 12:09:04.739669+00	bank	t			100.00	2024-09-12		1	1	1	202
39	2024-09-13 11:29:14.842066+00	2024-09-13 11:29:14.842114+00	bank	t			40.00	2024-09-13		1	1	1	158
56	2024-09-19 10:19:23.985789+00	2024-09-19 10:19:23.985836+00	bank	f			18.47	2024-09-18		1	1	1	217
46	2024-09-16 18:35:35.025064+00	2024-09-16 18:36:33.159132+00	cash	f			3.55	2024-09-04		1	1	1	210
47	2024-09-16 18:36:57.446726+00	2024-09-16 18:37:01.908921+00	cash	f			4.25	2024-09-05		1	1	1	210
57	2024-09-19 10:42:27.436983+00	2024-09-19 10:42:27.43703+00	bank	f			41.60	2024-09-19		1	1	1	42
48	2024-09-17 07:08:44.22339+00	2024-09-17 07:08:44.223442+00	bank	t			100.00	2024-09-16		1	1	1	127
49	2024-09-17 07:11:55.618059+00	2024-09-17 07:11:55.618102+00	bank	f			8.99	2024-09-17		1	1	1	212
50	2024-09-17 07:13:24.441386+00	2024-09-17 07:13:24.441431+00	bank	t			85.00	2024-09-17		1	1	1	208
58	2024-09-19 10:42:34.520297+00	2024-09-19 10:42:34.520337+00	bank	t			100.00	2024-09-19		1	1	1	221
51	2024-09-18 15:00:48.666457+00	2024-09-18 15:00:48.666509+00	bank	t			70.00	2024-09-17		1	1	1	209
52	2024-09-18 15:06:57.44481+00	2024-09-18 15:06:57.444858+00	bank	f			26.34	2024-09-18		1	1	1	216
59	2024-09-19 14:18:38.055957+00	2024-09-19 14:18:38.056001+00	bank	t			85.00	2024-09-18		1	1	1	219
60	2024-09-19 17:27:49.510573+00	2024-09-19 17:27:49.510618+00	bank	t			385.00	2024-09-19		1	1	1	224
61	2024-09-20 09:13:09.246069+00	2024-09-20 09:13:09.246117+00	bank	t			100.00	2024-09-19		1	1	1	222
62	2024-09-22 15:47:54.165259+00	2024-09-22 15:47:54.165324+00	bank	f			60.81	2024-09-22		1	1	1	199
75	2024-09-30 11:43:23.103687+00	2024-09-30 11:43:23.10374+00	bank	t			50.00	2024-09-30		1	1	1	168
70	2024-09-26 08:52:35.42506+00	2024-09-26 08:52:35.425128+00	bank	f			536.00	2024-09-26		1	1	1	162
63	2024-09-23 09:52:11.016481+00	2024-09-23 09:52:25.346946+00	cash	f	-	83114668	2.70	2024-09-23		1	1	1	210
64	2024-09-23 10:38:02.42173+00	2024-09-23 10:38:02.42179+00	cash	f	-	1420842021	4.61	2024-09-18		1	1	1	220
65	2024-09-24 06:47:44.455899+00	2024-09-24 06:47:44.455952+00	bank	t			50.00	2024-09-24		1	1	1	225
71	2024-09-26 09:09:39.549086+00	2024-09-26 09:09:39.549132+00	bank	t			20.00	2024-09-24		1	1	1	230
66	2024-09-26 07:39:47.465977+00	2024-09-26 07:39:47.46602+00	bank	t			85.00	2024-09-24		1	1	1	226
67	2024-09-26 07:41:17.950725+00	2024-09-26 07:41:17.950784+00	bank	t			50.00	2024-09-25		1	1	1	229
81	2024-10-09 05:31:51.170597+00	2024-10-09 05:31:51.170644+00	bank	t			170.00	2024-10-08		1	1	1	256
68	2024-09-26 07:52:30.326603+00	2024-09-26 07:52:30.326698+00	bank	t			110.00	2024-09-26		1	1	1	79
72	2024-09-26 09:19:10.886802+00	2024-09-26 09:19:10.886849+00	bank	t			290.00	2024-09-26		1	1	1	231
69	2024-09-26 08:47:22.32732+00	2024-09-26 08:47:22.327366+00	bank	f			230.10	2024-09-26		1	1	1	162
76	2024-09-30 11:43:29.500118+00	2024-09-30 11:43:29.500165+00	bank	t			68.00	2024-09-30		1	1	1	120
73	2024-09-27 08:49:24.399659+00	2024-09-27 08:49:24.399716+00	bank	t			100.00	2024-09-27		1	1	1	237
74	2024-09-30 11:43:05.998896+00	2024-09-30 11:43:05.998947+00	bank	t			100.00	2024-09-30		1	1	1	245
79	2024-10-02 06:14:36.691873+00	2024-10-02 06:14:36.691926+00	bank	t			65.00	2024-10-01		1	1	1	249
77	2024-10-01 06:47:14.210297+00	2024-10-01 06:47:14.210355+00	bank	t			100.00	2024-09-30		1	1	1	247
78	2024-10-01 09:05:35.068917+00	2024-10-01 09:05:35.068956+00	bank	f			71.60	2024-10-01		1	1	1	233
80	2024-10-08 08:07:32.111651+00	2024-10-08 08:07:32.111709+00	bank	t			60.00	2024-10-02		1	1	1	251
83	2024-10-09 05:36:52.846356+00	2024-10-09 05:36:52.846398+00	bank	t			100.00	2024-10-09		1	1	1	254
82	2024-10-09 05:36:45.675788+00	2024-10-09 05:36:45.675834+00	bank	t			100.00	2024-10-09		1	1	1	255
84	2024-10-09 13:46:18.531601+00	2024-10-09 13:46:18.531711+00	bank	f			25.00	2024-10-09		1	1	1	259
85	2024-10-14 06:50:38.799703+00	2024-10-14 06:50:38.79977+00	bank	t			170.00	2024-10-10		1	1	1	260
86	2024-10-14 06:53:44.289326+00	2024-10-14 06:53:44.289377+00	bank	t			95.00	2024-10-11		1	1	1	263
87	2024-10-14 06:54:44.792192+00	2024-10-14 06:54:44.792235+00	bank	t			75.00	2024-10-14		1	1	1	257
88	2024-10-15 06:59:56.661545+00	2024-10-15 06:59:56.661598+00	bank	t			170.00	2024-10-14		1	1	1	264
89	2024-10-15 07:00:56.476447+00	2024-10-15 07:00:56.476497+00	bank	t			50.00	2024-10-14		1	1	1	267
90	2024-10-15 07:01:38.295449+00	2024-10-15 07:01:38.295503+00	bank	t			95.00	2024-10-15		1	1	1	265
91	2024-10-16 07:28:13.160371+00	2024-10-16 07:28:13.160419+00	bank	t			150.00	2024-10-15		1	1	1	111
92	2024-10-16 07:30:31.83001+00	2024-10-16 07:30:31.830061+00	bank	t			170.00	2024-10-16		1	1	1	268
93	2024-10-17 06:29:55.231358+00	2024-10-17 06:29:55.231412+00	bank	t			85.00	2024-10-16		1	1	1	270
115	2024-11-06 08:13:56.982529+00	2024-11-06 08:13:56.982572+00	bank	t			45.00	2024-11-04		1	1	1	296
94	2024-10-17 14:54:29.655246+00	2024-10-17 14:54:29.655304+00	bank	t			85.00	2024-10-17		1	1	1	274
95	2024-10-17 14:54:36.599692+00	2024-10-17 14:54:36.599749+00	bank	t			95.00	2024-10-17		1	1	1	275
96	2024-10-19 16:20:21.376308+00	2024-10-19 16:20:21.376355+00	bank	t			80.00	2024-10-18		1	1	1	269
116	2024-11-06 08:15:02.288722+00	2024-11-06 08:15:02.288772+00	bank	t			98.00	2024-11-06		1	1	1	301
97	2024-10-21 14:22:27.600196+00	2024-10-21 14:22:27.600241+00	bank	t			30.00	2024-10-21		1	1	1	280
98	2024-10-21 14:26:11.057588+00	2024-10-21 14:26:11.057638+00	bank	t			550.00	2024-10-21		1	1	1	168
99	2024-10-23 06:59:57.490309+00	2024-10-23 06:59:57.490361+00	bank	t			30.00	2024-10-23		1	1	1	280
117	2024-11-08 08:48:39.754187+00	2024-11-08 08:48:39.754269+00	bank	t			80.00	2024-11-07		1	1	1	55
100	2024-10-23 12:52:25.378213+00	2024-10-23 12:52:25.378298+00	bank	t			80.00	2024-10-23		1	1	1	277
101	2024-10-24 07:24:45.276205+00	2024-10-24 07:24:45.276251+00	bank	t			50.00	2024-10-23		1	1	1	169
128	2024-11-19 12:17:16.782305+00	2024-11-19 12:17:24.673183+00	bank	t			100.00	2024-11-19		1	1	1	318
102	2024-10-24 07:25:50.424368+00	2024-10-24 07:25:50.424418+00	bank	t			80.00	2024-10-23		1	1	1	283
118	2024-11-08 10:50:06.53653+00	2024-11-08 10:50:06.536578+00	bank	t			95.00	2024-11-08		1	1	1	302
103	2024-10-24 07:26:16.173465+00	2024-10-24 07:26:16.17351+00	bank	t			100.00	2024-10-23		1	1	1	286
104	2024-10-25 11:19:16.613489+00	2024-10-25 11:19:16.613539+00	bank	t			70.00	2024-10-24		1	1	1	289
105	2024-10-25 11:20:06.444867+00	2024-10-25 11:20:06.44492+00	bank	t			55.00	2024-10-25		1	1	1	288
119	2024-11-08 10:50:12.699397+00	2024-11-08 10:50:12.699442+00	bank	t			50.00	2024-11-08		1	1	1	303
106	2024-10-28 09:44:26.867804+00	2024-10-28 09:44:26.867855+00	bank	t			100.00	2024-10-28		1	1	1	291
107	2024-10-28 15:10:24.43987+00	2024-10-28 15:10:24.439925+00	cash	t	BE	2	150.00	2024-10-28		1	1	1	293
108	2024-10-30 09:33:11.202962+00	2024-10-30 09:33:11.203015+00	bank	t			50.00	2024-10-29		1	1	1	163
120	2024-11-08 10:52:15.999882+00	2024-11-08 10:52:15.999927+00	bank	t			185.00	2024-11-06		1	1	1	304
109	2024-10-30 09:33:17.40796+00	2024-10-30 09:33:17.408012+00	bank	t			135.00	2024-10-30		1	1	1	296
110	2024-10-31 08:14:28.772067+00	2024-10-31 08:14:28.772117+00	bank	t			260.00	2024-10-31		1	1	1	295
129	2024-11-19 15:38:19.583057+00	2024-11-19 15:38:19.583114+00	bank	t			70.00	2024-11-19		1	1	1	318
111	2024-10-31 15:06:55.676913+00	2024-10-31 15:06:55.676966+00	bank	t			180.00	2024-10-31		1	1	1	298
121	2024-11-12 18:04:33.469923+00	2024-11-12 18:04:33.469977+00	cash	t	BE	3	220.00	2024-11-12		1	1	1	311
112	2024-11-01 07:14:25.187366+00	2024-11-01 07:14:25.187416+00	bank	t			120.00	2024-10-31		1	1	1	299
113	2024-11-01 07:14:36.987785+00	2024-11-01 07:14:36.98783+00	bank	t			120.00	2024-11-01		1	1	1	297
114	2024-11-06 08:13:38.106443+00	2024-11-06 08:13:38.10649+00	bank	t			80.00	2024-11-05		1	1	1	300
122	2024-11-13 06:56:02.937071+00	2024-11-13 06:56:02.937126+00	bank	t			100.00	2024-11-12		1	1	1	307
123	2024-11-14 10:13:43.804758+00	2024-11-14 10:13:43.804804+00	bank	t			50.00	2024-11-13		1	1	1	194
130	2024-11-19 15:38:50.183945+00	2024-11-19 15:38:50.184004+00	bank	t			152.00	2024-11-19		1	1	1	301
124	2024-11-14 10:14:41.130995+00	2024-11-14 10:14:41.131048+00	bank	t			30.00	2024-11-14		1	1	1	277
125	2024-11-14 13:41:43.110315+00	2024-11-14 13:41:43.11036+00	bank	t			95.00	2024-11-14		1	1	1	310
126	2024-11-18 12:10:27.608109+00	2024-11-18 12:10:27.608173+00	bank	t			100.00	2024-11-18		1	1	1	312
131	2024-11-19 15:42:00.307432+00	2024-11-19 15:42:00.307481+00	bank	t			110.00	2024-11-19		1	1	1	320
132	2024-11-22 07:40:26.121788+00	2024-11-22 07:40:26.121837+00	bank	t			170.00	2024-11-22		1	1	1	322
127	2024-11-18 12:34:46+00	2024-11-18 13:44:28.721084+00	cash	t	BE	4	100.00	2024-11-18	Vollmacht	1	1	1	317
133	2024-11-25 09:45:07.528836+00	2024-11-25 09:45:07.528879+00	bank	t			100.00	2024-11-25		1	1	1	287
\.


--
-- Data for Name: payments_paymentelement; Type: TABLE DATA; Schema: public; Owner: postgres
--

COPY public.payments_paymentelement (id, invoice_id, payment_id) FROM stdin;
20	21	20
21	22	21
22	23	22
23	24	23
24	25	24
25	26	25
26	27	26
27	28	27
28	29	28
29	30	29
30	31	30
31	33	31
32	34	32
33	36	33
34	38	34
35	39	35
36	37	36
37	40	37
38	41	38
39	42	39
40	43	40
41	44	41
42	45	42
43	46	43
44	47	44
45	48	45
46	50	46
47	50	47
48	49	48
49	51	49
50	52	50
51	53	51
52	54	52
53	55	53
54	56	54
55	57	55
56	59	56
57	58	57
58	60	58
59	61	59
60	62	60
61	63	61
62	64	62
63	65	63
64	66	64
65	67	65
66	68	66
67	69	67
68	70	68
69	71	69
70	72	70
71	73	71
72	74	72
73	75	73
74	76	74
75	78	75
76	77	76
77	79	77
78	81	78
79	80	79
80	82	80
81	83	81
82	84	82
83	85	83
84	86	84
85	87	85
86	88	86
87	89	87
88	90	88
89	91	89
90	92	90
91	93	91
92	94	92
93	95	93
95	96	95
96	98	94
97	99	96
98	100	97
99	101	98
100	102	99
101	103	100
102	104	101
103	105	102
104	106	103
105	107	104
106	108	105
107	109	106
108	110	107
109	111	108
110	112	109
111	113	110
112	114	111
113	115	112
114	116	113
115	118	114
116	117	115
117	119	116
118	120	117
119	121	118
120	122	119
121	123	120
122	124	121
123	125	122
124	126	123
125	127	124
126	128	125
127	129	126
128	130	127
129	131	128
130	132	129
131	133	130
132	134	131
133	135	132
134	136	133
\.


--
-- Data for Name: persons_person; Type: TABLE DATA; Schema: public; Owner: postgres
--

COPY public.persons_person (id, created_at, modified_at, entity, gender, firstname, lastname, identity_card, company_name, company_tax_code, company_iban, phone, email, address, services, created_by_id, modified_by_id) FROM stdin;
1	2024-05-23 08:11:05.9045+00	2024-05-23 08:11:05.9045+00	pi	ma	Daniel	Decher					004917663454681		Holunderweg 2, 72218 Wildberg		1	1
2	2024-05-23 08:20:35.554331+00	2024-05-23 08:20:59.558171+00	co	ma	Joel	Straub		Notar Dr. Joel Straub			004970517943710	kanzlei@notar-straub.de	Lederstraße 39, 75365 Calw	Notar	1	1
3	2024-05-23 08:22:45.400594+00	2024-05-23 08:25:06.21307+00	co	ma	Dr. 	Lohrer		Notar Dr. Lohrer			004970329183240	info@notar-lohrer.de	Daimlerstraße 12, 71083 Herrenberg	Notar	1	1
4	2024-05-23 08:24:46.490669+00	2024-05-23 08:25:16.413562+00	co	ma	Jean-Philip	Möllmann		Notar Jean-Philip Möllmann			004970327847476	kanzlei@notar-jm.de	Seeländerpl. 2, 71083 Herrenberg	Notar	1	1
5	2024-05-23 09:00:03.740521+00	2024-05-23 09:02:23.829741+00	co	ma	Carl Philipp	Schaubele		Notar Carl Philipp Schaubele			004970329561980	kanzlei@notar-schaubele.de	Reinhold-Schick-Platz 4, 71083 Herrenberg	Notar	1	1
6	2024-05-23 09:01:02.744161+00	2024-05-23 09:02:32.933757+00	co	ma	Thorsten	Glombik		Notar Thorsten Glombik			004974527904940	info@notar-gl.de	Hirschstraße 6, 72202 Nagold	Notar	1	1
7	2024-05-23 09:01:44.586377+00	2024-05-23 09:02:53.542711+00	co	ma	Timm	Läpple		Notar Timm Läpple			00497452883960	Kanzlei@Notar-Laepple.de	Schillerstraße 13, 72202 Nagold	Notar	1	1
8	2024-05-23 10:16:18.988387+00	2024-05-23 10:16:51.500046+00	pi	ma	Marian	Ifrim					004915145635586		Breitenbichl 12, 82256 Fürstenfeldbruck		1	1
10	2024-05-23 12:13:03.622112+00	2024-05-23 12:13:03.622112+00	pi	ma	Claudius	Korch		Notar Dr. Claudius Korch			00497221944730	kanzlei@notar-korch.de	Pariser Platz, Pariser Ring 1, 76532 Baden-Baden	Notar	1	1
9	2024-05-23 12:11:51.185637+00	2024-05-23 13:55:09.027005+00	pi	ma	Florin	Sima					00491722573474		Luisen Str.8,  76571 Gaggenau		1	1
11	2024-05-24 07:13:59.61681+00	2024-05-24 07:13:59.61681+00	co	ma	Hubert	Krebs		Notare Hubert Krebs und Stefan Ackermann			004981411388	kanzlei@notare-krebs-ackermann.de	Pucher Str. 3, 82256 Fürstenfeldbruck	Notar	1	1
13	2024-05-24 07:17:07.731575+00	2024-05-24 07:25:52.084386+00	co	ma	Nikolaus	Buchta		Notare Nikolaus Buchta & Martin Jung			00498141401630	mail@notare-bju.de	Oskar-von-Miller-Straße 4d, 82256 Fürstenfeldbruck	Notar	1	1
12	2024-05-24 07:15:45.386578+00	2024-05-24 07:26:22.321944+00	co	ma	Alexander	Krafka		Notare Alexander Krafka & Thorsten Langnau			004981414041780	krafka.langnau@notarnet.de	Ledererstraße 10, 82256 Fürstenfeldbruck	Notar	1	1
14	2024-05-24 07:49:28.157444+00	2024-05-24 07:49:28.157444+00	pi	wo	Florina-Mădălina	Păunescu					00491772773392		Siedlung 12, 38368 Mariental OT Dorf		1	1
15	2024-05-24 11:28:37.577604+00	2024-05-24 11:28:37.577604+00	sp	wo	Kirsten	Hirche					004939140095470	info@notarin-hirche.de	Olvenstedter Straße 10, 39108 Magdeburg	Notar	1	1
16	2024-05-25 09:37:26.110462+00	2024-05-25 09:54:26.037562+00	pi	wo	Petronela-Florentina	Mușinoiu					0040729509241		Landshuter Str. 35 B, 94315 Straubing		1	1
17	2024-05-27 07:16:05.473828+00	2024-05-27 07:16:05.473828+00	sp	ma	Florian	Hagenbucher					00499421187670	mail@notarhagenbucher.de	Bahnhofpl. 1A, 94315 Straubing	Notar	1	1
18	2024-05-27 07:17:48.571652+00	2024-05-27 07:18:22.740526+00	pi	ma	Andreas	Bosch		Notare Dr. Schreindorfer & Bosch			0049942199050	info@schreindorfer-bosch.de	Mühlsteingasse 7, 94315 Straubing	Notar	1	1
19	2024-05-27 07:19:08.495647+00	2024-05-27 07:19:23.084332+00	sp	ma	Michael	Böhme					004994221227	info@notar-boehme.de	Mussinanstraße 5, 94327 Bogen	Notar	1	1
20	2024-05-27 07:20:19.176214+00	2024-05-27 07:20:19.176214+00	sp	wo	Anja	Schaller					004994821558	info@notarin-schaller.de	Taxisstraße 29, 93086 Wörth an der Donau	Notar	1	1
22	2024-05-27 07:25:52.780343+00	2024-05-27 07:25:52.780343+00	sp	wo	Gundula	Höpner					0049391609330	notarin_gundula.hoepner@t-online.de	Klausenerstraße 37A, 39112 Magdeburg	Notar	1	1
24	2024-05-27 10:05:02.429516+00	2024-05-27 10:05:02.429516+00	sp	ma	Cătălin Dănuț	Moraru					00491745350007	catalindanut@yahoo.de	König Leopold III, Nr. 37 4710 Lontzen, Belgien	Übersetzer Rumänisch	1	1
32	2024-05-29 07:26:10.524115+00	2024-05-29 07:26:10.524115+00	pi	wo	Maria-Ioana	Stoica					004915739819416		Franz-Liszt-Straße 8, 52249 Eschweiler		1	1
33	2024-05-29 07:27:25.708582+00	2024-05-29 07:27:25.708582+00	sp	ma	Martin	Kley		Notar Dr. Kley			004924035027425	mail@eschweiler-notarkley.de	Marienstrasse 37, 52249 Eschweiler	Notar	1	1
25	2024-05-27 10:43:46.455279+00	2024-05-27 12:31:46.557329+00	pi	wo	Adina-Adriana	Aostăcioae					00491632912284		Taschnerstraße 21, 60388 Frankfurt am Main		1	1
27	2024-05-27 12:50:48.182241+00	2024-05-27 12:50:48.182241+00	sp	ma	Christian	Dietrich					004925812397	Dr.Christian-Dietrich@web.de	Splieterstraße 27, 48231 Warendorf	Notar	1	1
26	2024-05-27 12:49:22.548126+00	2024-05-27 12:51:04.460742+00	co	ma	Oliver	Kock		Oliver Kock LL.M. und Marc Leuer			0049258193140	info@klaene.de	Bahnhofstraße 2, 48231 Warendorf	Notar	1	1
28	2024-05-27 12:52:33.015949+00	2024-05-27 12:52:33.015949+00	pi	ma	Alfons	Lentfort		Lentfort - Notar und Anwalt			00492581989200	post@lentfort.de	Zumlohstraße 1A, 48231 Warendorf	Notar	1	1
29	2024-05-27 12:54:48.918364+00	2024-05-27 12:54:48.918364+00	co	ma	Heike	Rensinghoff					004925227081	faber.mareike@anwalt-oelde.de	Bahnhofstraße 22, 59302 Oelde	Notar	1	1
30	2024-05-28 06:49:38.63111+00	2024-05-28 06:49:38.63111+00	pi	wo	Georgeta-Denisa	Ungureanu					004917656803956		Mozartstraße 2, 33775 Versmold		1	1
23	2024-05-27 09:35:10.612343+00	2024-05-28 08:09:27.830543+00	pi	ma	Sandu	Alexa					004915142853918		Str. d. Deutschen Einheit 35, 39326 Wolmirstedt		1	1
34	2024-05-29 20:43:44.844872+00	2024-05-29 20:43:44.844872+00	pi	ma	Ioan-Florin	Urs					0040758194387		Hermannstraße 20 , 42897 Remscheid		1	1
35	2024-05-30 06:01:56.231681+00	2024-05-30 06:01:56.231681+00	pi	ma	Petre	Petre					0040730345602		Magdeburg		1	1
36	2024-06-03 07:33:58.060403+00	2024-06-03 07:33:58.060403+00	pi	wo	Silvia-Viorica	Vladutu					004915738325130		Obertürkheimer Str. 12, 73733 Esslingen am Neckar		1	1
37	2024-06-03 13:25:17.269101+00	2024-06-03 13:25:17.269101+00	pi	ma	Cătălin	Munteanu					004915510702251		Rosenheimer Str. 35, 83059 Kolbermoor (Hotel Heider)		1	1
21	2024-05-27 07:24:14.40201+00	2024-06-03 14:22:20.923931+00	co	ma	Stefan	Kurz		Notare Kurz & Sagmeister			00499915065	info@kurz-sagmeister.de	Pfleggasse 9, 94469 Deggendorf	Notar	1	1
31	2024-05-28 08:46:57.329368+00	2024-06-03 14:22:36.752293+00	sp	ma	Adrian George	Radu		Sprachen Express			00491636299796	adrian.george.radu@gmail.com	Hektorweg 20, 39118, Magdeburg	Dolmetscher Rumänisch	1	1
38	2024-06-04 17:35:34.578709+00	2024-06-04 17:35:34.578709+00	pi	wo	Natalya	Muller							Bonhoeffer Straße 10, 04668 Grimma		1	1
39	2024-06-06 05:00:38.563339+00	2024-06-06 05:00:38.563339+00	pi	wo	Simona	Sava					004917680395937		Elisabeth-Schiemann 5, 59077 Hamm		1	1
41	2024-06-06 10:37:22.484321+00	2024-06-06 10:37:22.484321+00	pi	ma	Oleg	Vlas		Bau Netzwerk OV GmbH			004915141375409		Wehrener Straße 42, 34281 Gudensberg		1	1
42	2024-06-06 10:43:11.920645+00	2024-06-06 10:43:11.920645+00	sp	wo	Swetlana	Donnerstag					004917620611313	swetlana_donnerstag@yahoo.de	Olvenstedter Str. 15, 39108 Magdeburg	Übersetzer Russisch, Englisch	1	1
43	2024-06-06 10:55:15.300623+00	2024-06-06 10:55:15.300623+00	pi	ma	Constantin	Lipan					004915211638184		Groß Sterneberger Straße 46, 21714 Hammah OT Groß Sterneberg		1	1
45	2024-06-06 11:10:46.396323+00	2024-06-06 11:10:46.396323+00	pi	wo	Petronela-Ancuța	Holoșpin					004917671960225		Luise-Hensel-Straße 34, 33161 Hövelhof		1	1
40	2024-06-06 08:46:32.600553+00	2024-06-07 08:05:11.441718+00	pi	ma	Gabriel-Grigore	Lupoae					0040771432425		Poeler Str. 138, 23970 Wismar		1	1
44	2024-06-06 11:05:08.198213+00	2024-06-07 07:49:09.228482+00	pi	ma	Denis-Adrian	Aldea					004915901928595		Seehofstraße 44, 96052 Bamberg		1	1
46	2024-06-07 13:30:18.734185+00	2024-06-07 13:31:38.632783+00	pi	wo	Maria-Lorena	Badea					004915218961646 		Frommeyerstraße 23, 49584 Fürstenau		1	1
48	2024-06-07 13:49:29.072472+00	2024-06-07 13:49:29.072472+00	pi	ma	George	Isopescu					004915223901563	georgeisopescu13@gmail.com	Landsberger Str. 441, 81241 München		1	1
50	2024-06-10 10:44:49.246306+00	2024-06-10 10:44:49.246306+00	sp	wo	Christiane	Streßig					0049238191990	canta@kahlert-padberg.de	Willy-Brandt-Platz 9, 59065 Hamm	Notar	1	1
81	2024-06-25 05:50:04.661804+00	2024-06-25 05:54:27.759326+00	pi	wo	Irina	Szabo					004915214004253		Friedrich-Engels-Str. 13, 07545 Gera		1	1
49	2024-06-10 10:41:33.30059+00	2024-06-10 10:45:23.223475+00	co	ma	Florian	Dallwig		Peter Rösmann, Rechtsanwalt und Notar			04923811608147	fdallwig@grueter.de	Hesslerstraße 40, 59065 Hamm	Notar	1	1
51	2024-06-10 11:12:20.63161+00	2024-06-10 11:12:20.63161+00	sp	ma	Christoph	Ritter					0049962147240	info@notar-ritter.de	Marienstraße 8, 92224 Amberg	Notar	1	1
52	2024-06-10 11:55:31.371067+00	2024-06-10 11:55:31.371067+00	sp	wo	Anja	Gerono					0049951200400	mail@notarin-gerono.de	Luitpoldstraße 51, 96052 Bamberg	Notar	1	1
53	2024-06-10 13:16:27.475047+00	2024-06-10 13:16:27.475047+00	pi	ma	Manuel	Răducanu							Magdeburg		1	1
54	2024-06-11 07:51:09.696649+00	2024-06-11 07:51:09.696649+00	pi	ma	Adrian	Dima					004915234679669		Gneisenaustr. 87, 10961 Berlin		1	1
55	2024-06-11 07:52:08.901677+00	2024-06-11 07:52:08.901677+00	pi	wo	Anca-Flavia	Ciliboaie					004915205242998		Bahnhofstraße 4, 84558 Kirchweidach		1	1
56	2024-06-11 16:04:13.955991+00	2024-06-11 16:04:13.955991+00	pi	ma	Michael	Habel		Notare Michael Habel und Dr. Sabine Keindl			00498671957990	info@notare-altoetting.de	Dr.-Hiemer-Straße 4, 84503 Altötting	Notar	1	1
47	2024-06-07 13:35:42.31277+00	2024-06-12 06:41:32.722013+00	pi	wo	Amalia	Dumbrava					004915128591649		Schloßstrasse 21a, 49356 Diepholz		1	1
57	2024-06-12 06:43:18.578628+00	2024-06-12 06:43:18.578628+00	pi	wo	Lidia	Grosu					0037367564320		Kalugaer Straße 25, 98724 Neuhaus am Rennweg		1	1
58	2024-06-12 09:13:02.298972+00	2024-06-12 09:13:02.298972+00	pi	ma	Georg	Mehler		 MEHLER & DR. HAMBERGER			0049862198760	notare@mehler-hamberger.de	Bayernstraße 8, 83308 Trostberg	Notar	1	1
59	2024-06-12 15:36:18.206134+00	2024-06-12 15:36:18.206134+00	pi	ma	Jochen	Keßler		Keßler | Hardt | Notare			00499261910270	mail@notare-kronach.de	Kulmbacher Str. 20, 96317 Kronach	Notar	1	1
60	2024-06-13 09:01:24.891626+00	2024-06-13 09:01:24.891626+00	co	wo	Ulrike	Henschel		HHW			0049308859670	mail@hhw-berlin.de	Bundesallee 39-40A, 10717 Berlin	Notar	1	1
62	2024-06-13 14:52:57.737064+00	2024-06-13 14:52:57.737064+00	co	ma	Landgericht	Magdeburg					00493916060		Halberstüdter Str. 8, 39112 Magdeburg	Apostille	1	1
61	2024-06-13 11:06:44.83862+00	2024-06-14 05:57:17.864254+00	pi	wo	Ioana-Roxana	Căruță					0040755753078		Fritz-Schubert-Ring 46, 63486 Bruchköbel		1	1
63	2024-06-14 06:03:52.781505+00	2024-06-14 06:03:52.781505+00	pi	ma	Ionuț Cătălin 	Croitoru					004915209702649		Hauptstraße 10, 84558 Kirchweidach		1	1
64	2024-06-14 10:41:17.372786+00	2024-06-14 10:41:17.372786+00	co	ma	Caroline	Reichenauer		Landeshauptstadt Magdeburg, Jugendamt 51.61			00493915403131	Caroline.Reichenauer@jga.magdeburg.de	Wilhelm-Höpfner-Ring 1		1	1
65	2024-06-17 07:35:51.041789+00	2024-06-17 07:35:51.041789+00	pi	ma	Ciprian	Domnica					00491625336020		Köslinerweg 10, 30900 Wedemark		1	1
66	2024-06-17 07:49:13.613307+00	2024-06-17 07:49:13.613307+00	pi	wo	Adela-Daniela	Molnar					004915778408207		Leinwebergasse 2, 60386 Frankfurt am Main		1	1
67	2024-06-17 08:06:45.309916+00	2024-06-17 08:06:45.309916+00	pi	ma	Ciprian	Furtună					004915231421741		Höhenstraße 18, 56203 Höhr-Grenzhausen		1	1
82	2024-06-25 15:41:45.069201+00	2024-06-25 15:41:45.069201+00	pi	wo	Daniela	Voica					0040721994432		Podbielskistraße 185, 30117 Hannover		1	1
68	2024-06-17 08:12:45.757793+00	2024-06-17 09:05:29.066477+00	pi	ma	Valentin-Emanuel	Mertoiu					0040762833085		Thüngersheimer Str. 72, 97261 Güntersleben		1	1
69	2024-06-17 11:49:52.988374+00	2024-06-17 11:49:52.988374+00	pi	wo	Petra	Becke					00495139989520	notariat@versteyl.de	Kokenhorststraße 19, 30938 Burgwedel	Notar	1	1
70	2024-06-17 13:31:08.785021+00	2024-06-17 13:31:08.785021+00	sp	ma	Jens	Neie					00499313590200	mail@notar-neie.de	Domstraße 5, 97070 Würzburg	Notar	1	1
71	2024-06-18 08:00:07.921327+00	2024-06-18 08:00:07.921327+00	sp	ma	Andreas	Lanters					004926176041	info@notariat-lanters.de	Im Teichert 117, 56076 Koblenz	Notar	1	1
72	2024-06-18 11:51:24.187184+00	2024-06-18 13:39:03.872813+00	pi	wo	Ionela-Ramona	Șerban					0040771782171		Ofenerdieker Str. 34, 26125 Oldenburg		1	1
73	2024-06-18 14:30:56.353888+00	2024-06-18 14:30:56.353888+00	sp	ma	Klaus	Hackenbroich					004969888639	info@notar-hackenbroich.de	Luisenstraße 33, 63067 Offenbach am Main	Notar	1	1
74	2024-06-18 14:33:17.973405+00	2024-06-18 14:33:17.973405+00	sp	ma	Norbert	Koch		HaackSchubert Partnerschaftsgesellschaft mbB			004969800735100	info@haackschubert.de	Hafeninsel 11, 63067 Offenbach am Main	Notar	1	1
75	2024-06-19 06:53:19.341224+00	2024-06-19 06:53:19.341224+00	pi	ma	Florin-Ion	Stan					004915510752382	fion43@yahoo.com	Rübezahlplatz 13, 87700 Memmingen		1	1
76	2024-06-19 09:23:09.196452+00	2024-06-19 09:23:09.196452+00	sp	wo	Susanne	Franke		Rechtsanwältin und Notarin			 004944135027236	office@susanne-franke.com	Amalienstraße 22, 26135 Oldenburg	Notar	1	1
77	2024-06-20 08:21:31.877705+00	2024-06-20 08:21:31.877705+00	pi	ma	Arnold	Voran		Kanzlei Memmingen			00498331929000	info@notar-voran.de	Hallhof 6, 87700 Memmingen (/1. Stock)	Notar	1	1
78	2024-06-24 05:18:23.945355+00	2024-06-24 05:18:23.945355+00	pi	wo	Mihaela Amalia	Birsan						birsan.amalia@gmail.com	Feldstr.15, 63329 Egelsbach		1	1
79	2024-06-24 06:00:57.049874+00	2024-06-24 06:00:57.049874+00	pi	ma	Clement-Emil	Cârdan					004915147423707				1	1
80	2024-06-24 13:45:23.416587+00	2024-06-24 13:45:23.416587+00	pi	ma	Răzvan-Daniel	Codre					0040771607900		Am Haselbusch 10, 98617 Meiningen		1	1
83	2024-06-26 07:36:13.194944+00	2024-06-26 07:36:13.194944+00	sp	wo	Janett	Talke					0049365290570	notarin@talke.org	Humboldtstraße 29, 07545 Gera	Notar	1	1
84	2024-06-26 07:49:57.443341+00	2024-06-26 07:49:57.443341+00	co	ma	Gerd	Lange		LANGE Notar & Rechtsanwälte			0049511368840	mail@notarlange.de	Schiffgraben 23, 30159 Hannover	Notar	1	1
85	2024-06-27 03:14:34.099889+00	2024-06-27 03:14:34.099889+00	sp	ma	Tim	Kraus					004997765008	mail@notar-kraus.de	Erfurter Str. 23, 97638 Mellrichstadt	Notar	1	1
86	2024-06-27 11:00:01.118345+00	2024-06-27 11:00:01.118345+00	pi	ma	Ștefăniță-Dănuț	Dorobanțu					0040759586425		Waldstraße 8, 39291 Möckern		1	1
87	2024-06-27 11:20:32.972403+00	2024-06-27 11:20:32.972403+00	pi	ma	Luis Alejandro Ramos	Morán					00491629164480	luisramosmoran7@gmail.com	Friedenstraße 1a  39112, Magdeburg		1	1
89	2024-06-27 18:25:22.791393+00	2024-06-27 18:25:22.791393+00	sp	ma	Jürgen	Schneider					0049391857902	schneider-translation@t-online.de	Erich Kästener Str. 9, 39114 Magdeburg	Übersetzer Spanisch	1	1
88	2024-06-27 12:09:16.659144+00	2024-06-27 14:00:10.46538+00	pi	ma	Alexandru	Panfil					00491756264863	info@panfil-fbh.de	Eichendorff Str. 6 ,  57610 Altenkirchen		1	1
90	2024-06-28 10:11:38.481906+00	2024-06-28 10:11:38.481906+00	sp	wo	Sonja	Krause					00493920162013	info@notarin-krause.de	Bahnhofstraße 37, 39326 Wolmirstedt	Notar	1	1
91	2024-07-01 06:43:20.256405+00	2024-07-01 06:43:20.256405+00	pi	wo	Iulia-Gabriela	Lingurar					004915510330930		Uhlandstr. 4 // 03, 08525 Plauen		1	1
93	2024-07-01 07:02:44.425721+00	2024-07-01 07:02:55.93247+00	sp	ma	Hans	Peller					0049374115130	notar@notar-peller.de	Klosterstraße 1, 08523 Plauen	Notar	1	1
92	2024-07-01 06:56:03.442924+00	2024-07-01 08:38:17.823296+00	pi	ma	Puiu	Niculae					004915222309309		Olvenstedter Scheid 53, 39130 Magdeburg		1	1
94	2024-07-01 10:27:56.810981+00	2024-07-01 10:27:56.810981+00	sp	wo	Dagmar	Hesse					004915150974290	Hesse-Buero@gmx.de	Karl-Marx-Str. 14, D-06484 Ditfurt	Übersetzer Tschechisch	1	1
95	2024-07-01 15:39:48.205175+00	2024-07-01 15:39:48.205175+00	sp	ma	Matthias	Golz					00493923780019	info@notar-golz.de	Alte Brücke 45, 39261 Zerbst/Anhalt	Notar	1	1
96	2024-07-02 10:42:28.943908+00	2024-07-02 10:42:28.943908+00	pi	wo	Inna	Reznikova					00491754141467		Lion-Feuchtwanger-Straße 18, 39120 Magdeburg		1	1
97	2024-07-03 05:19:24.489607+00	2024-07-03 05:19:24.489607+00	pi	ma	Fiodor	Bocancea					0037367372444				1	1
98	2024-07-06 07:20:26.665692+00	2024-07-06 07:23:11.474666+00	pi	ma	Petru	Tulea					0037367233770		Akazienstr. 38, 27751 Delmenhorst		1	1
99	2024-07-09 06:05:06.495384+00	2024-07-09 06:05:16.950713+00	pi	wo	Camelia	Lösch					004917624147647		Richard-Wagner-Str. 20, 89250 Senden		1	1
100	2024-07-09 06:06:38.936204+00	2024-07-09 06:21:10.279239+00	pi	wo	Ana	Alexe					004915256042454 		Suarezstraße 43, 14057 Berlin, Deutschland		1	1
101	2024-07-10 06:32:17.140265+00	2024-07-10 06:32:17.140265+00	pi	ma	Mihai	Sebastian					004915773756179		Köln		1	1
102	2024-07-11 07:18:43.7543+00	2024-07-11 07:18:43.7543+00	pi	wo	Lina	Shaban							Rosenthal str 5a, 39124  Magdeburg		1	1
103	2024-07-11 07:52:26.270249+00	2024-07-11 07:52:26.270249+00	pi	wo	Gheorghița	Popescu					0040724583107		Kurt-Schumacher-Str. 10, 44534 Lünen		1	1
104	2024-07-12 09:26:01.087205+00	2024-07-12 09:26:01.087205+00	pi	wo	Manuela-Florentina	Ostendörfer					004917620605975		Vorwerkstr. 12,  85051 Ingolstadt		1	1
105	2024-07-16 06:24:08.470632+00	2024-07-16 06:27:25.004449+00	pi	wo	Mihaela	Sergheev					0037369048440		Bahnikstraße 13, 39112 Magdeburg		1	1
106	2024-07-16 09:37:33.70917+00	2024-07-16 09:37:33.70917+00	pi	ma	Ioana	Nichifor					0040760080866		Rathausstraße 39, 65203 Wiesbaden Biebrich		1	1
108	2024-07-16 12:19:38.644898+00	2024-07-16 12:19:38.644898+00	sp	ma	Peter	Krolopp					00493916209334	notar-peter-krolopp@notarnet.de	Humboldtstraße 2, 39112 Magdeburg	Notar	1	1
107	2024-07-16 10:08:42.786465+00	2024-07-17 08:02:57.599077+00	pi	ma	Augustin-Nicolae	Varga					0040799318456		Gotthardstraße 118, 80689 München		1	1
109	2024-07-18 07:24:53.106655+00	2024-07-18 07:24:53.106655+00	pi	ma	Mugur-Nicolae	Sidoriuc					004917672966124		Lange Straße 37, 60311 Frankfurt am Main		1	1
110	2024-07-18 09:52:01.706805+00	2024-07-18 09:52:01.706805+00	pi	ma	Sergej	Kruzalski					004917647646712		Heinrich-Rau-Straße 26, 39218 Schönebeck		1	1
111	2024-07-20 07:16:02.08354+00	2024-07-20 07:16:02.08354+00	pi	wo	Gabriela	Bamboi					004915213615256		Grünstraße 14, 39124 Magdeburg		1	1
113	2024-07-22 09:09:59.03604+00	2024-07-22 09:09:59.03604+00	co	ma	Rainer	Werum		Werum.Notare			00496924741550	mail@werum.law	Roßmarkt 14, 60311 Frankfurt am Main	Notar	1	1
125	2024-07-26 06:33:04.067136+00	2024-07-26 06:33:04.067136+00	co	ma	Thomas	Wilcken		Notarkanzlei Dr. Gottschalk, Hienstorfer, Wilcken und Partner			0049432143480	info@ghs-anwaelte.de	Lütjenstraße 12, 24534 Neumünster	Notar	1	1
114	2024-07-23 06:42:29.192508+00	2024-07-23 07:04:06.42702+00	pi	ma	Victor	Alexa					004915758904706	alexavictor96@gmail.com	Mühlenberg 52, 31547 Rehburg-Loccum		1	1
115	2024-07-23 08:08:34.878817+00	2024-07-23 08:08:34.878817+00	pi	wo	Mihaela-Măcinica	Rusu					004915168601558		Am Waldberg 25, 74670 Forchtenberg		1	1
116	2024-07-23 08:34:14.094049+00	2024-07-23 08:34:14.094049+00	pi	ma	Artur	Harcomici					0040723425431		Wasbeker Straße 38A, 24534 Neumünster		1	1
117	2024-07-23 10:37:58.968972+00	2024-07-23 10:37:58.968972+00	pi	wo	Roxana-Silviana	Ciobanu					004915175334029		Rudolf-Elle-Straße 3, 07607 Eisenberg		1	1
112	2024-07-20 07:58:23.124512+00	2024-07-24 06:09:36.331781+00	pi	wo	Andreea	Zaharia					004917626091944	zaharia.valer.iulius@gmail.com	Bahnhofstr. 39,  85591 Vaterstetten		1	1
118	2024-07-24 07:55:59.290189+00	2024-07-24 07:55:59.290189+00	sp	ma	Martin	Seikel					004936691830990	notar.seikel@notarnet.de	Friedrich-Ebert-Straße 29, 07607 Eisenberg	Notar	1	1
126	2024-07-26 06:35:45.82666+00	2024-07-26 06:35:45.82666+00	sp	ma	Jonas	Pfizenmayer					004979416979560	info@notar-veitinger.de	Haagweg 35, 74613 Öhringen	Notar	1	1
127	2024-07-26 09:17:34.446832+00	2024-07-26 09:17:34.446832+00	pi	ma	Madalin	Florea					00491795669658		Josefstaler Str. 24,  83727 Schliersee		1	1
123	2024-07-25 06:50:21.408571+00	2024-07-25 12:11:07.660245+00	pi	ma	Nicolae-Bogdan	Savuț							Wilhelms Heide 8, 49451 Holdorf		1	1
121	2024-07-24 13:24:44.951264+00	2024-07-25 12:36:09.939673+00	pi	ma	Ștefan	Chetrari					00393669071861		Fechenheimer Weg 24, 63477 Maintal		1	1
133	2024-07-31 08:33:46.73839+00	2024-07-31 08:34:14.792835+00	co	ma	Wolfgang	Kleeberger		Dr. Kleeberger und Dr. Schlögel			0049806135080	mail@notare-ksc.de	Maximilianspl. 1, 83043 Bad Aibling	Notar	1	1
120	2024-07-24 11:53:38.911762+00	2024-07-29 06:17:52.080279+00	pi	ma	Daniel Gheorghe	Ciorna					004917666889096	smecheru_daniel2008@yahoo.com	Magdeburg		1	1
128	2024-07-29 09:07:53.00652+00	2024-07-29 09:07:53.00652+00	sp	wo	Patricia	Hăbășescu					004915165677391	patriciahabasescu@gmail.com	10629 Berlin	Übersetzer Rumänisch	1	1
129	2024-07-29 10:08:04.912585+00	2024-07-29 10:08:04.912585+00	pi	ma	Vitali	Godorogea					0037362042809		Leckringhäuser Str. 8A, 34466 Wolfhagen		1	1
131	2024-07-29 14:22:40.684711+00	2024-07-29 14:33:47.395223+00	pi	wo	Alexandra Ioana	Baltaretu					0040741922050		Eybstraße B244, 86633 Neuburg a. d. Donau		1	1
134	2024-07-31 09:26:06.224197+00	2024-07-31 09:26:06.224197+00	sp	ma	Hagen	Wolff					00496214017570	mail@notar-drwolff.de	O3 11-12, 68161 Mannheim	Notar	1	1
119	2024-07-24 08:28:54.616766+00	2024-07-29 15:22:52.071317+00	pi	ma	Lenuta Corina	Matraș					004915738629253	Black_angel_alex24@yahoo.com	Nußdorfer Str. 6, 70435 Stuttgart Zuffenhausen		1	1
132	2024-07-31 05:29:19.017079+00	2024-07-31 05:29:19.017079+00	pi	ma	Marin	Almăjanu					004915217985804		Beethovenstraße 18, 08525 Plauen		1	1
130	2024-07-29 11:03:39.420158+00	2024-07-31 08:17:17.884148+00	pi	wo	Diana	Merjan					004915510802745		Lammgasse 5, 88299 Leutkirch im Allgäu		1	1
124	2024-07-25 13:50:31.063354+00	2024-07-31 09:27:42.918661+00	pi	wo	Victoria	Focht					004917624288060		Am Steingarten 11, 68169 Mannheim		1	1
135	2024-08-01 06:48:14.911649+00	2024-08-01 06:48:14.911649+00	pi	ma	Vladimir	Capcelea					004917661333654		Haydnstr. 3a, 93053 Regensburg		1	1
138	2024-08-04 17:05:57.658881+00	2024-08-04 17:05:57.658881+00	pi	ma	Cosmina-Denisa	Anghel					004915210266746 		Wüstrathstraße 2,  47829 Krefeld		1	1
139	2024-08-04 17:07:24.747242+00	2024-08-04 17:07:24.747242+00	pi	ma	Roman	Melnic					0040739437450		Steinfurther Str. 4a, 61231 Bad Nauheim		1	1
140	2024-08-04 18:12:28.016506+00	2024-08-04 18:12:28.016506+00	pi	ma	Huziev	Dmytro					00491602406144	dmitriy.kharczsk@gmail.com	Unterdorf 10, 82069 Schäftlarn		1	1
137	2024-08-04 16:39:57.853308+00	2024-08-05 11:05:37.624964+00	pi	ma	Verginica	Geiger					004915510156287		Schützenstraße 15, 86830 Schwabmünchen		1	1
122	2024-07-25 06:08:50.168151+00	2024-08-09 07:30:25.175889+00	pi	wo	Cristina	Toderașco					0037368213815		Rathauspl. 2, 78166 Donaueschingen		1	1
191	2024-09-05 11:16:03.279603+00	2024-09-05 11:19:11.376332+00	pi	ma	Robert-Adrian	Matifălean							Heppstr. 81, 72760 Reutlingen		1	1
141	2024-08-05 08:11:48.271232+00	2024-08-05 08:13:31.989989+00	pi	wo	Anastasia	Efimuc					004915167754020		Kaiserstraße  91, 63065 Offenbach am Main		1	1
142	2024-08-05 10:56:23.517615+00	2024-08-05 10:57:09.25703+00	pi	wo	Cornelia	Ghiță					004915175957937				1	1
143	2024-08-06 09:00:10.602277+00	2024-08-06 09:00:10.602277+00	pi	ma	Constantin	Mazilu					004915235858098		Pflanzenländer Weg 3, 63683 Ortenberg		1	1
144	2024-08-07 09:03:29.611184+00	2024-08-07 11:02:57.570694+00	pi	wo	Cristina-Ionelia	Boca					00491795669658		Josefstaler Str. 24, 83727 Schliersee		1	1
145	2024-08-07 17:15:11.326189+00	2024-08-07 17:15:11.326189+00	pi	ma	Dan-Florentin	Iosif					00491639326011		Girbelsratherstraße 46, 52351 Düren		1	1
146	2024-08-07 17:21:36.275162+00	2024-08-07 17:21:36.275162+00	pi	ma	Alex	Boncu					0040727479967		Apenrader Str. 23, 24939 Flensburg		1	1
149	2024-08-08 12:46:17.720422+00	2024-08-08 12:46:17.720422+00	pi	ma	Mihai-Ioan	Bozesan					004915510092663				1	1
177	2024-08-29 09:34:50.125179+00	2024-08-29 09:34:50.125179+00	pi	ma	Dan Dumitru	Mortoiu					004917641506464	dan_mortoiu@yahoo.com	Am Estedeich 4c , 21614 Buxtehude		1	1
150	2024-08-09 09:48:32.297968+00	2024-08-09 09:48:32.297968+00	sp	ma	Dietrich	Schenke					0049461520770	baeuerle@khs-flensburg.de	Stuhrsallee 35, 24937 Flensburg	Notar	1	1
148	2024-08-08 11:39:37.685975+00	2024-08-09 10:28:20.138798+00	pi	ma	Ion	Dontu					004915211483235		St.-Josef-Straße 90, 39130 Magdeburg		1	1
151	2024-08-09 12:25:11.338216+00	2024-08-09 12:25:11.338216+00	sp	ma	Markus	Winterhalter					00497719226930	poststelle@notar-winterhalter.de	Mühlenstraße 20, 78166 Donaueschingen	Notar	1	1
152	2024-08-09 15:40:26.46528+00	2024-08-09 15:40:26.46528+00	pi	ma	Emerik-Iuliu	Sas					004915510213362		Adolf-Todt-Straße 8, 65203 Wiesbaden		1	1
153	2024-08-10 07:06:22.375028+00	2024-08-10 07:06:22.375028+00	pi	ma	Florin	Heveş					0048501833541	hevesflorin14@gmai.com	Schlachthofstraße 16, 44649 Herne		1	1
154	2024-08-12 06:51:57.37006+00	2024-08-12 06:51:57.37006+00	sp	wo	Melanie	Kleine					00496997392150	kleine@kanzlei-kleine.de	Frankfurter Str. 111b, 63067 Offenbach am Main	Notar	1	1
147	2024-08-08 11:37:06.910377+00	2024-08-12 10:38:49.454979+00	pi	ma	Dumitru	Matvei							Weidenhof 5, 14478 Potsdam		1	1
155	2024-08-12 13:21:16.521442+00	2024-08-12 13:21:16.521442+00	sp	ma	Lutz	Hoppe					0049611989190	hoppe@rechtsanwalt-wiesbaden.de	Biebricher Allee 23, 65187 Wiesbaden	Notar	1	1
178	2024-09-02 07:05:32.34593+00	2024-09-02 07:05:32.34593+00	pi	ma	Viorel-Cornel	Mureșan					004917663471644 		Feuerbach Walterstr. 6, 70469 Stutgart		1	1
157	2024-08-13 12:07:50.067243+00	2024-08-13 12:07:50.067243+00	pi	wo	Cristiana-Mădălina	Spătaru					0040724284010		Pestalozzistraße 33, 08523 Plauen		1	1
158	2024-08-14 05:48:56.198096+00	2024-08-14 05:48:56.198096+00	pi	wo	Lucreția	Mureșan					004915213569753		Rendlenstraße 14, 70469 Stuttgart		1	1
161	2024-08-14 06:29:20.643569+00	2024-08-14 06:29:20.643569+00	pi	wo	Tetiana	Zhulanova					00380985520963		Hermann-Böcker-Str. 3, 82140 Olching		1	1
160	2024-08-14 05:52:05.028869+00	2024-08-15 08:36:12.803668+00	pi	ma	Dinu-Gheorghe	Cucerzan					004915751447857		Böblingerstrasse 12, 71139 Ehningen		1	1
162	2024-08-15 12:50:39.587809+00	2024-08-15 12:50:39.587809+00	sp	ma	Hartmut	Rank		Übersetzungsbüro RANK			004915207037600		Eichenstr. 3, 06198 Salzatal OT Schochwitz	Übersetzer Ukrainisch	1	1
163	2024-08-16 07:16:11.592627+00	2024-08-16 07:16:11.592627+00	pi	wo	Andreea-Mădălina	Petre					004915510373594		Gottfried Str. 3, 49584 Fürstenau		1	1
164	2024-08-16 07:20:51.175105+00	2024-08-16 07:20:51.175105+00	pi	ma	Siegfried G.	Schneider		SBI Notare			00497112229250	info@notare-sbi.de	Sporerstraße 15, 70173 Stuttgart	Notar	1	1
165	2024-08-16 11:49:05.352366+00	2024-08-16 11:49:05.352366+00	pi	ma	Nicolae G.	Baciu					004915566634123	abaciu931@gmail.com	Flechtinger Str.  57, 39110 Magdeburg		1	1
156	2024-08-13 06:34:38.547207+00	2024-08-19 10:27:59.923108+00	co	ma	Thorsten	Fischer		Flyeralarm GmbH			0049931465840		Alfred-Nobel-Str. 18, 97080 Würzburg	Design, Druckerei	1	1
166	2024-08-20 09:31:56.734304+00	2024-08-20 09:31:56.734304+00	pi	ma	Klaus	Uthoff		Geers - Overhoff - Uthoff			004959011091	rechtsanwaelte@geers-overhoff.de	Konrad-Adenauer-Straße 15, 49584 Fürstenau	Notar	1	1
167	2024-08-23 09:47:33.986249+00	2024-08-23 09:47:33.986249+00	pi	ma	Sergiu	Stinga		S_G-Bauleistungen			004915775412514		Hauptstraße 9, 39343 Schackensleben	Bauleistungen	1	1
168	2024-08-26 08:45:44.275048+00	2024-08-26 08:45:44.275048+00	pi	ma	Ioan	Simonyak					00491607543815		Kaltbronner Str. 12, 87764 Legau		1	1
170	2024-08-26 11:44:38.77468+00	2024-08-26 11:44:38.77468+00	pi	ma	Constantin-Eugen	Vilău-Hăinaru					0040768606343		Auf d. Klinge 3, 86757 Wallerstein		1	1
169	2024-08-26 11:04:18.016671+00	2024-08-27 06:47:38.318935+00	pi	ma	Galina	Mahu					004917687304442	gruzcovgalina@gmail.com	Morsbacher Str. 30, 52146 Würselen		1	1
171	2024-08-27 08:01:14.574361+00	2024-08-27 08:01:14.574361+00	co	ma	Oliver	Groll		Arens & Groll u. Kollegen			0049441350350	mail@ra-arens.de	Cloppenburger Str. 46, 26135 Oldenburg	Notar	1	1
172	2024-08-27 09:27:21.234272+00	2024-08-27 09:27:21.234272+00	pi	wo	Claudia	Stenzel					004990818050650	info@notarin-stenzel.de	Weinmarkt 8, 86720 Nördlingen	Notar	1	1
173	2024-08-27 09:32:36.644257+00	2024-08-27 09:32:36.644257+00	pi	wo	Samira-Ramona	Dinescu					00491627671191				1	1
175	2024-08-27 13:07:05.385769+00	2024-08-27 13:07:05.385769+00	pi	ma	Ionuț	Călin					004915773718084 		Gerhart-Hauptmann-Hof 1, 56626 Andernach		1	1
176	2024-08-28 09:28:13.93468+00	2024-08-28 09:28:13.93468+00	co	ma	Stephan	Schuck		Dr. Schuck & Dr. Reichert			0049263249770	info@schuck-reichert.de	Rennweg 97, 56626 Andernach	Notar	1	1
174	2024-08-27 12:44:16.581916+00	2024-08-28 12:46:53.415739+00	pi	ma	Mindra	Gabor					0040755424013	pvkonzept@gmail.com	Haverländer Str. 7, 39615 Groß Garz		1	1
179	2024-09-02 07:42:57.253935+00	2024-09-02 08:09:42.324216+00	pi	wo	Vasilica	Moraru					004915218642620		Eickenstraße 38, 58300 Wetter		1	1
180	2024-09-02 11:55:22.002+00	2024-09-02 11:55:22.002+00	pi	wo	Laura	Cobîlaș					004915217534674		Deulstraße 21, 12459 Berlin		1	1
182	2024-09-03 06:39:48.68019+00	2024-09-03 06:39:48.68019+00	pi	ma	Florian-Vasile	Catana					00491629830896		Venhauser Str. 11, 48480 Spelle		1	1
184	2024-09-04 04:40:26.851697+00	2024-09-04 04:43:23.505017+00	pi	wo	Olena	Kaleniuk							Einsteinstraße 26, 39307 Genthin		1	1
181	2024-09-02 16:34:12.493862+00	2024-09-03 07:48:01.294366+00	pi	ma	Valentin	Cotelea					004917660605175		Schmiedstraße 7, 84547 Emmerting		1	1
183	2024-09-03 08:06:07.288425+00	2024-09-03 08:06:07.288425+00	pi	ma	Florin-Gabriel	Crețu					004917642057899		Birkenstraße 8,  56587 Straßenhaus		1	1
187	2024-09-04 08:30:20.473834+00	2024-09-04 08:30:20.473834+00	pi	ma	Olivier	Takou					004917643295155		Magdeburg		1	1
186	2024-09-04 08:28:01.558621+00	2024-09-04 08:28:01.558621+00	sp	ma	Dieter	Mengwasser					00491776218429 / 00493916218429	Dieter.Mengwasser@t-online.de	Otto-Baer-Str. 33, 39118 Magdeburg	Übersetzerin Russisch, Französisch	1	1
188	2024-09-04 08:55:14.803543+00	2024-09-04 08:55:14.803543+00	pi	wo	Roxana	Mocanu					004917663454681	mocanuroxanaroxana28@gmail.com	Goethestraße 5, 72218 Wildberg		1	1
189	2024-09-04 10:29:05.34724+00	2024-09-04 10:29:05.34724+00	pi	ma	Jürgen	Schmidt		Schmidt & Dr. Kögler			0049263198820	info@schmidtkoegler-notare.de	Heddesdorfer Str. 3, 56564 Neuwied	Notar	1	1
190	2024-09-05 10:19:56.205402+00	2024-09-05 10:19:56.205402+00	sp	ma	Christian	Kümpers					0049597116210	christian.kuempers@raekuempers.de	Neuenkirchener Str. 14, 48431 Rheine	Notar	1	1
192	2024-09-05 11:24:01.207227+00	2024-09-05 11:24:21.028813+00	pi	wo	Claudia	Moldovan					004915510330930		Uhlandstr. 4 // 03, 08525 Plauen		1	1
185	2024-09-04 08:24:48.699575+00	2024-09-05 13:03:32.127915+00	sp	wo	Gabriele	Fiebig					004917640157375	GFiebig@gmx.net	Arndtstr.29, 39108 Magdeburg	Übersetzer Englisch, Französisch	1	1
193	2024-09-05 16:51:06.299012+00	2024-09-05 16:51:06.299012+00	pi	wo	Antonia	Gheorghiu					004915756504037		Ohmstr. 24, 45143 Essen		1	1
194	2024-09-09 10:28:30.462715+00	2024-09-09 10:28:30.462715+00	pi	ma	Toma	Stanca					0040765694832		Jakob-Müller-Str. 1, 86825 Bad Wörishofen		1	1
195	2024-09-09 11:21:02.110097+00	2024-09-09 11:21:02.110097+00	pi	wo	Liudmyla	Kamenchuk						ludmilkakamenchuk@gmail.com	W.-I.-Lenin-Straße 13, 19370 Parchim		1	1
196	2024-09-09 17:32:53.276699+00	2024-09-09 17:32:53.276699+00	pi	ma	Renat	Kysilov					00380952402745	renatkiselev9@gmail.com	Bahnhofstraße 15, 82340 Feldafing		1	1
198	2024-09-10 08:39:44.854357+00	2024-09-10 08:39:44.854357+00	pi	wo	Hanna	Mirko							Bebertaler Str. 4, 39124 Magdeburg		1	1
199	2024-09-10 09:11:40.510388+00	2024-09-10 09:11:40.510388+00	pi	ma	Michael	Zachhuber		Zachhuber & Schönrock			00493021458250	buero@kanzlei-zs.de	Bahnhofstraße 33, 12555 Berlin	Notar	1	1
200	2024-09-11 07:17:19.305836+00	2024-09-11 10:37:14.033887+00	pi	wo	Ana Maria	Pelinar							Str. Alunului 13-13A, 077025 Bragadiru , Rumänien		1	1
202	2024-09-12 07:00:22.194322+00	2024-09-12 07:00:22.194322+00	pi	ma	Vasile-Mircea	Postei					004915758557970		Baustädterstr. 4, 85258 Weichs		1	1
197	2024-09-10 06:59:13.693795+00	2024-09-12 11:19:16.722279+00	pi	wo	Estera	Lazăr					0040799030433		Magdeburg		1	1
203	2024-09-12 12:57:54.036011+00	2024-09-12 12:57:54.036011+00	sp	ma	Felix	Odersky					004981315699180	notare@dachau-sparkassenplatz.de	Sparkassenplatz 9, 85221 Dachau	Notar	1	1
204	2024-09-13 12:00:07.369125+00	2024-09-13 12:00:07.369125+00	pi	ma	 Eugeniu	Andriuta					004917684583824		Jettinger Str. 56, 71126 Gäufelden		1	1
205	2024-09-14 06:43:13.849814+00	2024-09-14 06:43:13.849814+00	pi	ma	Yuliia	Berezovska						lanigera84@gmail.com			1	1
206	2024-09-15 09:33:25.764023+00	2024-09-15 09:33:25.764023+00	pi	ma	-	-		Woolworth					Deutschland	Laden	1	1
207	2024-09-15 09:41:26.544623+00	2024-09-15 09:41:26.544623+00	pi	ma	-	-		CIGO					Deutschland	Laden	1	1
208	2024-09-16 16:21:59.72853+00	2024-09-16 16:21:59.72853+00	pi	ma	Ilie	Vasile					0040767112841		Dessauerstr. 44, 45472 Mülheim		1	1
210	2024-09-16 18:29:55.462252+00	2024-09-16 18:29:55.462252+00	pi	ma	-	-		Deutsche Post					Deutschland	Post	1	1
211	2024-09-17 07:01:15.675939+00	2024-09-17 07:01:15.675939+00	co	ma	Joachim	Gores		KÜMMERLEIN Rechtsanwälte & Notare			00492011756600	nathalie.kutsch@kuemmerlein.de	Messeallee 2, 45131 Essen	Notar	1	1
212	2024-09-17 07:10:06.914739+00	2024-09-17 07:10:06.914739+00	co	ma	-	-		E-Plus Service GmbH						Telefon	1	1
213	2024-09-17 14:03:27.843555+00	2024-09-17 14:03:27.843555+00	sp	wo	Christiane	Stoye-Benk					00497114909930	mail@notare-sbl.de	Maybachstraße 20, 70469 Stuttgart	Notar	1	1
214	2024-09-18 06:12:42.36091+00	2024-09-18 06:12:42.36091+00	pi	wo	Roxana	Tudor					00491634304969		Magdeburg		1	1
215	2024-09-18 14:48:35.824689+00	2024-09-18 14:48:35.824689+00	pi	ma	Serhii	Yeshchenko					004915238301180	serhii_yeshchenko@web.de	Innerer Ring 12a, 77977 Rust		1	1
216	2024-09-18 15:03:51.701559+00	2024-09-18 15:03:51.701559+00	co	ma	-	-		Zervant						Rechnungsprogram	1	1
217	2024-09-18 15:11:08.259604+00	2024-09-18 15:11:08.259604+00	pi	ma	Viorica	Arhirie		A.Z. Consulting GmbH			00493914020582	az-arhirie@planet.ms	Schönebecker Str. 82-84, 39104 Magdeburg	Buchhaltung	1	1
209	2024-09-16 17:53:58.956659+00	2024-09-18 15:18:16.114184+00	pi	ma	Petru-Alexandru	Coca					004915218192747		Kestenweg 1, 54293 Trier		1	1
218	2024-09-18 15:50:51.485674+00	2024-09-18 15:53:48.890647+00	pi	wo	Mirela-Simona	Bader					00491637887431	b.mirela@gmx.de	Feldstraße 37, 28832 Achim		1	1
219	2024-09-19 06:51:34.394033+00	2024-09-19 06:51:34.394033+00	pi	wo	Larisa	Tânjală					004915216687710		Voltastraße 61, D 60486 Frankfurt am Main		1	1
220	2024-09-19 08:23:30.05123+00	2024-09-19 08:23:30.05123+00	pi	ma	-	-		Edeka					Deutschland	Laden	1	1
221	2024-09-19 10:30:27.230615+00	2024-09-19 10:30:27.230615+00	pi	ma	Elena	Dondos					004915776925928		Schäferhof 1b, 31582 Nienburg Weser		1	1
222	2024-09-19 13:58:08.783545+00	2024-09-19 13:58:08.783545+00	pi	wo	Florina	Ciulei					0040766511935		Tecklenburger Str. 41, 49525 Lengerich		1	1
223	2024-09-19 14:08:42.675611+00	2024-09-19 14:08:42.675611+00	sp	ma	Marius	Fries					0049651970790	info@notar-fries.de	Ausoniusstraße 6, 54292 Trier	Notar	1	1
224	2024-09-19 17:24:50.746771+00	2024-09-19 17:24:50.746771+00	pi	wo	Ala	Caraus					00491788868039		Untergasse 7A, 61440 Oberursel (Taunus)		1	1
226	2024-09-23 13:56:21.214473+00	2024-09-23 13:56:21.214473+00	pi	wo	Loredana 	Rizea					004915214037950		Kornblumenstraße 13, 88250 Weingarten		1	1
225	2024-09-23 06:36:54.023123+00	2024-09-24 06:32:37.694448+00	pi	ma	Mihail	Verebcean					004917643620561	mihail.verebcean65@gmail.com	Köningsweiser Str. 108 A, 81475, München		1	1
227	2024-09-24 09:21:44.944756+00	2024-09-24 09:21:44.944756+00	sp	ma	Franzis	Lichtenberg					0049548193730	info@dr.lichtenberg-schallenberg.de	Schulstr. 66, 49525 Lengerich	Notar	1	1
228	2024-09-25 06:03:04.464228+00	2024-09-25 06:03:04.464228+00	pi	ma	Polibin	Kuprian									1	1
230	2024-09-26 09:07:15.661079+00	2024-09-26 09:07:15.661079+00	pi	wo	Alina-Maria	Cojeanu					004917673833924		Deutschland		1	1
231	2024-09-26 09:13:29.649885+00	2024-09-26 09:13:29.649885+00	pi	wo	Buzzi	Mattia					00393282339006		Bruno-Baum-Straße 22, 12685 Berlin		1	1
232	2024-09-27 07:34:19.812046+00	2024-09-27 07:34:19.812046+00	pi	ma	Armando	Poddighe					004915140098009	armandopoddighe@gmail.com	Johannes-Göderitz-Str. 76, 39130 Magdeburg	Übersetzer Englisch, Spanisch, Italienisch	1	1
233	2024-09-27 07:47:05.474285+00	2024-09-27 07:52:00.242808+00	pi	wo	Livia	Ungureanu					004917656869803	livia_rem@yahoo.com	Merseburger Straße 52, 06110 Halle	Übersetzerin Italienisch, Rumänisch	1	1
235	2024-09-27 08:17:05.348055+00	2024-09-27 08:17:05.348055+00	pi	wo	Ala	Perju					0049152379349 30	info@alaperju.com	Bücher Straße 25, 41844 Wegberg	Übersetzerin Englisch, Italienisch, Rumänisch, Russisch	1	1
236	2024-09-27 08:19:03.8085+00	2024-09-27 08:19:03.8085+00	pi	wo	Lory	Zerykier					00491722937193	lzerykier@web.de	50672 Köln	Übersetzerin Englisch, Italienisch, Rumänisch	1	1
234	2024-09-27 08:09:19.95319+00	2024-09-27 08:19:15.018735+00	pi	wo	Roxana-Florentina	Blaj					004915237209325	roxana.blaj.flor@gmail.com	Gersterstraße 8, 04279 Leipzig	Übersetzerin Englisch, Italienisch, Rumänisch	1	1
237	2024-09-27 08:46:44.144954+00	2024-09-27 08:46:44.144954+00	pi	ma	Georgian-Adrian	Stan					004915251057847 		Paul-Lürmann-Straße 23, 99718 Greußen		1	1
238	2024-09-27 09:08:03.555637+00	2024-09-27 09:08:03.555637+00	pi	ma	Omar Chiya	Saky					00491723200547	Saky.c@freenet.de	Berliner Str. 63 A, 16540 Hohen Neuendorf	Übersetzer Arabisch, Kurdisch, Rumänisch, Türkisch	1	1
239	2024-09-27 09:10:51.964834+00	2024-09-27 09:10:51.964834+00	pi	wo	Susanna	Popescu					004962154966200	info@yourtranslator.de	Uthmannstraße 11, 67067 Ludwigshafen am Rhein	Übersetzerin Rumänisch, Spanisch, Ungarisch	1	1
240	2024-09-27 09:12:43.595939+00	2024-09-27 09:12:43.595939+00	pi	wo	Rotraud	Beyer					 00491723798479		Trittelwitz 43, 17111 Schönfeld	Übersetzerin Französisch, Rumänisch	1	1
241	2024-09-27 09:21:00.218288+00	2024-09-27 09:21:00.218288+00	pi	ma	Kalman	Varga					004915112917814	kalman_varga@yahoo.com	Osterkamp 18, 38550 Isenbüttel	Übersetzer Rumänisch, Ungarisch	1	1
242	2024-09-27 13:51:17.59531+00	2024-09-27 16:28:47.88411+00	pi	wo	Olena	Shyriaieva					00491778388541	shiryaevaelenaanatolievna@gmail.com	Lange Straße 6, 29439 Lüchow		1	1
243	2024-09-30 08:18:54.178955+00	2024-09-30 08:18:54.178955+00	pi	ma	Joachim	Gulich					00495312820605	gulich@appelhagen.de	Theodor-Heuss-Straße 5A, 38122 Braunschweig	Notar	1	1
244	2024-09-30 08:33:27.678785+00	2024-09-30 08:33:27.678785+00	pi	ma	Ihor	Shcherbatiuk							Salvador-Allende-Straße 23, 39126 Magdeburg		1	1
201	2024-09-11 09:43:05.364463+00	2024-10-14 15:20:03.48425+00	pi	ma	Klaus-Peter	Lindow		Heinemann & Partner			004920110956	sonnenschein@raehp.de	III. Hagen 30, 45127 Essen	Notar	1	1
279	2024-10-18 11:32:29.329724+00	2024-10-18 11:32:29.329724+00	pi	wo	Milena	Veresniuk						bilochka1853@gmail.com			1	1
245	2024-09-30 11:08:45.578815+00	2024-09-30 11:12:28.397678+00	pi	wo	Simona-Lidia	Miron		RCS Recruitment S.R.L.	50534773		00353876010678		Str. Anton Pan, bl.10, scara B, ap. 18, Roman, Județul Neamț		1	1
246	2024-10-01 06:24:13.933245+00	2024-10-01 06:24:13.933245+00	pi	ma	Ivan	Rabovil					00491776402360		Magdeburg		1	1
247	2024-10-01 06:37:43.115459+00	2024-10-01 06:37:43.115459+00	pi	wo	Mădălina-Elena	Curelaru					004915216099241		Feldhauser straße 232, 45896 Gelsenkirchen		1	1
229	2024-09-25 09:54:40.999342+00	2024-10-01 06:45:51.183691+00	pi	ma	Ion-Marian	Iancu					004915168739539		Wächtersbacher Str. 8, 60386 Frankfurt am Main		1	1
248	2024-10-01 07:17:19.091341+00	2024-10-01 07:17:19.091341+00	pi	ma	-	-		Allianz Versicherungs-AG					Magdeburg	Versiecherung	1	1
249	2024-10-01 07:49:03.810249+00	2024-10-01 07:57:43.745217+00	pi	ma	Manuel-Vasile	Iung					00491729182851		Sudetenstraße 11, 64579 Gernsheim		1	1
250	2024-10-01 10:13:59.805317+00	2024-10-01 10:13:59.805317+00	sp	ma	Franz X.	Gärtner					00499072957990	info@notar-gaertner.de	Herzog-Georg-Straße 22, 89415 Lauingen	Notar	1	1
251	2024-10-02 08:28:52.953353+00	2024-10-02 08:28:52.953353+00	pi	wo	Carolina	Șerban 					004917647331024		Sickingenstraße 8, 67549 Worms		1	1
252	2024-10-02 16:49:56.355577+00	2024-10-02 16:49:56.355577+00	pi	wo	Raluca	Habudeanu						habudeanuelena.443@yahoo.com			1	1
253	2024-10-02 17:18:59.615487+00	2024-10-02 17:18:59.615487+00	pi	wo	Nikoleta	Brazhnyk						brazhiknika@gmail.com			1	1
254	2024-10-08 05:50:53.210399+00	2024-10-08 05:50:53.210399+00	pi	wo	Monica	Ghelmeci					0040764799822		Lützowstraße 19, 45141 Essen 		1	1
280	2024-10-21 12:31:31.722552+00	2024-10-21 12:31:31.722552+00	pi	ma	Nicolae	Panait					004915217690343		Ewaldstraße 87, 45699 Herten		1	1
281	2024-10-21 14:17:35.340827+00	2024-10-21 14:17:35.340827+00	pi	ma	Volker	Appel					0049981421110	info@notar-appel.de	Bahnhofsplatz 1, 91522 Ansbach	Notar	1	1
255	2024-10-08 06:13:14.989755+00	2024-10-09 05:34:05.525992+00	pi	ma	Darius-Daniel	Dordea					004917630102712		Max-Eyth straße 18, 60386 Frankfurt am Main		1	1
257	2024-10-09 05:41:05.285083+00	2024-10-09 05:41:05.285083+00	pi	ma	Romeo	Rad					004915213940144		Seeuferweg 5, 24351 Damp		1	1
258	2024-10-09 07:03:57.913612+00	2024-10-09 07:03:57.913612+00	pi	ma	Michael	Schuster					004952716950780	kanzlei@raschuster.de	Westerbachstraße 48, 37671 Höxter	Notar	1	1
256	2024-10-09 05:28:28.38403+00	2024-10-09 07:05:06.333354+00	pi	ma	Paul	Lupu					00491786412053		Weredunstraße 42B, 37688 Beverungen		1	1
259	2024-10-09 13:42:52.336348+00	2024-10-09 13:42:52.336348+00	pi	ma	-	-		Landgericht Berlin			 00493090232118	Auslandsbeglaubigungen@lg-zivil.berlin.de	Littenstraße 12-17 ,  10179 Berlin	Apostille	1	1
260	2024-10-09 17:22:28.891983+00	2024-10-10 05:54:16.934561+00	pi	ma	Iacob	Orosz					004915510250086		In den Tannen 63, 32584 Löhne		1	1
261	2024-10-10 11:44:22.725923+00	2024-10-10 11:44:22.725923+00	co	ma	Alessandro	Greco		SÜLLWALD   & PARTNER			0049573125300	info@rae-garen.de	Bahnhofstraße 18, 32545 Bad Oeynhausen	Notar	1	1
262	2024-10-10 12:43:23.37013+00	2024-10-10 12:43:23.37013+00	pi	ma	Michael	Geilert		Schlabeck & Kollegen			0049522116350	anwaelte@schlabeck.com	Berliner Straße 3, 32052 Herford	Notar	1	1
263	2024-10-11 09:41:40.665025+00	2024-10-11 09:41:40.665025+00	pi	ma	Marius-Dinu	Moldovan					004915731642902		Zollhofstraße 4, 67061 Ludwigshafen am Rhein		1	1
264	2024-10-14 07:02:24.917179+00	2024-10-14 07:02:24.917179+00	pi	ma	Mircea-Petrișor	Grigore					0040742894048		Abrichstraße 21, 79108 Freiburg im Breisgau		1	1
282	2024-10-22 11:18:31.675583+00	2024-10-22 11:18:31.675583+00	pi	wo	Larysa	Dolynska						ned20162016@gmail.com			1	1
265	2024-10-14 10:38:31.937577+00	2024-10-14 10:41:58.755022+00	pi	wo	Andreea-Grațiela	Cruceriu					004917655790970		Markstiege 12, 49716 Meppen		1	1
266	2024-10-14 13:25:29.919809+00	2024-10-14 13:25:29.919809+00	pi	ma	Matthias	Meyer					0049621591040	dr.meyer@notare-mw.de	Zollhofstraße 3, 67059 Ludwigshafen am Rhein	Notar	1	1
267	2024-10-14 13:57:25.668864+00	2024-10-14 13:57:25.668864+00	pi	ma	Vlăduț	Ignat					004917646024631		Margarethenstraße 6, 49685 Emstek 		1	1
283	2024-10-22 11:48:53.573608+00	2024-10-22 11:48:53.573608+00	pi	wo	Cristina	Bejenaru					0041762152807		Brühlstraße 5, 79780 Stühlingen		1	1
284	2024-10-23 07:17:19.27197+00	2024-10-23 07:17:19.27197+00	pi	ma	Daniel	Eichenauer					00493067066890	post@eichenauer.berlin	Königsweg 300, 14109 Berlin	Notar	1	1
269	2024-10-15 09:49:37.577251+00	2024-10-15 09:49:37.577251+00	pi	ma	Marius-Valentin	Dumitru					0040764405105		Turnitzstr. 5, 91522 Ansbach		1	1
268	2024-10-15 07:43:01.94135+00	2024-10-16 07:28:43.89683+00	pi	wo	Ludmila	Cazacu					0037362167039		Großstraße 10, 14929 Treuenbrietzen		1	1
270	2024-10-16 07:34:02.539205+00	2024-10-16 07:34:02.539205+00	pi	wo	Marina	Alexa					004915128788790		Straße der Deutschen Einheit 35, 39326 Wolmirstedt		1	1
271	2024-10-16 08:41:01.180317+00	2024-10-16 08:41:01.180317+00	pi	ma	Mario	Devermann					00495931882824	hugen@ra-diekmann.de	Zum Stadtgraben 4, 49716 Meppen	Notar	1	1
272	2024-10-16 11:56:01.573855+00	2024-10-16 11:56:01.573855+00	pi	ma	Burkhard	Lischka					0049390471390	info@notar-lischka.de	Hagenstraße 46, 39340 Haldensleben	Notar	1	1
273	2024-10-17 06:19:55.12343+00	2024-10-17 06:19:55.12343+00	pi	wo	Yevheniia	Omelchenko						solonet86@gmail.com			1	1
274	2024-10-17 08:22:50.117401+00	2024-10-17 08:22:50.117401+00	pi	ma	Florin	Pestrițiu					004915218180385		Moselstr. 25, 60329 Frankfurt		1	1
275	2024-10-17 08:31:33.052254+00	2024-10-17 08:31:33.052254+00	pi	ma	Andrei	Mateeș					004915145689716		Holunderweg 3, 73494 Rosenberg		1	1
276	2024-10-17 12:21:03.242931+00	2024-10-17 12:21:03.242931+00	pi	wo	Angela	Kasikci					0049610323057	Kasikci@brief-und-siegel.eu	Darmstädter Straße 19, 63225 Langen (Hessen)	Notar	1	1
277	2024-10-18 08:25:22.741988+00	2024-10-18 08:25:22.741988+00	pi	wo	Augustia Maria	Vâga					0040743277985		Teigelkamp 17, 48324 Sendenhorst		1	1
278	2024-10-18 09:10:38.510965+00	2024-10-18 09:10:38.510965+00	pi	ma	Thomas	Höfer					004979619335330	Kanzlei@Notar-Hoefer.de	Sebastiansgraben 7, 73479 Ellwangen (Jagst)	Notar	1	1
285	2024-10-23 07:19:49.430841+00	2024-10-23 07:19:49.430841+00	pi	ma	André	Aust					0049236125018	kanzlei@rechtsanwalt-aust.de	Hertener Straße 28, 45657 Recklinghausen	Notar	1	1
286	2024-10-23 07:35:05.735739+00	2024-10-23 07:35:05.735739+00	pi	ma	Gabriel-Marcel	Hanza					0040753587247		Sommertal 5, 97478 Knetzgau-Oberschwappach		1	1
287	2024-10-24 08:49:27.374513+00	2024-10-24 08:49:27.374513+00	pi	wo	Ioana	Pernea					00491737248314		Lerchenauer Str. 12, 80809 München		1	1
288	2024-10-24 09:44:36.018523+00	2024-10-24 09:44:36.018523+00	pi	wo	Auras	Beata					0040720717388		Burgstraße 14, 63654 Büdingen		1	1
289	2024-10-24 09:51:28.840073+00	2024-10-24 09:51:28.840073+00	pi	ma	Vasile	Dumitru					004917689165244		Marienstraße 57, 21073 Hamburg		1	1
290	2024-10-24 13:01:28.017266+00	2024-10-24 13:01:28.017266+00	pi	ma	Jörg	Theilig					00499521605960	info@notar-theilig.de	Hauptstraße 70, 97437 Haßfurt	Notar	1	1
291	2024-10-25 08:18:26.310413+00	2024-10-25 08:18:26.310413+00	pi	ma	Florin-Gabriel	Stoica					0040732306460		Tannenschlag 8, 66539 Neunkirchen		1	1
292	2024-10-27 17:34:02.244058+00	2024-10-27 17:34:02.244058+00	pi	wo	Elvira	Rubins					004917683030042		Otto-Flake-Str. 14, 76530 Baden-Baden		1	1
294	2024-10-28 09:40:54.670103+00	2024-10-28 09:40:54.670103+00	pi	ma	Matthias	Beck					00496821931620	info@notarbeck.de	Bahnhofstraße 47, 66538 Neunkirchen	Notar	1	1
293	2024-10-27 17:48:07.187828+00	2024-10-28 15:15:41.462843+00	pi	ma	Oleksandr	Kos					00491747432884	marinaholivchuk@gmail.com	Zerbster Chaussee 11, 39288 Burg		1	1
324	2024-11-25 09:38:59.72135+00	2024-11-25 09:45:40.017751+00	pi	ma	Cristian	Terinte 					0037369092255	ingaterinte@gmail.com	Bahnikstraße 13, 39112 Magdeburg		1	1
297	2024-10-31 08:16:28.284045+00	2024-10-31 08:16:28.284045+00	pi	ma	Constantin	Motan					004916092532552		Weingartenstraße 1, 61203 Reichelsheim		1	1
299	2024-10-31 13:27:42.484217+00	2024-10-31 13:27:42.484217+00	pi	ma	Ardeleanu	Cosmin					0040749618040		Grenzallee 77, 12057 Berlin		1	1
325	2024-11-25 10:22:34.554839+00	2024-11-25 10:22:34.554839+00	pi	ma	Hans-Joachim 	Matthei					004969781584	notar-matthei@t-online.de	Strubbergstraße 70, 60489 Frankfurt am Main	Notar	1	1
296	2024-10-29 13:51:07.994015+00	2024-10-31 15:04:25.56562+00	pi	wo	Valentina	Gavrilita							Dennerstr. 68A, 70372 Stuttgart		1	1
298	2024-10-31 10:10:52.623043+00	2024-10-31 15:05:53.193728+00	pi	wo	Grațiela-Florina	Maranescu-Georgevici					0040773993525		Lechfeldstraße 43, 86899 Landsberg am Lech		1	1
300	2024-11-05 08:25:23.240322+00	2024-11-05 08:25:23.240322+00	pi	ma	Ștefan-Ciprian	Obraz-Medrea					0040724356584		Markgrafenstraße 39, 78467 Konstanz		1	1
301	2024-11-05 15:33:12.173945+00	2024-11-06 08:14:22.834506+00	pi	ma	Ioan-Vasile	Cristea					004915221521682	ioan.cristea@simplebit.net	Kurzbauerstrasse 12, 81479 Muenchen		1	1
302	2024-11-07 14:26:09.530359+00	2024-11-07 14:26:09.530359+00	pi	ma	Mihai	Doțen 					00491784444649		Dethlefstwiete 8, 21031 Hamburg		1	1
303	2024-11-07 14:32:20.173335+00	2024-11-07 14:32:20.173335+00	pi	ma	Alexandru	Obada					004915906396015		Tristanstr. 25, 82110 Germering		1	1
304	2024-11-08 10:50:42.091346+00	2024-11-08 10:50:42.091346+00	pi	wo	Ioana Alexandra	Cucu									1	1
305	2024-11-08 15:17:57.252488+00	2024-11-08 15:17:57.252488+00	pi	wo	Andrea	Stutz					00497531921580	stutz@asg-notare.de	Untere Laube 16, 78462 Konstanz	Notar	1	1
306	2024-11-08 17:09:48.791874+00	2024-11-08 17:10:14.410189+00	pi	ma	Anna	Melikian						burgerstrasse9@gmail.com	Leipziger Str. 43, 39120 Magdeburg		1	1
308	2024-11-12 09:30:42.499568+00	2024-11-12 09:30:42.499568+00	pi	ma	Walther	Metzger					00497531363380	post@notarmetzger.de	Reichenaustraße 19a, 78467 Konstanz	Notar	1	1
307	2024-11-11 18:03:23.72837+00	2024-11-12 10:41:57.408839+00	pi	wo	Aurelia	Drăgan					004915204381268		Berghäuser Str. 18, 67354 Römerberg		1	1
309	2024-11-12 11:55:22.317712+00	2024-11-12 11:55:22.317712+00	pi	ma	Dmytro	Lysytsyn									1	1
311	2024-11-12 18:03:33.267596+00	2024-11-12 18:03:33.267596+00	pi	ma	Diana	Gheorghe							Halberstädter Str. 192, 39112 Magdeburg		1	1
312	2024-11-13 08:39:08.334056+00	2024-11-13 08:39:08.334056+00	pi	wo	Raluca	Bâcâin					0040735382388		Kocherstraße 8,72768 Reutlingen		1	1
314	2024-11-14 07:09:36.762911+00	2024-11-14 07:09:36.762911+00	pi	ma	André Pierre	Resch					00497254201460	mail@notar-resch.de	Lorenz-Brentano-Allee 4, 68753 Waghäusel	Notar	1	1
310	2024-11-12 17:53:42.594199+00	2024-11-14 13:42:46.212911+00	pi	ma	Mihail	Ivanov							Mühlenstraße 10, 25355 Barmstedt		1	1
313	2024-11-13 14:18:50.692511+00	2024-11-15 09:56:56.712214+00	pi	wo	Vlada	Zelenska						s.zimonczyk@oks.de	Sputnikstraße 18, 39118 Magdeburg		1	1
315	2024-11-18 09:08:23.872278+00	2024-11-18 09:08:23.872278+00	pi	ma	Jan-Christoph	Stephan					004971215153400	kanzlei@notar-drstephan.de	Wilhelmstraße 40, 72764 Reutlingen	Notar	1	1
295	2024-10-28 16:16:35.028253+00	2024-11-18 10:09:04.620586+00	pi	wo	Mihaela	Gheorghișan					00491784360051		Auguststraße 29, 44629 Herne		1	1
316	2024-11-18 11:56:37.469385+00	2024-11-18 11:56:37.469385+00	pi	ma	David	Miriuță					004915218834131				1	1
317	2024-11-18 12:33:08.488747+00	2024-11-18 14:08:31.655845+00	pi	ma	Marcel	Damean					00393334926691		Hohenthurm 4. Etage, Links,  Zum Dampfkesselbau 27, 06188 Landsberg		1	1
318	2024-11-19 10:17:11.754568+00	2024-11-19 10:17:11.754568+00	pi	ma	Andrei	Andrei					00491729685719		Hauptstraße 28, 56858 Grenderich		1	1
319	2024-11-19 11:24:08.2781+00	2024-11-19 11:24:08.2781+00	pi	wo	Rebeca-Gianina	Bătășan					00491789765808		Weidenbruch 62A, 30851 Langenhagen		1	1
321	2024-11-19 14:32:14.329352+00	2024-11-19 14:32:14.329352+00	pi	wo	Katrin	Erbacher					0049261133920	info@notarin-erbacher.de	Löhrrondell 5, 56068 Koblenz	Notar	1	1
320	2024-11-19 12:26:46.989339+00	2024-11-19 17:17:09.976292+00	pi	ma	Marin-Paul	Hriscu					00491721588732		Langestraße 94a, 31618 Liebenau		1	1
322	2024-11-21 09:19:00.468755+00	2024-11-21 12:21:06.596572+00	pi	ma	Roberta-Elena	Popescu					00491632640704	broberta29@yahoo.com	Autogenstraße 81, 65933 Frankfurt am Main		1	1
323	2024-11-21 12:44:10.145748+00	2024-11-21 12:44:10.145748+00	sp	wo	Susanne	Landgraf					0049345230970	info@notarin-landgraf.de	Wilhelm-Külz-Straße 15, 06108 Halle (Saale)	Notar	1	1
\.


--
-- Data for Name: services_currency; Type: TABLE DATA; Schema: public; Owner: postgres
--

COPY public.services_currency (id, name, symbol) FROM stdin;
1	Euro	€
2	Dollar	$
3	Leu	ron
\.


--
-- Data for Name: services_serial; Type: TABLE DATA; Schema: public; Owner: postgres
--

COPY public.services_serial (id, offer_serial, offer_number, order_serial, order_number, p_order_serial, p_order_number, proforma_serial, proforma_number, invoice_serial, invoice_number, receipt_serial, receipt_number) FROM stdin;
1	A	15	B	210	P	59	PRO	50	RE	93	BE	5
\.


--
-- Data for Name: services_service; Type: TABLE DATA; Schema: public; Owner: postgres
--

COPY public.services_service (id, name, price_min, price_max, icon, currency_id, um_id) FROM stdin;
1	Übersetzung	30.00	55.00	mdi-google-translate	1	1
2	Redaktionsservice	25.00	35.00	mdi-file-word-box	1	1
5	Untertitel	3.00	6.00	mdi-closed-caption	1	6
6	Dolmetschen	50.00	300.00	mdi-message-text-outline	1	5
7	Versand	5.00	10.00	mdi-truck menu-icon	1	1
8	Vermittlung Services	50.00	100.00	mdi-star-box	1	1
4	Vermittlung Apostille	25.00	50.00	mdi-star-circle	1	1
3	Vermittlung Notar	20.00	60.00	mdi-seal	1	1
9	Sonstiges	1.00	100.00	mdi-shape-outline	1	1
\.


--
-- Data for Name: services_status; Type: TABLE DATA; Schema: public; Owner: postgres
--

COPY public.services_status (id, name, style, percent) FROM stdin;
1	Warten	danger	20
2	Bestätigt	primary	40
3	In Bearbeitung	info	60
4	In Überprüfung	warning	80
5	Geliefert	success	100
6	Abgebrochen	dark	100
\.


--
-- Data for Name: services_um; Type: TABLE DATA; Schema: public; Owner: postgres
--

COPY public.services_um (id, name) FROM stdin;
2	S.
3	Zl.
4	Tg.
5	Std.
6	Min.
1	Stk.
\.


--
-- Data for Name: users_customuser; Type: TABLE DATA; Schema: public; Owner: postgres
--

COPY public.users_customuser (id, password, last_login, is_superuser, username, first_name, last_name, email, is_staff, is_active, date_joined, date_of_birth, profile_picture, phone, address) FROM stdin;
1	pbkdf2_sha256$600000$nKiXFtunEEko7PPjNv1tDO$P5Ag7uJYk0N0pkKMH+NWMOBH0lWatJPVSg1gmZNlcOU=	2024-11-18 13:41:17.484194+00	t	agradu	Adrian George	Radu	adrian.george.radu@gmail.com	t	t	2024-05-23 08:09:33.965503+00	1977-03-11	profile_pictures/my-profile-default_Fub3HUt.jpg	00491636299796	Hektorweg 20, 39118, Magdeburg
\.


--
-- Data for Name: users_customuser_groups; Type: TABLE DATA; Schema: public; Owner: postgres
--

COPY public.users_customuser_groups (id, customuser_id, group_id) FROM stdin;
\.


--
-- Data for Name: users_customuser_user_permissions; Type: TABLE DATA; Schema: public; Owner: postgres
--

COPY public.users_customuser_user_permissions (id, customuser_id, permission_id) FROM stdin;
\.


--
-- Name: appointments_appointment_id_seq; Type: SEQUENCE SET; Schema: public; Owner: postgres
--

SELECT pg_catalog.setval('public.appointments_appointment_id_seq', 83, true);


--
-- Name: auth_group_id_seq; Type: SEQUENCE SET; Schema: public; Owner: postgres
--

SELECT pg_catalog.setval('public.auth_group_id_seq', 1, false);


--
-- Name: auth_group_permissions_id_seq; Type: SEQUENCE SET; Schema: public; Owner: postgres
--

SELECT pg_catalog.setval('public.auth_group_permissions_id_seq', 1, false);


--
-- Name: auth_permission_id_seq; Type: SEQUENCE SET; Schema: public; Owner: postgres
--

SELECT pg_catalog.setval('public.auth_permission_id_seq', 92, true);


--
-- Name: django_admin_log_id_seq; Type: SEQUENCE SET; Schema: public; Owner: postgres
--

SELECT pg_catalog.setval('public.django_admin_log_id_seq', 65, true);


--
-- Name: django_content_type_id_seq; Type: SEQUENCE SET; Schema: public; Owner: postgres
--

SELECT pg_catalog.setval('public.django_content_type_id_seq', 23, true);


--
-- Name: django_migrations_id_seq; Type: SEQUENCE SET; Schema: public; Owner: postgres
--

SELECT pg_catalog.setval('public.django_migrations_id_seq', 13, true);


--
-- Name: invoices_invoice_id_seq; Type: SEQUENCE SET; Schema: public; Owner: postgres
--

SELECT pg_catalog.setval('public.invoices_invoice_id_seq', 136, true);


--
-- Name: invoices_invoiceelement_id_seq; Type: SEQUENCE SET; Schema: public; Owner: postgres
--

SELECT pg_catalog.setval('public.invoices_invoiceelement_id_seq', 294, true);


--
-- Name: invoices_proforma_id_seq; Type: SEQUENCE SET; Schema: public; Owner: postgres
--

SELECT pg_catalog.setval('public.invoices_proforma_id_seq', 49, true);


--
-- Name: invoices_proformaelement_id_seq; Type: SEQUENCE SET; Schema: public; Owner: postgres
--

SELECT pg_catalog.setval('public.invoices_proformaelement_id_seq', 113, true);


--
-- Name: orders_offer_id_seq; Type: SEQUENCE SET; Schema: public; Owner: postgres
--

SELECT pg_catalog.setval('public.orders_offer_id_seq', 14, true);


--
-- Name: orders_offerelement_id_seq; Type: SEQUENCE SET; Schema: public; Owner: postgres
--

SELECT pg_catalog.setval('public.orders_offerelement_id_seq', 33, true);


--
-- Name: orders_order_id_seq; Type: SEQUENCE SET; Schema: public; Owner: postgres
--

SELECT pg_catalog.setval('public.orders_order_id_seq', 269, true);


--
-- Name: orders_orderelement_id_seq; Type: SEQUENCE SET; Schema: public; Owner: postgres
--

SELECT pg_catalog.setval('public.orders_orderelement_id_seq', 506, true);


--
-- Name: payments_payment_id_seq; Type: SEQUENCE SET; Schema: public; Owner: postgres
--

SELECT pg_catalog.setval('public.payments_payment_id_seq', 133, true);


--
-- Name: payments_paymentelement_id_seq; Type: SEQUENCE SET; Schema: public; Owner: postgres
--

SELECT pg_catalog.setval('public.payments_paymentelement_id_seq', 134, true);


--
-- Name: persons_person_id_seq; Type: SEQUENCE SET; Schema: public; Owner: postgres
--

SELECT pg_catalog.setval('public.persons_person_id_seq', 325, true);


--
-- Name: services_currency_id_seq; Type: SEQUENCE SET; Schema: public; Owner: postgres
--

SELECT pg_catalog.setval('public.services_currency_id_seq', 3, true);


--
-- Name: services_serial_id_seq; Type: SEQUENCE SET; Schema: public; Owner: postgres
--

SELECT pg_catalog.setval('public.services_serial_id_seq', 1, true);


--
-- Name: services_service_id_seq; Type: SEQUENCE SET; Schema: public; Owner: postgres
--

SELECT pg_catalog.setval('public.services_service_id_seq', 9, true);


--
-- Name: services_status_id_seq; Type: SEQUENCE SET; Schema: public; Owner: postgres
--

SELECT pg_catalog.setval('public.services_status_id_seq', 6, true);


--
-- Name: services_um_id_seq; Type: SEQUENCE SET; Schema: public; Owner: postgres
--

SELECT pg_catalog.setval('public.services_um_id_seq', 6, true);


--
-- Name: users_customuser_groups_id_seq; Type: SEQUENCE SET; Schema: public; Owner: postgres
--

SELECT pg_catalog.setval('public.users_customuser_groups_id_seq', 1, false);


--
-- Name: users_customuser_id_seq; Type: SEQUENCE SET; Schema: public; Owner: postgres
--

SELECT pg_catalog.setval('public.users_customuser_id_seq', 1, true);


--
-- Name: users_customuser_user_permissions_id_seq; Type: SEQUENCE SET; Schema: public; Owner: postgres
--

SELECT pg_catalog.setval('public.users_customuser_user_permissions_id_seq', 1, false);


--
-- Name: appointments_appointment appointments_appointment_pkey; Type: CONSTRAINT; Schema: public; Owner: postgres
--

ALTER TABLE ONLY public.appointments_appointment
    ADD CONSTRAINT appointments_appointment_pkey PRIMARY KEY (id);


--
-- Name: auth_group auth_group_name_key; Type: CONSTRAINT; Schema: public; Owner: postgres
--

ALTER TABLE ONLY public.auth_group
    ADD CONSTRAINT auth_group_name_key UNIQUE (name);


--
-- Name: auth_group_permissions auth_group_permissions_group_id_permission_id_0cd325b0_uniq; Type: CONSTRAINT; Schema: public; Owner: postgres
--

ALTER TABLE ONLY public.auth_group_permissions
    ADD CONSTRAINT auth_group_permissions_group_id_permission_id_0cd325b0_uniq UNIQUE (group_id, permission_id);


--
-- Name: auth_group_permissions auth_group_permissions_pkey; Type: CONSTRAINT; Schema: public; Owner: postgres
--

ALTER TABLE ONLY public.auth_group_permissions
    ADD CONSTRAINT auth_group_permissions_pkey PRIMARY KEY (id);


--
-- Name: auth_group auth_group_pkey; Type: CONSTRAINT; Schema: public; Owner: postgres
--

ALTER TABLE ONLY public.auth_group
    ADD CONSTRAINT auth_group_pkey PRIMARY KEY (id);


--
-- Name: auth_permission auth_permission_content_type_id_codename_01ab375a_uniq; Type: CONSTRAINT; Schema: public; Owner: postgres
--

ALTER TABLE ONLY public.auth_permission
    ADD CONSTRAINT auth_permission_content_type_id_codename_01ab375a_uniq UNIQUE (content_type_id, codename);


--
-- Name: auth_permission auth_permission_pkey; Type: CONSTRAINT; Schema: public; Owner: postgres
--

ALTER TABLE ONLY public.auth_permission
    ADD CONSTRAINT auth_permission_pkey PRIMARY KEY (id);


--
-- Name: django_admin_log django_admin_log_pkey; Type: CONSTRAINT; Schema: public; Owner: postgres
--

ALTER TABLE ONLY public.django_admin_log
    ADD CONSTRAINT django_admin_log_pkey PRIMARY KEY (id);


--
-- Name: django_content_type django_content_type_app_label_model_76bd3d3b_uniq; Type: CONSTRAINT; Schema: public; Owner: postgres
--

ALTER TABLE ONLY public.django_content_type
    ADD CONSTRAINT django_content_type_app_label_model_76bd3d3b_uniq UNIQUE (app_label, model);


--
-- Name: django_content_type django_content_type_pkey; Type: CONSTRAINT; Schema: public; Owner: postgres
--

ALTER TABLE ONLY public.django_content_type
    ADD CONSTRAINT django_content_type_pkey PRIMARY KEY (id);


--
-- Name: django_migrations django_migrations_pkey; Type: CONSTRAINT; Schema: public; Owner: postgres
--

ALTER TABLE ONLY public.django_migrations
    ADD CONSTRAINT django_migrations_pkey PRIMARY KEY (id);


--
-- Name: django_session django_session_pkey; Type: CONSTRAINT; Schema: public; Owner: postgres
--

ALTER TABLE ONLY public.django_session
    ADD CONSTRAINT django_session_pkey PRIMARY KEY (session_key);


--
-- Name: invoices_invoice invoices_invoice_pkey; Type: CONSTRAINT; Schema: public; Owner: postgres
--

ALTER TABLE ONLY public.invoices_invoice
    ADD CONSTRAINT invoices_invoice_pkey PRIMARY KEY (id);


--
-- Name: invoices_invoiceelement invoices_invoiceelement_pkey; Type: CONSTRAINT; Schema: public; Owner: postgres
--

ALTER TABLE ONLY public.invoices_invoiceelement
    ADD CONSTRAINT invoices_invoiceelement_pkey PRIMARY KEY (id);


--
-- Name: invoices_proforma invoices_proforma_pkey; Type: CONSTRAINT; Schema: public; Owner: postgres
--

ALTER TABLE ONLY public.invoices_proforma
    ADD CONSTRAINT invoices_proforma_pkey PRIMARY KEY (id);


--
-- Name: invoices_proformaelement invoices_proformaelement_pkey; Type: CONSTRAINT; Schema: public; Owner: postgres
--

ALTER TABLE ONLY public.invoices_proformaelement
    ADD CONSTRAINT invoices_proformaelement_pkey PRIMARY KEY (id);


--
-- Name: orders_offer orders_offer_pkey; Type: CONSTRAINT; Schema: public; Owner: postgres
--

ALTER TABLE ONLY public.orders_offer
    ADD CONSTRAINT orders_offer_pkey PRIMARY KEY (id);


--
-- Name: orders_offerelement orders_offerelement_pkey; Type: CONSTRAINT; Schema: public; Owner: postgres
--

ALTER TABLE ONLY public.orders_offerelement
    ADD CONSTRAINT orders_offerelement_pkey PRIMARY KEY (id);


--
-- Name: orders_order orders_order_pkey; Type: CONSTRAINT; Schema: public; Owner: postgres
--

ALTER TABLE ONLY public.orders_order
    ADD CONSTRAINT orders_order_pkey PRIMARY KEY (id);


--
-- Name: orders_orderelement orders_orderelement_pkey; Type: CONSTRAINT; Schema: public; Owner: postgres
--

ALTER TABLE ONLY public.orders_orderelement
    ADD CONSTRAINT orders_orderelement_pkey PRIMARY KEY (id);


--
-- Name: payments_payment payments_payment_pkey; Type: CONSTRAINT; Schema: public; Owner: postgres
--

ALTER TABLE ONLY public.payments_payment
    ADD CONSTRAINT payments_payment_pkey PRIMARY KEY (id);


--
-- Name: payments_paymentelement payments_paymentelement_pkey; Type: CONSTRAINT; Schema: public; Owner: postgres
--

ALTER TABLE ONLY public.payments_paymentelement
    ADD CONSTRAINT payments_paymentelement_pkey PRIMARY KEY (id);


--
-- Name: persons_person persons_person_pkey; Type: CONSTRAINT; Schema: public; Owner: postgres
--

ALTER TABLE ONLY public.persons_person
    ADD CONSTRAINT persons_person_pkey PRIMARY KEY (id);


--
-- Name: services_currency services_currency_pkey; Type: CONSTRAINT; Schema: public; Owner: postgres
--

ALTER TABLE ONLY public.services_currency
    ADD CONSTRAINT services_currency_pkey PRIMARY KEY (id);


--
-- Name: services_serial services_serial_pkey; Type: CONSTRAINT; Schema: public; Owner: postgres
--

ALTER TABLE ONLY public.services_serial
    ADD CONSTRAINT services_serial_pkey PRIMARY KEY (id);


--
-- Name: services_service services_service_pkey; Type: CONSTRAINT; Schema: public; Owner: postgres
--

ALTER TABLE ONLY public.services_service
    ADD CONSTRAINT services_service_pkey PRIMARY KEY (id);


--
-- Name: services_status services_status_pkey; Type: CONSTRAINT; Schema: public; Owner: postgres
--

ALTER TABLE ONLY public.services_status
    ADD CONSTRAINT services_status_pkey PRIMARY KEY (id);


--
-- Name: services_um services_um_pkey; Type: CONSTRAINT; Schema: public; Owner: postgres
--

ALTER TABLE ONLY public.services_um
    ADD CONSTRAINT services_um_pkey PRIMARY KEY (id);


--
-- Name: users_customuser_groups users_customuser_groups_customuser_id_group_id_76b619e3_uniq; Type: CONSTRAINT; Schema: public; Owner: postgres
--

ALTER TABLE ONLY public.users_customuser_groups
    ADD CONSTRAINT users_customuser_groups_customuser_id_group_id_76b619e3_uniq UNIQUE (customuser_id, group_id);


--
-- Name: users_customuser_groups users_customuser_groups_pkey; Type: CONSTRAINT; Schema: public; Owner: postgres
--

ALTER TABLE ONLY public.users_customuser_groups
    ADD CONSTRAINT users_customuser_groups_pkey PRIMARY KEY (id);


--
-- Name: users_customuser users_customuser_pkey; Type: CONSTRAINT; Schema: public; Owner: postgres
--

ALTER TABLE ONLY public.users_customuser
    ADD CONSTRAINT users_customuser_pkey PRIMARY KEY (id);


--
-- Name: users_customuser_user_permissions users_customuser_user_pe_customuser_id_permission_7a7debf6_uniq; Type: CONSTRAINT; Schema: public; Owner: postgres
--

ALTER TABLE ONLY public.users_customuser_user_permissions
    ADD CONSTRAINT users_customuser_user_pe_customuser_id_permission_7a7debf6_uniq UNIQUE (customuser_id, permission_id);


--
-- Name: users_customuser_user_permissions users_customuser_user_permissions_pkey; Type: CONSTRAINT; Schema: public; Owner: postgres
--

ALTER TABLE ONLY public.users_customuser_user_permissions
    ADD CONSTRAINT users_customuser_user_permissions_pkey PRIMARY KEY (id);


--
-- Name: users_customuser users_customuser_username_key; Type: CONSTRAINT; Schema: public; Owner: postgres
--

ALTER TABLE ONLY public.users_customuser
    ADD CONSTRAINT users_customuser_username_key UNIQUE (username);


--
-- Name: appointments_appointment_created_by_id_f78ea98d; Type: INDEX; Schema: public; Owner: postgres
--

CREATE INDEX appointments_appointment_created_by_id_f78ea98d ON public.appointments_appointment USING btree (created_by_id);


--
-- Name: appointments_appointment_modified_by_id_22436d17; Type: INDEX; Schema: public; Owner: postgres
--

CREATE INDEX appointments_appointment_modified_by_id_22436d17 ON public.appointments_appointment USING btree (modified_by_id);


--
-- Name: appointments_appointment_order_id_669d6867; Type: INDEX; Schema: public; Owner: postgres
--

CREATE INDEX appointments_appointment_order_id_669d6867 ON public.appointments_appointment USING btree (order_id);


--
-- Name: appointments_appointment_person_id_b980751b; Type: INDEX; Schema: public; Owner: postgres
--

CREATE INDEX appointments_appointment_person_id_b980751b ON public.appointments_appointment USING btree (person_id);


--
-- Name: appointments_appointment_status_id_cc02a144; Type: INDEX; Schema: public; Owner: postgres
--

CREATE INDEX appointments_appointment_status_id_cc02a144 ON public.appointments_appointment USING btree (status_id);


--
-- Name: appointments_appointment_with_person_id_aa6ee716; Type: INDEX; Schema: public; Owner: postgres
--

CREATE INDEX appointments_appointment_with_person_id_aa6ee716 ON public.appointments_appointment USING btree (with_person_id);


--
-- Name: auth_group_name_a6ea08ec_like; Type: INDEX; Schema: public; Owner: postgres
--

CREATE INDEX auth_group_name_a6ea08ec_like ON public.auth_group USING btree (name varchar_pattern_ops);


--
-- Name: auth_group_permissions_group_id_b120cbf9; Type: INDEX; Schema: public; Owner: postgres
--

CREATE INDEX auth_group_permissions_group_id_b120cbf9 ON public.auth_group_permissions USING btree (group_id);


--
-- Name: auth_group_permissions_permission_id_84c5c92e; Type: INDEX; Schema: public; Owner: postgres
--

CREATE INDEX auth_group_permissions_permission_id_84c5c92e ON public.auth_group_permissions USING btree (permission_id);


--
-- Name: auth_permission_content_type_id_2f476e4b; Type: INDEX; Schema: public; Owner: postgres
--

CREATE INDEX auth_permission_content_type_id_2f476e4b ON public.auth_permission USING btree (content_type_id);


--
-- Name: django_admin_log_content_type_id_c4bce8eb; Type: INDEX; Schema: public; Owner: postgres
--

CREATE INDEX django_admin_log_content_type_id_c4bce8eb ON public.django_admin_log USING btree (content_type_id);


--
-- Name: django_admin_log_user_id_c564eba6; Type: INDEX; Schema: public; Owner: postgres
--

CREATE INDEX django_admin_log_user_id_c564eba6 ON public.django_admin_log USING btree (user_id);


--
-- Name: django_session_expire_date_a5c62663; Type: INDEX; Schema: public; Owner: postgres
--

CREATE INDEX django_session_expire_date_a5c62663 ON public.django_session USING btree (expire_date);


--
-- Name: django_session_session_key_c0390e0f_like; Type: INDEX; Schema: public; Owner: postgres
--

CREATE INDEX django_session_session_key_c0390e0f_like ON public.django_session USING btree (session_key varchar_pattern_ops);


--
-- Name: invoices_invoice_cancellation_to_id_faa13c89; Type: INDEX; Schema: public; Owner: postgres
--

CREATE INDEX invoices_invoice_cancellation_to_id_faa13c89 ON public.invoices_invoice USING btree (cancellation_to_id);


--
-- Name: invoices_invoice_cancelled_from_id_0cfb7df9; Type: INDEX; Schema: public; Owner: postgres
--

CREATE INDEX invoices_invoice_cancelled_from_id_0cfb7df9 ON public.invoices_invoice USING btree (cancelled_from_id);


--
-- Name: invoices_invoice_created_by_id_9b878bcd; Type: INDEX; Schema: public; Owner: postgres
--

CREATE INDEX invoices_invoice_created_by_id_9b878bcd ON public.invoices_invoice USING btree (created_by_id);


--
-- Name: invoices_invoice_currency_id_f922a250; Type: INDEX; Schema: public; Owner: postgres
--

CREATE INDEX invoices_invoice_currency_id_f922a250 ON public.invoices_invoice USING btree (currency_id);


--
-- Name: invoices_invoice_modified_by_id_6d226ff8; Type: INDEX; Schema: public; Owner: postgres
--

CREATE INDEX invoices_invoice_modified_by_id_6d226ff8 ON public.invoices_invoice USING btree (modified_by_id);


--
-- Name: invoices_invoice_person_id_f4f3d6cc; Type: INDEX; Schema: public; Owner: postgres
--

CREATE INDEX invoices_invoice_person_id_f4f3d6cc ON public.invoices_invoice USING btree (person_id);


--
-- Name: invoices_invoiceelement_element_id_19cbec62; Type: INDEX; Schema: public; Owner: postgres
--

CREATE INDEX invoices_invoiceelement_element_id_19cbec62 ON public.invoices_invoiceelement USING btree (element_id);


--
-- Name: invoices_invoiceelement_invoice_id_1f706342; Type: INDEX; Schema: public; Owner: postgres
--

CREATE INDEX invoices_invoiceelement_invoice_id_1f706342 ON public.invoices_invoiceelement USING btree (invoice_id);


--
-- Name: invoices_proforma_created_by_id_efdf6620; Type: INDEX; Schema: public; Owner: postgres
--

CREATE INDEX invoices_proforma_created_by_id_efdf6620 ON public.invoices_proforma USING btree (created_by_id);


--
-- Name: invoices_proforma_currency_id_df09c137; Type: INDEX; Schema: public; Owner: postgres
--

CREATE INDEX invoices_proforma_currency_id_df09c137 ON public.invoices_proforma USING btree (currency_id);


--
-- Name: invoices_proforma_invoice_id_80fba2d3; Type: INDEX; Schema: public; Owner: postgres
--

CREATE INDEX invoices_proforma_invoice_id_80fba2d3 ON public.invoices_proforma USING btree (invoice_id);


--
-- Name: invoices_proforma_modified_by_id_b04a2ae5; Type: INDEX; Schema: public; Owner: postgres
--

CREATE INDEX invoices_proforma_modified_by_id_b04a2ae5 ON public.invoices_proforma USING btree (modified_by_id);


--
-- Name: invoices_proforma_person_id_7b137bae; Type: INDEX; Schema: public; Owner: postgres
--

CREATE INDEX invoices_proforma_person_id_7b137bae ON public.invoices_proforma USING btree (person_id);


--
-- Name: invoices_proformaelement_element_id_8a5c686e; Type: INDEX; Schema: public; Owner: postgres
--

CREATE INDEX invoices_proformaelement_element_id_8a5c686e ON public.invoices_proformaelement USING btree (element_id);


--
-- Name: invoices_proformaelement_proforma_id_aa050f75; Type: INDEX; Schema: public; Owner: postgres
--

CREATE INDEX invoices_proformaelement_proforma_id_aa050f75 ON public.invoices_proformaelement USING btree (proforma_id);


--
-- Name: orders_offer_created_by_id_369700b8; Type: INDEX; Schema: public; Owner: postgres
--

CREATE INDEX orders_offer_created_by_id_369700b8 ON public.orders_offer USING btree (created_by_id);


--
-- Name: orders_offer_currency_id_696eb297; Type: INDEX; Schema: public; Owner: postgres
--

CREATE INDEX orders_offer_currency_id_696eb297 ON public.orders_offer USING btree (currency_id);


--
-- Name: orders_offer_modified_by_id_ee8bcab9; Type: INDEX; Schema: public; Owner: postgres
--

CREATE INDEX orders_offer_modified_by_id_ee8bcab9 ON public.orders_offer USING btree (modified_by_id);


--
-- Name: orders_offer_order_id_9bf658f4; Type: INDEX; Schema: public; Owner: postgres
--

CREATE INDEX orders_offer_order_id_9bf658f4 ON public.orders_offer USING btree (order_id);


--
-- Name: orders_offer_person_id_de817dc8; Type: INDEX; Schema: public; Owner: postgres
--

CREATE INDEX orders_offer_person_id_de817dc8 ON public.orders_offer USING btree (person_id);


--
-- Name: orders_offer_status_id_c83cfd8e; Type: INDEX; Schema: public; Owner: postgres
--

CREATE INDEX orders_offer_status_id_c83cfd8e ON public.orders_offer USING btree (status_id);


--
-- Name: orders_offerelement_offer_id_6734b70c; Type: INDEX; Schema: public; Owner: postgres
--

CREATE INDEX orders_offerelement_offer_id_6734b70c ON public.orders_offerelement USING btree (offer_id);


--
-- Name: orders_offerelement_service_id_0924159f; Type: INDEX; Schema: public; Owner: postgres
--

CREATE INDEX orders_offerelement_service_id_0924159f ON public.orders_offerelement USING btree (service_id);


--
-- Name: orders_offerelement_um_id_de0a57f0; Type: INDEX; Schema: public; Owner: postgres
--

CREATE INDEX orders_offerelement_um_id_de0a57f0 ON public.orders_offerelement USING btree (um_id);


--
-- Name: orders_order_created_by_id_d5f5e69c; Type: INDEX; Schema: public; Owner: postgres
--

CREATE INDEX orders_order_created_by_id_d5f5e69c ON public.orders_order USING btree (created_by_id);


--
-- Name: orders_order_currency_id_9cff0fbe; Type: INDEX; Schema: public; Owner: postgres
--

CREATE INDEX orders_order_currency_id_9cff0fbe ON public.orders_order USING btree (currency_id);


--
-- Name: orders_order_modified_by_id_e3d0e963; Type: INDEX; Schema: public; Owner: postgres
--

CREATE INDEX orders_order_modified_by_id_e3d0e963 ON public.orders_order USING btree (modified_by_id);


--
-- Name: orders_order_person_id_d83c6a37; Type: INDEX; Schema: public; Owner: postgres
--

CREATE INDEX orders_order_person_id_d83c6a37 ON public.orders_order USING btree (person_id);


--
-- Name: orders_order_status_id_d80abc38; Type: INDEX; Schema: public; Owner: postgres
--

CREATE INDEX orders_order_status_id_d80abc38 ON public.orders_order USING btree (status_id);


--
-- Name: orders_orderelement_order_id_9397fdd1; Type: INDEX; Schema: public; Owner: postgres
--

CREATE INDEX orders_orderelement_order_id_9397fdd1 ON public.orders_orderelement USING btree (order_id);


--
-- Name: orders_orderelement_service_id_91009470; Type: INDEX; Schema: public; Owner: postgres
--

CREATE INDEX orders_orderelement_service_id_91009470 ON public.orders_orderelement USING btree (service_id);


--
-- Name: orders_orderelement_status_id_73c77d38; Type: INDEX; Schema: public; Owner: postgres
--

CREATE INDEX orders_orderelement_status_id_73c77d38 ON public.orders_orderelement USING btree (status_id);


--
-- Name: orders_orderelement_um_id_ddb5193a; Type: INDEX; Schema: public; Owner: postgres
--

CREATE INDEX orders_orderelement_um_id_ddb5193a ON public.orders_orderelement USING btree (um_id);


--
-- Name: payments_payment_created_by_id_28f0e284; Type: INDEX; Schema: public; Owner: postgres
--

CREATE INDEX payments_payment_created_by_id_28f0e284 ON public.payments_payment USING btree (created_by_id);


--
-- Name: payments_payment_currency_id_f5833642; Type: INDEX; Schema: public; Owner: postgres
--

CREATE INDEX payments_payment_currency_id_f5833642 ON public.payments_payment USING btree (currency_id);


--
-- Name: payments_payment_modified_by_id_ba7b68cf; Type: INDEX; Schema: public; Owner: postgres
--

CREATE INDEX payments_payment_modified_by_id_ba7b68cf ON public.payments_payment USING btree (modified_by_id);


--
-- Name: payments_payment_person_id_2dfa1221; Type: INDEX; Schema: public; Owner: postgres
--

CREATE INDEX payments_payment_person_id_2dfa1221 ON public.payments_payment USING btree (person_id);


--
-- Name: payments_paymentelement_invoice_id_0d1e7066; Type: INDEX; Schema: public; Owner: postgres
--

CREATE INDEX payments_paymentelement_invoice_id_0d1e7066 ON public.payments_paymentelement USING btree (invoice_id);


--
-- Name: payments_paymentelement_payment_id_0b3094b8; Type: INDEX; Schema: public; Owner: postgres
--

CREATE INDEX payments_paymentelement_payment_id_0b3094b8 ON public.payments_paymentelement USING btree (payment_id);


--
-- Name: persons_person_created_by_id_b461943e; Type: INDEX; Schema: public; Owner: postgres
--

CREATE INDEX persons_person_created_by_id_b461943e ON public.persons_person USING btree (created_by_id);


--
-- Name: persons_person_modified_by_id_f946de2c; Type: INDEX; Schema: public; Owner: postgres
--

CREATE INDEX persons_person_modified_by_id_f946de2c ON public.persons_person USING btree (modified_by_id);


--
-- Name: services_service_currency_id_52bfeed9; Type: INDEX; Schema: public; Owner: postgres
--

CREATE INDEX services_service_currency_id_52bfeed9 ON public.services_service USING btree (currency_id);


--
-- Name: services_service_um_id_b105f1b2; Type: INDEX; Schema: public; Owner: postgres
--

CREATE INDEX services_service_um_id_b105f1b2 ON public.services_service USING btree (um_id);


--
-- Name: users_customuser_groups_customuser_id_958147bf; Type: INDEX; Schema: public; Owner: postgres
--

CREATE INDEX users_customuser_groups_customuser_id_958147bf ON public.users_customuser_groups USING btree (customuser_id);


--
-- Name: users_customuser_groups_group_id_01390b14; Type: INDEX; Schema: public; Owner: postgres
--

CREATE INDEX users_customuser_groups_group_id_01390b14 ON public.users_customuser_groups USING btree (group_id);


--
-- Name: users_customuser_user_permissions_customuser_id_5771478b; Type: INDEX; Schema: public; Owner: postgres
--

CREATE INDEX users_customuser_user_permissions_customuser_id_5771478b ON public.users_customuser_user_permissions USING btree (customuser_id);


--
-- Name: users_customuser_user_permissions_permission_id_baaa2f74; Type: INDEX; Schema: public; Owner: postgres
--

CREATE INDEX users_customuser_user_permissions_permission_id_baaa2f74 ON public.users_customuser_user_permissions USING btree (permission_id);


--
-- Name: users_customuser_username_80452fdf_like; Type: INDEX; Schema: public; Owner: postgres
--

CREATE INDEX users_customuser_username_80452fdf_like ON public.users_customuser USING btree (username varchar_pattern_ops);


--
-- Name: appointments_appointment appointments_appoint_created_by_id_f78ea98d_fk_users_cus; Type: FK CONSTRAINT; Schema: public; Owner: postgres
--

ALTER TABLE ONLY public.appointments_appointment
    ADD CONSTRAINT appointments_appoint_created_by_id_f78ea98d_fk_users_cus FOREIGN KEY (created_by_id) REFERENCES public.users_customuser(id) DEFERRABLE INITIALLY DEFERRED;


--
-- Name: appointments_appointment appointments_appoint_modified_by_id_22436d17_fk_users_cus; Type: FK CONSTRAINT; Schema: public; Owner: postgres
--

ALTER TABLE ONLY public.appointments_appointment
    ADD CONSTRAINT appointments_appoint_modified_by_id_22436d17_fk_users_cus FOREIGN KEY (modified_by_id) REFERENCES public.users_customuser(id) DEFERRABLE INITIALLY DEFERRED;


--
-- Name: appointments_appointment appointments_appoint_person_id_b980751b_fk_persons_p; Type: FK CONSTRAINT; Schema: public; Owner: postgres
--

ALTER TABLE ONLY public.appointments_appointment
    ADD CONSTRAINT appointments_appoint_person_id_b980751b_fk_persons_p FOREIGN KEY (person_id) REFERENCES public.persons_person(id) DEFERRABLE INITIALLY DEFERRED;


--
-- Name: appointments_appointment appointments_appoint_status_id_cc02a144_fk_services_; Type: FK CONSTRAINT; Schema: public; Owner: postgres
--

ALTER TABLE ONLY public.appointments_appointment
    ADD CONSTRAINT appointments_appoint_status_id_cc02a144_fk_services_ FOREIGN KEY (status_id) REFERENCES public.services_status(id) DEFERRABLE INITIALLY DEFERRED;


--
-- Name: appointments_appointment appointments_appoint_with_person_id_aa6ee716_fk_persons_p; Type: FK CONSTRAINT; Schema: public; Owner: postgres
--

ALTER TABLE ONLY public.appointments_appointment
    ADD CONSTRAINT appointments_appoint_with_person_id_aa6ee716_fk_persons_p FOREIGN KEY (with_person_id) REFERENCES public.persons_person(id) DEFERRABLE INITIALLY DEFERRED;


--
-- Name: appointments_appointment appointments_appointment_order_id_669d6867_fk_orders_order_id; Type: FK CONSTRAINT; Schema: public; Owner: postgres
--

ALTER TABLE ONLY public.appointments_appointment
    ADD CONSTRAINT appointments_appointment_order_id_669d6867_fk_orders_order_id FOREIGN KEY (order_id) REFERENCES public.orders_order(id) DEFERRABLE INITIALLY DEFERRED;


--
-- Name: auth_group_permissions auth_group_permissio_permission_id_84c5c92e_fk_auth_perm; Type: FK CONSTRAINT; Schema: public; Owner: postgres
--

ALTER TABLE ONLY public.auth_group_permissions
    ADD CONSTRAINT auth_group_permissio_permission_id_84c5c92e_fk_auth_perm FOREIGN KEY (permission_id) REFERENCES public.auth_permission(id) DEFERRABLE INITIALLY DEFERRED;


--
-- Name: auth_group_permissions auth_group_permissions_group_id_b120cbf9_fk_auth_group_id; Type: FK CONSTRAINT; Schema: public; Owner: postgres
--

ALTER TABLE ONLY public.auth_group_permissions
    ADD CONSTRAINT auth_group_permissions_group_id_b120cbf9_fk_auth_group_id FOREIGN KEY (group_id) REFERENCES public.auth_group(id) DEFERRABLE INITIALLY DEFERRED;


--
-- Name: auth_permission auth_permission_content_type_id_2f476e4b_fk_django_co; Type: FK CONSTRAINT; Schema: public; Owner: postgres
--

ALTER TABLE ONLY public.auth_permission
    ADD CONSTRAINT auth_permission_content_type_id_2f476e4b_fk_django_co FOREIGN KEY (content_type_id) REFERENCES public.django_content_type(id) DEFERRABLE INITIALLY DEFERRED;


--
-- Name: django_admin_log django_admin_log_content_type_id_c4bce8eb_fk_django_co; Type: FK CONSTRAINT; Schema: public; Owner: postgres
--

ALTER TABLE ONLY public.django_admin_log
    ADD CONSTRAINT django_admin_log_content_type_id_c4bce8eb_fk_django_co FOREIGN KEY (content_type_id) REFERENCES public.django_content_type(id) DEFERRABLE INITIALLY DEFERRED;


--
-- Name: django_admin_log django_admin_log_user_id_c564eba6_fk_users_customuser_id; Type: FK CONSTRAINT; Schema: public; Owner: postgres
--

ALTER TABLE ONLY public.django_admin_log
    ADD CONSTRAINT django_admin_log_user_id_c564eba6_fk_users_customuser_id FOREIGN KEY (user_id) REFERENCES public.users_customuser(id) DEFERRABLE INITIALLY DEFERRED;


--
-- Name: invoices_invoice invoices_invoice_cancellation_to_id_faa13c89_fk_invoices_; Type: FK CONSTRAINT; Schema: public; Owner: postgres
--

ALTER TABLE ONLY public.invoices_invoice
    ADD CONSTRAINT invoices_invoice_cancellation_to_id_faa13c89_fk_invoices_ FOREIGN KEY (cancellation_to_id) REFERENCES public.invoices_invoice(id) DEFERRABLE INITIALLY DEFERRED;


--
-- Name: invoices_invoice invoices_invoice_cancelled_from_id_0cfb7df9_fk_invoices_; Type: FK CONSTRAINT; Schema: public; Owner: postgres
--

ALTER TABLE ONLY public.invoices_invoice
    ADD CONSTRAINT invoices_invoice_cancelled_from_id_0cfb7df9_fk_invoices_ FOREIGN KEY (cancelled_from_id) REFERENCES public.invoices_invoice(id) DEFERRABLE INITIALLY DEFERRED;


--
-- Name: invoices_invoice invoices_invoice_created_by_id_9b878bcd_fk_users_customuser_id; Type: FK CONSTRAINT; Schema: public; Owner: postgres
--

ALTER TABLE ONLY public.invoices_invoice
    ADD CONSTRAINT invoices_invoice_created_by_id_9b878bcd_fk_users_customuser_id FOREIGN KEY (created_by_id) REFERENCES public.users_customuser(id) DEFERRABLE INITIALLY DEFERRED;


--
-- Name: invoices_invoice invoices_invoice_currency_id_f922a250_fk_services_currency_id; Type: FK CONSTRAINT; Schema: public; Owner: postgres
--

ALTER TABLE ONLY public.invoices_invoice
    ADD CONSTRAINT invoices_invoice_currency_id_f922a250_fk_services_currency_id FOREIGN KEY (currency_id) REFERENCES public.services_currency(id) DEFERRABLE INITIALLY DEFERRED;


--
-- Name: invoices_invoice invoices_invoice_modified_by_id_6d226ff8_fk_users_customuser_id; Type: FK CONSTRAINT; Schema: public; Owner: postgres
--

ALTER TABLE ONLY public.invoices_invoice
    ADD CONSTRAINT invoices_invoice_modified_by_id_6d226ff8_fk_users_customuser_id FOREIGN KEY (modified_by_id) REFERENCES public.users_customuser(id) DEFERRABLE INITIALLY DEFERRED;


--
-- Name: invoices_invoice invoices_invoice_person_id_f4f3d6cc_fk_persons_person_id; Type: FK CONSTRAINT; Schema: public; Owner: postgres
--

ALTER TABLE ONLY public.invoices_invoice
    ADD CONSTRAINT invoices_invoice_person_id_f4f3d6cc_fk_persons_person_id FOREIGN KEY (person_id) REFERENCES public.persons_person(id) DEFERRABLE INITIALLY DEFERRED;


--
-- Name: invoices_invoiceelement invoices_invoiceelem_element_id_19cbec62_fk_orders_or; Type: FK CONSTRAINT; Schema: public; Owner: postgres
--

ALTER TABLE ONLY public.invoices_invoiceelement
    ADD CONSTRAINT invoices_invoiceelem_element_id_19cbec62_fk_orders_or FOREIGN KEY (element_id) REFERENCES public.orders_orderelement(id) DEFERRABLE INITIALLY DEFERRED;


--
-- Name: invoices_invoiceelement invoices_invoiceelem_invoice_id_1f706342_fk_invoices_; Type: FK CONSTRAINT; Schema: public; Owner: postgres
--

ALTER TABLE ONLY public.invoices_invoiceelement
    ADD CONSTRAINT invoices_invoiceelem_invoice_id_1f706342_fk_invoices_ FOREIGN KEY (invoice_id) REFERENCES public.invoices_invoice(id) DEFERRABLE INITIALLY DEFERRED;


--
-- Name: invoices_proforma invoices_proforma_created_by_id_efdf6620_fk_users_customuser_id; Type: FK CONSTRAINT; Schema: public; Owner: postgres
--

ALTER TABLE ONLY public.invoices_proforma
    ADD CONSTRAINT invoices_proforma_created_by_id_efdf6620_fk_users_customuser_id FOREIGN KEY (created_by_id) REFERENCES public.users_customuser(id) DEFERRABLE INITIALLY DEFERRED;


--
-- Name: invoices_proforma invoices_proforma_currency_id_df09c137_fk_services_currency_id; Type: FK CONSTRAINT; Schema: public; Owner: postgres
--

ALTER TABLE ONLY public.invoices_proforma
    ADD CONSTRAINT invoices_proforma_currency_id_df09c137_fk_services_currency_id FOREIGN KEY (currency_id) REFERENCES public.services_currency(id) DEFERRABLE INITIALLY DEFERRED;


--
-- Name: invoices_proforma invoices_proforma_invoice_id_80fba2d3_fk_invoices_invoice_id; Type: FK CONSTRAINT; Schema: public; Owner: postgres
--

ALTER TABLE ONLY public.invoices_proforma
    ADD CONSTRAINT invoices_proforma_invoice_id_80fba2d3_fk_invoices_invoice_id FOREIGN KEY (invoice_id) REFERENCES public.invoices_invoice(id) DEFERRABLE INITIALLY DEFERRED;


--
-- Name: invoices_proforma invoices_proforma_modified_by_id_b04a2ae5_fk_users_cus; Type: FK CONSTRAINT; Schema: public; Owner: postgres
--

ALTER TABLE ONLY public.invoices_proforma
    ADD CONSTRAINT invoices_proforma_modified_by_id_b04a2ae5_fk_users_cus FOREIGN KEY (modified_by_id) REFERENCES public.users_customuser(id) DEFERRABLE INITIALLY DEFERRED;


--
-- Name: invoices_proforma invoices_proforma_person_id_7b137bae_fk_persons_person_id; Type: FK CONSTRAINT; Schema: public; Owner: postgres
--

ALTER TABLE ONLY public.invoices_proforma
    ADD CONSTRAINT invoices_proforma_person_id_7b137bae_fk_persons_person_id FOREIGN KEY (person_id) REFERENCES public.persons_person(id) DEFERRABLE INITIALLY DEFERRED;


--
-- Name: invoices_proformaelement invoices_proformaele_element_id_8a5c686e_fk_orders_or; Type: FK CONSTRAINT; Schema: public; Owner: postgres
--

ALTER TABLE ONLY public.invoices_proformaelement
    ADD CONSTRAINT invoices_proformaele_element_id_8a5c686e_fk_orders_or FOREIGN KEY (element_id) REFERENCES public.orders_orderelement(id) DEFERRABLE INITIALLY DEFERRED;


--
-- Name: invoices_proformaelement invoices_proformaele_proforma_id_aa050f75_fk_invoices_; Type: FK CONSTRAINT; Schema: public; Owner: postgres
--

ALTER TABLE ONLY public.invoices_proformaelement
    ADD CONSTRAINT invoices_proformaele_proforma_id_aa050f75_fk_invoices_ FOREIGN KEY (proforma_id) REFERENCES public.invoices_proforma(id) DEFERRABLE INITIALLY DEFERRED;


--
-- Name: orders_offer orders_offer_created_by_id_369700b8_fk_users_customuser_id; Type: FK CONSTRAINT; Schema: public; Owner: postgres
--

ALTER TABLE ONLY public.orders_offer
    ADD CONSTRAINT orders_offer_created_by_id_369700b8_fk_users_customuser_id FOREIGN KEY (created_by_id) REFERENCES public.users_customuser(id) DEFERRABLE INITIALLY DEFERRED;


--
-- Name: orders_offer orders_offer_currency_id_696eb297_fk_services_currency_id; Type: FK CONSTRAINT; Schema: public; Owner: postgres
--

ALTER TABLE ONLY public.orders_offer
    ADD CONSTRAINT orders_offer_currency_id_696eb297_fk_services_currency_id FOREIGN KEY (currency_id) REFERENCES public.services_currency(id) DEFERRABLE INITIALLY DEFERRED;


--
-- Name: orders_offer orders_offer_modified_by_id_ee8bcab9_fk_users_customuser_id; Type: FK CONSTRAINT; Schema: public; Owner: postgres
--

ALTER TABLE ONLY public.orders_offer
    ADD CONSTRAINT orders_offer_modified_by_id_ee8bcab9_fk_users_customuser_id FOREIGN KEY (modified_by_id) REFERENCES public.users_customuser(id) DEFERRABLE INITIALLY DEFERRED;


--
-- Name: orders_offer orders_offer_order_id_9bf658f4_fk_orders_order_id; Type: FK CONSTRAINT; Schema: public; Owner: postgres
--

ALTER TABLE ONLY public.orders_offer
    ADD CONSTRAINT orders_offer_order_id_9bf658f4_fk_orders_order_id FOREIGN KEY (order_id) REFERENCES public.orders_order(id) DEFERRABLE INITIALLY DEFERRED;


--
-- Name: orders_offer orders_offer_person_id_de817dc8_fk_persons_person_id; Type: FK CONSTRAINT; Schema: public; Owner: postgres
--

ALTER TABLE ONLY public.orders_offer
    ADD CONSTRAINT orders_offer_person_id_de817dc8_fk_persons_person_id FOREIGN KEY (person_id) REFERENCES public.persons_person(id) DEFERRABLE INITIALLY DEFERRED;


--
-- Name: orders_offer orders_offer_status_id_c83cfd8e_fk_services_status_id; Type: FK CONSTRAINT; Schema: public; Owner: postgres
--

ALTER TABLE ONLY public.orders_offer
    ADD CONSTRAINT orders_offer_status_id_c83cfd8e_fk_services_status_id FOREIGN KEY (status_id) REFERENCES public.services_status(id) DEFERRABLE INITIALLY DEFERRED;


--
-- Name: orders_offerelement orders_offerelement_offer_id_6734b70c_fk_orders_offer_id; Type: FK CONSTRAINT; Schema: public; Owner: postgres
--

ALTER TABLE ONLY public.orders_offerelement
    ADD CONSTRAINT orders_offerelement_offer_id_6734b70c_fk_orders_offer_id FOREIGN KEY (offer_id) REFERENCES public.orders_offer(id) DEFERRABLE INITIALLY DEFERRED;


--
-- Name: orders_offerelement orders_offerelement_service_id_0924159f_fk_services_service_id; Type: FK CONSTRAINT; Schema: public; Owner: postgres
--

ALTER TABLE ONLY public.orders_offerelement
    ADD CONSTRAINT orders_offerelement_service_id_0924159f_fk_services_service_id FOREIGN KEY (service_id) REFERENCES public.services_service(id) DEFERRABLE INITIALLY DEFERRED;


--
-- Name: orders_offerelement orders_offerelement_um_id_de0a57f0_fk_services_um_id; Type: FK CONSTRAINT; Schema: public; Owner: postgres
--

ALTER TABLE ONLY public.orders_offerelement
    ADD CONSTRAINT orders_offerelement_um_id_de0a57f0_fk_services_um_id FOREIGN KEY (um_id) REFERENCES public.services_um(id) DEFERRABLE INITIALLY DEFERRED;


--
-- Name: orders_order orders_order_created_by_id_d5f5e69c_fk_users_customuser_id; Type: FK CONSTRAINT; Schema: public; Owner: postgres
--

ALTER TABLE ONLY public.orders_order
    ADD CONSTRAINT orders_order_created_by_id_d5f5e69c_fk_users_customuser_id FOREIGN KEY (created_by_id) REFERENCES public.users_customuser(id) DEFERRABLE INITIALLY DEFERRED;


--
-- Name: orders_order orders_order_currency_id_9cff0fbe_fk_services_currency_id; Type: FK CONSTRAINT; Schema: public; Owner: postgres
--

ALTER TABLE ONLY public.orders_order
    ADD CONSTRAINT orders_order_currency_id_9cff0fbe_fk_services_currency_id FOREIGN KEY (currency_id) REFERENCES public.services_currency(id) DEFERRABLE INITIALLY DEFERRED;


--
-- Name: orders_order orders_order_modified_by_id_e3d0e963_fk_users_customuser_id; Type: FK CONSTRAINT; Schema: public; Owner: postgres
--

ALTER TABLE ONLY public.orders_order
    ADD CONSTRAINT orders_order_modified_by_id_e3d0e963_fk_users_customuser_id FOREIGN KEY (modified_by_id) REFERENCES public.users_customuser(id) DEFERRABLE INITIALLY DEFERRED;


--
-- Name: orders_order orders_order_person_id_d83c6a37_fk_persons_person_id; Type: FK CONSTRAINT; Schema: public; Owner: postgres
--

ALTER TABLE ONLY public.orders_order
    ADD CONSTRAINT orders_order_person_id_d83c6a37_fk_persons_person_id FOREIGN KEY (person_id) REFERENCES public.persons_person(id) DEFERRABLE INITIALLY DEFERRED;


--
-- Name: orders_order orders_order_status_id_d80abc38_fk_services_status_id; Type: FK CONSTRAINT; Schema: public; Owner: postgres
--

ALTER TABLE ONLY public.orders_order
    ADD CONSTRAINT orders_order_status_id_d80abc38_fk_services_status_id FOREIGN KEY (status_id) REFERENCES public.services_status(id) DEFERRABLE INITIALLY DEFERRED;


--
-- Name: orders_orderelement orders_orderelement_order_id_9397fdd1_fk_orders_order_id; Type: FK CONSTRAINT; Schema: public; Owner: postgres
--

ALTER TABLE ONLY public.orders_orderelement
    ADD CONSTRAINT orders_orderelement_order_id_9397fdd1_fk_orders_order_id FOREIGN KEY (order_id) REFERENCES public.orders_order(id) DEFERRABLE INITIALLY DEFERRED;


--
-- Name: orders_orderelement orders_orderelement_service_id_91009470_fk_services_service_id; Type: FK CONSTRAINT; Schema: public; Owner: postgres
--

ALTER TABLE ONLY public.orders_orderelement
    ADD CONSTRAINT orders_orderelement_service_id_91009470_fk_services_service_id FOREIGN KEY (service_id) REFERENCES public.services_service(id) DEFERRABLE INITIALLY DEFERRED;


--
-- Name: orders_orderelement orders_orderelement_status_id_73c77d38_fk_services_status_id; Type: FK CONSTRAINT; Schema: public; Owner: postgres
--

ALTER TABLE ONLY public.orders_orderelement
    ADD CONSTRAINT orders_orderelement_status_id_73c77d38_fk_services_status_id FOREIGN KEY (status_id) REFERENCES public.services_status(id) DEFERRABLE INITIALLY DEFERRED;


--
-- Name: orders_orderelement orders_orderelement_um_id_ddb5193a_fk_services_um_id; Type: FK CONSTRAINT; Schema: public; Owner: postgres
--

ALTER TABLE ONLY public.orders_orderelement
    ADD CONSTRAINT orders_orderelement_um_id_ddb5193a_fk_services_um_id FOREIGN KEY (um_id) REFERENCES public.services_um(id) DEFERRABLE INITIALLY DEFERRED;


--
-- Name: payments_payment payments_payment_created_by_id_28f0e284_fk_users_customuser_id; Type: FK CONSTRAINT; Schema: public; Owner: postgres
--

ALTER TABLE ONLY public.payments_payment
    ADD CONSTRAINT payments_payment_created_by_id_28f0e284_fk_users_customuser_id FOREIGN KEY (created_by_id) REFERENCES public.users_customuser(id) DEFERRABLE INITIALLY DEFERRED;


--
-- Name: payments_payment payments_payment_currency_id_f5833642_fk_services_currency_id; Type: FK CONSTRAINT; Schema: public; Owner: postgres
--

ALTER TABLE ONLY public.payments_payment
    ADD CONSTRAINT payments_payment_currency_id_f5833642_fk_services_currency_id FOREIGN KEY (currency_id) REFERENCES public.services_currency(id) DEFERRABLE INITIALLY DEFERRED;


--
-- Name: payments_payment payments_payment_modified_by_id_ba7b68cf_fk_users_customuser_id; Type: FK CONSTRAINT; Schema: public; Owner: postgres
--

ALTER TABLE ONLY public.payments_payment
    ADD CONSTRAINT payments_payment_modified_by_id_ba7b68cf_fk_users_customuser_id FOREIGN KEY (modified_by_id) REFERENCES public.users_customuser(id) DEFERRABLE INITIALLY DEFERRED;


--
-- Name: payments_payment payments_payment_person_id_2dfa1221_fk_persons_person_id; Type: FK CONSTRAINT; Schema: public; Owner: postgres
--

ALTER TABLE ONLY public.payments_payment
    ADD CONSTRAINT payments_payment_person_id_2dfa1221_fk_persons_person_id FOREIGN KEY (person_id) REFERENCES public.persons_person(id) DEFERRABLE INITIALLY DEFERRED;


--
-- Name: payments_paymentelement payments_paymentelem_invoice_id_0d1e7066_fk_invoices_; Type: FK CONSTRAINT; Schema: public; Owner: postgres
--

ALTER TABLE ONLY public.payments_paymentelement
    ADD CONSTRAINT payments_paymentelem_invoice_id_0d1e7066_fk_invoices_ FOREIGN KEY (invoice_id) REFERENCES public.invoices_invoice(id) DEFERRABLE INITIALLY DEFERRED;


--
-- Name: payments_paymentelement payments_paymentelem_payment_id_0b3094b8_fk_payments_; Type: FK CONSTRAINT; Schema: public; Owner: postgres
--

ALTER TABLE ONLY public.payments_paymentelement
    ADD CONSTRAINT payments_paymentelem_payment_id_0b3094b8_fk_payments_ FOREIGN KEY (payment_id) REFERENCES public.payments_payment(id) DEFERRABLE INITIALLY DEFERRED;


--
-- Name: persons_person persons_person_created_by_id_b461943e_fk_users_customuser_id; Type: FK CONSTRAINT; Schema: public; Owner: postgres
--

ALTER TABLE ONLY public.persons_person
    ADD CONSTRAINT persons_person_created_by_id_b461943e_fk_users_customuser_id FOREIGN KEY (created_by_id) REFERENCES public.users_customuser(id) DEFERRABLE INITIALLY DEFERRED;


--
-- Name: persons_person persons_person_modified_by_id_f946de2c_fk_users_customuser_id; Type: FK CONSTRAINT; Schema: public; Owner: postgres
--

ALTER TABLE ONLY public.persons_person
    ADD CONSTRAINT persons_person_modified_by_id_f946de2c_fk_users_customuser_id FOREIGN KEY (modified_by_id) REFERENCES public.users_customuser(id) DEFERRABLE INITIALLY DEFERRED;


--
-- Name: services_service services_service_currency_id_52bfeed9_fk_services_currency_id; Type: FK CONSTRAINT; Schema: public; Owner: postgres
--

ALTER TABLE ONLY public.services_service
    ADD CONSTRAINT services_service_currency_id_52bfeed9_fk_services_currency_id FOREIGN KEY (currency_id) REFERENCES public.services_currency(id) DEFERRABLE INITIALLY DEFERRED;


--
-- Name: services_service services_service_um_id_b105f1b2_fk_services_um_id; Type: FK CONSTRAINT; Schema: public; Owner: postgres
--

ALTER TABLE ONLY public.services_service
    ADD CONSTRAINT services_service_um_id_b105f1b2_fk_services_um_id FOREIGN KEY (um_id) REFERENCES public.services_um(id) DEFERRABLE INITIALLY DEFERRED;


--
-- Name: users_customuser_groups users_customuser_gro_customuser_id_958147bf_fk_users_cus; Type: FK CONSTRAINT; Schema: public; Owner: postgres
--

ALTER TABLE ONLY public.users_customuser_groups
    ADD CONSTRAINT users_customuser_gro_customuser_id_958147bf_fk_users_cus FOREIGN KEY (customuser_id) REFERENCES public.users_customuser(id) DEFERRABLE INITIALLY DEFERRED;


--
-- Name: users_customuser_groups users_customuser_groups_group_id_01390b14_fk_auth_group_id; Type: FK CONSTRAINT; Schema: public; Owner: postgres
--

ALTER TABLE ONLY public.users_customuser_groups
    ADD CONSTRAINT users_customuser_groups_group_id_01390b14_fk_auth_group_id FOREIGN KEY (group_id) REFERENCES public.auth_group(id) DEFERRABLE INITIALLY DEFERRED;


--
-- Name: users_customuser_user_permissions users_customuser_use_customuser_id_5771478b_fk_users_cus; Type: FK CONSTRAINT; Schema: public; Owner: postgres
--

ALTER TABLE ONLY public.users_customuser_user_permissions
    ADD CONSTRAINT users_customuser_use_customuser_id_5771478b_fk_users_cus FOREIGN KEY (customuser_id) REFERENCES public.users_customuser(id) DEFERRABLE INITIALLY DEFERRED;


--
-- Name: users_customuser_user_permissions users_customuser_use_permission_id_baaa2f74_fk_auth_perm; Type: FK CONSTRAINT; Schema: public; Owner: postgres
--

ALTER TABLE ONLY public.users_customuser_user_permissions
    ADD CONSTRAINT users_customuser_use_permission_id_baaa2f74_fk_auth_perm FOREIGN KEY (permission_id) REFERENCES public.auth_permission(id) DEFERRABLE INITIALLY DEFERRED;


--
-- PostgreSQL database dump complete
--

