--
-- PostgreSQL database dump
--

-- Dumped from database version 12.18 (Ubuntu 12.18-0ubuntu0.20.04.1)
-- Dumped by pg_dump version 12.18 (Ubuntu 12.18-0ubuntu0.20.04.1)

SET statement_timeout = 0;
SET lock_timeout = 0;
SET idle_in_transaction_session_timeout = 0;
SET client_encoding = 'UTF8';
SET standard_conforming_strings = on;
SELECT pg_catalog.set_config('search_path', '', false);
SET check_function_bodies = false;
SET xmloption = content;
SET client_min_messages = warning;
SET row_security = off;

SET default_tablespace = '';

SET default_table_access_method = heap;

--
-- Name: appointments_appointment; Type: TABLE; Schema: public; Owner: postgres
--

CREATE TABLE public.appointments_appointment (
    id bigint NOT NULL,
    created_at timestamp with time zone NOT NULL,
    modified_at timestamp with time zone NOT NULL,
    schedule timestamp with time zone NOT NULL,
    description character varying(255) NOT NULL,
    created_by_id bigint,
    modified_by_id bigint,
    order_id bigint,
    person_id bigint,
    status_id bigint NOT NULL,
    with_person_id bigint
);


ALTER TABLE public.appointments_appointment OWNER TO postgres;

--
-- Name: appointments_appointment_id_seq; Type: SEQUENCE; Schema: public; Owner: postgres
--

ALTER TABLE public.appointments_appointment ALTER COLUMN id ADD GENERATED BY DEFAULT AS IDENTITY (
    SEQUENCE NAME public.appointments_appointment_id_seq
    START WITH 1
    INCREMENT BY 1
    NO MINVALUE
    NO MAXVALUE
    CACHE 1
);


--
-- Name: auth_group; Type: TABLE; Schema: public; Owner: postgres
--

CREATE TABLE public.auth_group (
    id integer NOT NULL,
    name character varying(150) NOT NULL
);


ALTER TABLE public.auth_group OWNER TO postgres;

--
-- Name: auth_group_id_seq; Type: SEQUENCE; Schema: public; Owner: postgres
--

ALTER TABLE public.auth_group ALTER COLUMN id ADD GENERATED BY DEFAULT AS IDENTITY (
    SEQUENCE NAME public.auth_group_id_seq
    START WITH 1
    INCREMENT BY 1
    NO MINVALUE
    NO MAXVALUE
    CACHE 1
);


--
-- Name: auth_group_permissions; Type: TABLE; Schema: public; Owner: postgres
--

CREATE TABLE public.auth_group_permissions (
    id bigint NOT NULL,
    group_id integer NOT NULL,
    permission_id integer NOT NULL
);


ALTER TABLE public.auth_group_permissions OWNER TO postgres;

--
-- Name: auth_group_permissions_id_seq; Type: SEQUENCE; Schema: public; Owner: postgres
--

ALTER TABLE public.auth_group_permissions ALTER COLUMN id ADD GENERATED BY DEFAULT AS IDENTITY (
    SEQUENCE NAME public.auth_group_permissions_id_seq
    START WITH 1
    INCREMENT BY 1
    NO MINVALUE
    NO MAXVALUE
    CACHE 1
);


--
-- Name: auth_permission; Type: TABLE; Schema: public; Owner: postgres
--

CREATE TABLE public.auth_permission (
    id integer NOT NULL,
    name character varying(255) NOT NULL,
    codename character varying(100) NOT NULL,
    content_type_id integer NOT NULL
);


ALTER TABLE public.auth_permission OWNER TO postgres;

--
-- Name: auth_permission_id_seq; Type: SEQUENCE; Schema: public; Owner: postgres
--

ALTER TABLE public.auth_permission ALTER COLUMN id ADD GENERATED BY DEFAULT AS IDENTITY (
    SEQUENCE NAME public.auth_permission_id_seq
    START WITH 1
    INCREMENT BY 1
    NO MINVALUE
    NO MAXVALUE
    CACHE 1
);


--
-- Name: django_admin_log; Type: TABLE; Schema: public; Owner: postgres
--

CREATE TABLE public.django_admin_log (
    id integer NOT NULL,
    action_time timestamp with time zone NOT NULL,
    object_id text,
    object_repr character varying(200) NOT NULL,
    action_flag smallint NOT NULL,
    change_message text NOT NULL,
    content_type_id integer,
    user_id bigint NOT NULL,
    CONSTRAINT django_admin_log_action_flag_check CHECK ((action_flag >= 0))
);


ALTER TABLE public.django_admin_log OWNER TO postgres;

--
-- Name: django_admin_log_id_seq; Type: SEQUENCE; Schema: public; Owner: postgres
--

ALTER TABLE public.django_admin_log ALTER COLUMN id ADD GENERATED BY DEFAULT AS IDENTITY (
    SEQUENCE NAME public.django_admin_log_id_seq
    START WITH 1
    INCREMENT BY 1
    NO MINVALUE
    NO MAXVALUE
    CACHE 1
);


--
-- Name: django_content_type; Type: TABLE; Schema: public; Owner: postgres
--

CREATE TABLE public.django_content_type (
    id integer NOT NULL,
    app_label character varying(100) NOT NULL,
    model character varying(100) NOT NULL
);


ALTER TABLE public.django_content_type OWNER TO postgres;

--
-- Name: django_content_type_id_seq; Type: SEQUENCE; Schema: public; Owner: postgres
--

ALTER TABLE public.django_content_type ALTER COLUMN id ADD GENERATED BY DEFAULT AS IDENTITY (
    SEQUENCE NAME public.django_content_type_id_seq
    START WITH 1
    INCREMENT BY 1
    NO MINVALUE
    NO MAXVALUE
    CACHE 1
);


--
-- Name: django_migrations; Type: TABLE; Schema: public; Owner: postgres
--

CREATE TABLE public.django_migrations (
    id bigint NOT NULL,
    app character varying(255) NOT NULL,
    name character varying(255) NOT NULL,
    applied timestamp with time zone NOT NULL
);


ALTER TABLE public.django_migrations OWNER TO postgres;

--
-- Name: django_migrations_id_seq; Type: SEQUENCE; Schema: public; Owner: postgres
--

ALTER TABLE public.django_migrations ALTER COLUMN id ADD GENERATED BY DEFAULT AS IDENTITY (
    SEQUENCE NAME public.django_migrations_id_seq
    START WITH 1
    INCREMENT BY 1
    NO MINVALUE
    NO MAXVALUE
    CACHE 1
);


--
-- Name: django_session; Type: TABLE; Schema: public; Owner: postgres
--

CREATE TABLE public.django_session (
    session_key character varying(40) NOT NULL,
    session_data text NOT NULL,
    expire_date timestamp with time zone NOT NULL
);


ALTER TABLE public.django_session OWNER TO postgres;

--
-- Name: invoices_invoice; Type: TABLE; Schema: public; Owner: postgres
--

CREATE TABLE public.invoices_invoice (
    id bigint NOT NULL,
    created_at timestamp with time zone NOT NULL,
    modified_at timestamp with time zone NOT NULL,
    is_client boolean NOT NULL,
    serial character varying(10) NOT NULL,
    number character varying(20) NOT NULL,
    deadline date NOT NULL,
    value numeric(10,2) NOT NULL,
    description character varying(255),
    cancellation_to_id bigint,
    cancelled_from_id bigint,
    created_by_id bigint,
    currency_id bigint,
    modified_by_id bigint,
    person_id bigint NOT NULL
);


ALTER TABLE public.invoices_invoice OWNER TO postgres;

--
-- Name: invoices_invoice_id_seq; Type: SEQUENCE; Schema: public; Owner: postgres
--

ALTER TABLE public.invoices_invoice ALTER COLUMN id ADD GENERATED BY DEFAULT AS IDENTITY (
    SEQUENCE NAME public.invoices_invoice_id_seq
    START WITH 1
    INCREMENT BY 1
    NO MINVALUE
    NO MAXVALUE
    CACHE 1
);


--
-- Name: invoices_invoiceelement; Type: TABLE; Schema: public; Owner: postgres
--

CREATE TABLE public.invoices_invoiceelement (
    id bigint NOT NULL,
    element_id bigint NOT NULL,
    invoice_id bigint NOT NULL
);


ALTER TABLE public.invoices_invoiceelement OWNER TO postgres;

--
-- Name: invoices_invoiceelement_id_seq; Type: SEQUENCE; Schema: public; Owner: postgres
--

ALTER TABLE public.invoices_invoiceelement ALTER COLUMN id ADD GENERATED BY DEFAULT AS IDENTITY (
    SEQUENCE NAME public.invoices_invoiceelement_id_seq
    START WITH 1
    INCREMENT BY 1
    NO MINVALUE
    NO MAXVALUE
    CACHE 1
);


--
-- Name: invoices_proforma; Type: TABLE; Schema: public; Owner: postgres
--

CREATE TABLE public.invoices_proforma (
    id bigint NOT NULL,
    created_at timestamp with time zone NOT NULL,
    modified_at timestamp with time zone NOT NULL,
    is_client boolean NOT NULL,
    serial character varying(10) NOT NULL,
    number character varying(20) NOT NULL,
    deadline date NOT NULL,
    value numeric(10,2) NOT NULL,
    description character varying(255),
    created_by_id bigint,
    currency_id bigint,
    invoice_id bigint,
    modified_by_id bigint,
    person_id bigint NOT NULL
);


ALTER TABLE public.invoices_proforma OWNER TO postgres;

--
-- Name: invoices_proforma_id_seq; Type: SEQUENCE; Schema: public; Owner: postgres
--

ALTER TABLE public.invoices_proforma ALTER COLUMN id ADD GENERATED BY DEFAULT AS IDENTITY (
    SEQUENCE NAME public.invoices_proforma_id_seq
    START WITH 1
    INCREMENT BY 1
    NO MINVALUE
    NO MAXVALUE
    CACHE 1
);


--
-- Name: invoices_proformaelement; Type: TABLE; Schema: public; Owner: postgres
--

CREATE TABLE public.invoices_proformaelement (
    id bigint NOT NULL,
    element_id bigint NOT NULL,
    proforma_id bigint NOT NULL
);


ALTER TABLE public.invoices_proformaelement OWNER TO postgres;

--
-- Name: invoices_proformaelement_id_seq; Type: SEQUENCE; Schema: public; Owner: postgres
--

ALTER TABLE public.invoices_proformaelement ALTER COLUMN id ADD GENERATED BY DEFAULT AS IDENTITY (
    SEQUENCE NAME public.invoices_proformaelement_id_seq
    START WITH 1
    INCREMENT BY 1
    NO MINVALUE
    NO MAXVALUE
    CACHE 1
);


--
-- Name: orders_offer; Type: TABLE; Schema: public; Owner: postgres
--

CREATE TABLE public.orders_offer (
    id bigint NOT NULL,
    created_at timestamp with time zone NOT NULL,
    modified_at timestamp with time zone NOT NULL,
    deadline timestamp with time zone NOT NULL,
    serial character varying(10) NOT NULL,
    number character varying(20) NOT NULL,
    value numeric(10,2) NOT NULL,
    description character varying(255),
    created_by_id bigint,
    currency_id bigint,
    modified_by_id bigint,
    order_id bigint,
    person_id bigint NOT NULL,
    status_id bigint NOT NULL
);


ALTER TABLE public.orders_offer OWNER TO postgres;

--
-- Name: orders_offer_id_seq; Type: SEQUENCE; Schema: public; Owner: postgres
--

ALTER TABLE public.orders_offer ALTER COLUMN id ADD GENERATED BY DEFAULT AS IDENTITY (
    SEQUENCE NAME public.orders_offer_id_seq
    START WITH 1
    INCREMENT BY 1
    NO MINVALUE
    NO MAXVALUE
    CACHE 1
);


--
-- Name: orders_offerelement; Type: TABLE; Schema: public; Owner: postgres
--

CREATE TABLE public.orders_offerelement (
    id bigint NOT NULL,
    description character varying(255),
    quantity smallint NOT NULL,
    price numeric(10,2) NOT NULL,
    offer_id bigint NOT NULL,
    service_id bigint NOT NULL,
    um_id bigint
);


ALTER TABLE public.orders_offerelement OWNER TO postgres;

--
-- Name: orders_offerelement_id_seq; Type: SEQUENCE; Schema: public; Owner: postgres
--

ALTER TABLE public.orders_offerelement ALTER COLUMN id ADD GENERATED BY DEFAULT AS IDENTITY (
    SEQUENCE NAME public.orders_offerelement_id_seq
    START WITH 1
    INCREMENT BY 1
    NO MINVALUE
    NO MAXVALUE
    CACHE 1
);


--
-- Name: orders_order; Type: TABLE; Schema: public; Owner: postgres
--

CREATE TABLE public.orders_order (
    id bigint NOT NULL,
    created_at timestamp with time zone NOT NULL,
    modified_at timestamp with time zone NOT NULL,
    is_client boolean NOT NULL,
    deadline timestamp with time zone NOT NULL,
    serial character varying(10) NOT NULL,
    number character varying(20) NOT NULL,
    value numeric(10,2) NOT NULL,
    description character varying(255),
    created_by_id bigint,
    currency_id bigint,
    modified_by_id bigint,
    person_id bigint NOT NULL,
    status_id bigint NOT NULL
);


ALTER TABLE public.orders_order OWNER TO postgres;

--
-- Name: orders_order_id_seq; Type: SEQUENCE; Schema: public; Owner: postgres
--

ALTER TABLE public.orders_order ALTER COLUMN id ADD GENERATED BY DEFAULT AS IDENTITY (
    SEQUENCE NAME public.orders_order_id_seq
    START WITH 1
    INCREMENT BY 1
    NO MINVALUE
    NO MAXVALUE
    CACHE 1
);


--
-- Name: orders_orderelement; Type: TABLE; Schema: public; Owner: postgres
--

CREATE TABLE public.orders_orderelement (
    id bigint NOT NULL,
    description character varying(255),
    quantity smallint NOT NULL,
    price numeric(10,2) NOT NULL,
    order_id bigint NOT NULL,
    service_id bigint NOT NULL,
    status_id bigint NOT NULL,
    um_id bigint
);


ALTER TABLE public.orders_orderelement OWNER TO postgres;

--
-- Name: orders_orderelement_id_seq; Type: SEQUENCE; Schema: public; Owner: postgres
--

ALTER TABLE public.orders_orderelement ALTER COLUMN id ADD GENERATED BY DEFAULT AS IDENTITY (
    SEQUENCE NAME public.orders_orderelement_id_seq
    START WITH 1
    INCREMENT BY 1
    NO MINVALUE
    NO MAXVALUE
    CACHE 1
);


--
-- Name: payments_payment; Type: TABLE; Schema: public; Owner: postgres
--

CREATE TABLE public.payments_payment (
    id bigint NOT NULL,
    created_at timestamp with time zone NOT NULL,
    modified_at timestamp with time zone NOT NULL,
    type character varying(6) NOT NULL,
    is_client boolean NOT NULL,
    serial character varying(10) NOT NULL,
    number character varying(20) NOT NULL,
    value numeric(10,2) NOT NULL,
    payment_date date NOT NULL,
    description character varying(255),
    created_by_id bigint,
    currency_id bigint,
    modified_by_id bigint,
    person_id bigint NOT NULL
);


ALTER TABLE public.payments_payment OWNER TO postgres;

--
-- Name: payments_payment_id_seq; Type: SEQUENCE; Schema: public; Owner: postgres
--

ALTER TABLE public.payments_payment ALTER COLUMN id ADD GENERATED BY DEFAULT AS IDENTITY (
    SEQUENCE NAME public.payments_payment_id_seq
    START WITH 1
    INCREMENT BY 1
    NO MINVALUE
    NO MAXVALUE
    CACHE 1
);


--
-- Name: payments_paymentelement; Type: TABLE; Schema: public; Owner: postgres
--

CREATE TABLE public.payments_paymentelement (
    id bigint NOT NULL,
    invoice_id bigint NOT NULL,
    payment_id bigint NOT NULL
);


ALTER TABLE public.payments_paymentelement OWNER TO postgres;

--
-- Name: payments_paymentelement_id_seq; Type: SEQUENCE; Schema: public; Owner: postgres
--

ALTER TABLE public.payments_paymentelement ALTER COLUMN id ADD GENERATED BY DEFAULT AS IDENTITY (
    SEQUENCE NAME public.payments_paymentelement_id_seq
    START WITH 1
    INCREMENT BY 1
    NO MINVALUE
    NO MAXVALUE
    CACHE 1
);


--
-- Name: persons_person; Type: TABLE; Schema: public; Owner: postgres
--

CREATE TABLE public.persons_person (
    id bigint NOT NULL,
    created_at timestamp with time zone NOT NULL,
    modified_at timestamp with time zone NOT NULL,
    entity character varying(2) NOT NULL,
    gender character varying(2) NOT NULL,
    firstname character varying(100) NOT NULL,
    lastname character varying(100) NOT NULL,
    identity_card character varying(30) NOT NULL,
    company_name character varying(100) NOT NULL,
    company_tax_code character varying(30) NOT NULL,
    company_iban character varying(34) NOT NULL,
    phone character varying(100) NOT NULL,
    email character varying(255) NOT NULL,
    address character varying(255) NOT NULL,
    services character varying(255) NOT NULL,
    created_by_id bigint,
    modified_by_id bigint
);


ALTER TABLE public.persons_person OWNER TO postgres;

--
-- Name: persons_person_id_seq; Type: SEQUENCE; Schema: public; Owner: postgres
--

ALTER TABLE public.persons_person ALTER COLUMN id ADD GENERATED BY DEFAULT AS IDENTITY (
    SEQUENCE NAME public.persons_person_id_seq
    START WITH 1
    INCREMENT BY 1
    NO MINVALUE
    NO MAXVALUE
    CACHE 1
);


--
-- Name: services_currency; Type: TABLE; Schema: public; Owner: postgres
--

CREATE TABLE public.services_currency (
    id bigint NOT NULL,
    name character varying(20) NOT NULL,
    symbol character varying(3) NOT NULL
);


ALTER TABLE public.services_currency OWNER TO postgres;

--
-- Name: services_currency_id_seq; Type: SEQUENCE; Schema: public; Owner: postgres
--

ALTER TABLE public.services_currency ALTER COLUMN id ADD GENERATED BY DEFAULT AS IDENTITY (
    SEQUENCE NAME public.services_currency_id_seq
    START WITH 1
    INCREMENT BY 1
    NO MINVALUE
    NO MAXVALUE
    CACHE 1
);


--
-- Name: services_serial; Type: TABLE; Schema: public; Owner: postgres
--

CREATE TABLE public.services_serial (
    id bigint NOT NULL,
    offer_serial character varying(10) NOT NULL,
    offer_number integer NOT NULL,
    order_serial character varying(10) NOT NULL,
    order_number integer NOT NULL,
    p_order_serial character varying(10) NOT NULL,
    p_order_number integer NOT NULL,
    proforma_serial character varying(10) NOT NULL,
    proforma_number integer NOT NULL,
    invoice_serial character varying(10) NOT NULL,
    invoice_number integer NOT NULL,
    receipt_serial character varying(10) NOT NULL,
    receipt_number integer NOT NULL,
    CONSTRAINT services_serial_invoice_number_check CHECK ((invoice_number >= 0)),
    CONSTRAINT services_serial_offer_number_check CHECK ((offer_number >= 0)),
    CONSTRAINT services_serial_order_number_check CHECK ((order_number >= 0)),
    CONSTRAINT services_serial_p_order_number_check CHECK ((p_order_number >= 0)),
    CONSTRAINT services_serial_proforma_number_check CHECK ((proforma_number >= 0)),
    CONSTRAINT services_serial_receipt_number_check CHECK ((receipt_number >= 0))
);


ALTER TABLE public.services_serial OWNER TO postgres;

--
-- Name: services_serial_id_seq; Type: SEQUENCE; Schema: public; Owner: postgres
--

ALTER TABLE public.services_serial ALTER COLUMN id ADD GENERATED BY DEFAULT AS IDENTITY (
    SEQUENCE NAME public.services_serial_id_seq
    START WITH 1
    INCREMENT BY 1
    NO MINVALUE
    NO MAXVALUE
    CACHE 1
);


--
-- Name: services_service; Type: TABLE; Schema: public; Owner: postgres
--

CREATE TABLE public.services_service (
    id bigint NOT NULL,
    name character varying(200) NOT NULL,
    price_min numeric(8,2) NOT NULL,
    price_max numeric(8,2) NOT NULL,
    icon character varying(100) NOT NULL,
    currency_id bigint NOT NULL,
    um_id bigint NOT NULL
);


ALTER TABLE public.services_service OWNER TO postgres;

--
-- Name: services_service_id_seq; Type: SEQUENCE; Schema: public; Owner: postgres
--

ALTER TABLE public.services_service ALTER COLUMN id ADD GENERATED BY DEFAULT AS IDENTITY (
    SEQUENCE NAME public.services_service_id_seq
    START WITH 1
    INCREMENT BY 1
    NO MINVALUE
    NO MAXVALUE
    CACHE 1
);


--
-- Name: services_status; Type: TABLE; Schema: public; Owner: postgres
--

CREATE TABLE public.services_status (
    id bigint NOT NULL,
    name character varying(25) NOT NULL,
    style character varying(25) NOT NULL,
    percent smallint NOT NULL
);


ALTER TABLE public.services_status OWNER TO postgres;

--
-- Name: services_status_id_seq; Type: SEQUENCE; Schema: public; Owner: postgres
--

ALTER TABLE public.services_status ALTER COLUMN id ADD GENERATED BY DEFAULT AS IDENTITY (
    SEQUENCE NAME public.services_status_id_seq
    START WITH 1
    INCREMENT BY 1
    NO MINVALUE
    NO MAXVALUE
    CACHE 1
);


--
-- Name: services_um; Type: TABLE; Schema: public; Owner: postgres
--

CREATE TABLE public.services_um (
    id bigint NOT NULL,
    name character varying(15) NOT NULL
);


ALTER TABLE public.services_um OWNER TO postgres;

--
-- Name: services_um_id_seq; Type: SEQUENCE; Schema: public; Owner: postgres
--

ALTER TABLE public.services_um ALTER COLUMN id ADD GENERATED BY DEFAULT AS IDENTITY (
    SEQUENCE NAME public.services_um_id_seq
    START WITH 1
    INCREMENT BY 1
    NO MINVALUE
    NO MAXVALUE
    CACHE 1
);


--
-- Name: users_customuser; Type: TABLE; Schema: public; Owner: postgres
--

CREATE TABLE public.users_customuser (
    id bigint NOT NULL,
    password character varying(128) NOT NULL,
    last_login timestamp with time zone,
    is_superuser boolean NOT NULL,
    username character varying(150) NOT NULL,
    first_name character varying(150) NOT NULL,
    last_name character varying(150) NOT NULL,
    email character varying(254) NOT NULL,
    is_staff boolean NOT NULL,
    is_active boolean NOT NULL,
    date_joined timestamp with time zone NOT NULL,
    date_of_birth date,
    profile_picture character varying(100) NOT NULL,
    phone character varying(20),
    address character varying(255)
);


ALTER TABLE public.users_customuser OWNER TO postgres;

--
-- Name: users_customuser_groups; Type: TABLE; Schema: public; Owner: postgres
--

CREATE TABLE public.users_customuser_groups (
    id bigint NOT NULL,
    customuser_id bigint NOT NULL,
    group_id integer NOT NULL
);


ALTER TABLE public.users_customuser_groups OWNER TO postgres;

--
-- Name: users_customuser_groups_id_seq; Type: SEQUENCE; Schema: public; Owner: postgres
--

ALTER TABLE public.users_customuser_groups ALTER COLUMN id ADD GENERATED BY DEFAULT AS IDENTITY (
    SEQUENCE NAME public.users_customuser_groups_id_seq
    START WITH 1
    INCREMENT BY 1
    NO MINVALUE
    NO MAXVALUE
    CACHE 1
);


--
-- Name: users_customuser_id_seq; Type: SEQUENCE; Schema: public; Owner: postgres
--

ALTER TABLE public.users_customuser ALTER COLUMN id ADD GENERATED BY DEFAULT AS IDENTITY (
    SEQUENCE NAME public.users_customuser_id_seq
    START WITH 1
    INCREMENT BY 1
    NO MINVALUE
    NO MAXVALUE
    CACHE 1
);


--
-- Name: users_customuser_user_permissions; Type: TABLE; Schema: public; Owner: postgres
--

CREATE TABLE public.users_customuser_user_permissions (
    id bigint NOT NULL,
    customuser_id bigint NOT NULL,
    permission_id integer NOT NULL
);


ALTER TABLE public.users_customuser_user_permissions OWNER TO postgres;

--
-- Name: users_customuser_user_permissions_id_seq; Type: SEQUENCE; Schema: public; Owner: postgres
--

ALTER TABLE public.users_customuser_user_permissions ALTER COLUMN id ADD GENERATED BY DEFAULT AS IDENTITY (
    SEQUENCE NAME public.users_customuser_user_permissions_id_seq
    START WITH 1
    INCREMENT BY 1
    NO MINVALUE
    NO MAXVALUE
    CACHE 1
);


--
-- Data for Name: appointments_appointment; Type: TABLE DATA; Schema: public; Owner: postgres
--

COPY public.appointments_appointment (id, created_at, modified_at, schedule, description, created_by_id, modified_by_id, order_id, person_id, status_id, with_person_id) FROM stdin;
2	2024-05-23 12:14:12.000003+00	2024-05-23 12:14:12.000042+00	2024-05-29 08:45:00+00	Legalizare declaratie corectata	1	1	\N	9	2	10
1	2024-05-23 11:09:20.635469+00	2024-05-23 11:09:20.63551+00	2024-05-27 14:30:00+00	Procura radiere si vanzare auto	1	1	1	1	2	5
3	2024-05-27 08:49:56.766596+00	2024-05-27 08:49:56.766644+00	2024-05-29 09:30:00+00	Vollmacht für Anwalt	1	1	4	16	2	17
4	2024-05-27 08:52:00.167935+00	2024-05-27 08:52:00.167975+00	2024-05-29 06:52:00+00	Vollmacht - Ledigkeitsbescheinigung	1	1	2	8	2	12
25	2024-06-20 08:22:19.800097+00	2024-06-20 08:22:19.800143+00	2024-06-21 12:30:00+00	2 Vollmachten und 1 Erklärung	1	1	41	75	2	77
5	2024-05-29 04:52:58.056204+00	2024-05-29 04:52:58.05625+00	2024-06-11 14:30:00+00	Einverständniserklärung - Minderjährige	1	1	3	14	2	15
24	2024-06-19 09:23:41.860815+00	2024-06-19 09:23:41.860859+00	2024-06-24 08:00:00+00		1	1	40	72	2	76
20	2024-06-17 11:50:25.875862+00	2024-06-17 11:50:25.875904+00	2024-06-19 07:30:00+00	Einverständniserklärung - Minderjährige	1	1	36	65	2	69
7	2024-05-30 06:11:01.483072+00	2024-05-30 06:11:01.483112+00	2024-05-30 12:30:00+00		1	1	12	35	2	31
26	2024-06-26 07:36:47.860657+00	2024-06-26 07:36:47.860701+00	2024-06-27 06:45:00+00	Einverständniserklärung - Minderjährige	1	1	45	81	2	83
8	2024-06-10 10:42:01.876516+00	2024-06-10 10:42:01.876556+00	2024-06-10 13:00:00+00	Vollmacht  Einschulung	1	1	17	39	2	49
27	2024-06-26 07:50:19.343063+00	2024-06-26 07:50:19.343104+00	2024-06-26 11:30:00+00	Vollmacht Kennzeichnen	1	1	46	82	2	84
9	2024-06-10 11:12:41.252085+00	2024-06-10 11:12:41.252121+00	2024-06-11 09:00:00+00	Erklärung	1	1	21	43	2	51
28	2024-06-27 03:14:59.511352+00	2024-06-27 03:14:59.511394+00	2024-06-27 09:00:00+00	Einverständniserklärung - Minderjährige	1	1	44	80	2	85
10	2024-06-10 11:56:28.654786+00	2024-06-10 11:56:28.654827+00	2024-06-13 07:30:00+00	Vollmacht Vertretung	1	1	22	44	2	52
6	2024-05-29 07:27:39.114605+00	2024-05-29 07:27:39.114645+00	2024-06-06 08:00:00+00	Vollmacht Kindergeld, Vollmacht Vertretung	1	1	\N	32	6	33
11	2024-06-11 16:04:44.205646+00	2024-06-11 16:04:44.205684+00	2024-06-12 06:45:00+00		1	1	\N	55	2	56
29	2024-07-01 13:08:16.277381+00	2024-07-01 13:08:16.277429+00	2024-07-04 11:45:00+00		1	1	50	91	2	93
22	2024-06-17 13:31:24.722675+00	2024-06-17 13:31:24.722719+00	2024-06-18 12:30:00+00	Einverständniserklärung - Minderjährige	1	1	39	68	2	70
30	2024-07-01 15:40:07.859846+00	2024-07-01 15:40:07.859893+00	2024-07-15 11:30:00+00	Einverständniserklärung - Minderjährige	1	1	47	86	2	95
14	2024-06-12 15:37:48.605724+00	2024-06-12 15:37:48.60577+00	2024-06-14 09:30:00+00	Einverständniserklärung - Minderjährige	1	1	31	57	2	59
19	2024-06-13 09:01:49.56869+00	2024-06-13 09:01:49.568731+00	2024-06-13 14:00:00+00		1	1	29	54	2	60
23	2024-06-18 07:58:51.231017+00	2024-06-18 07:58:51.231058+00	2024-06-18 12:50:00+00		1	1	38	67	2	71
21	2024-06-17 12:10:50.679157+00	2024-06-17 12:10:50.679212+00	2024-06-19 12:30:00+00		1	1	37	66	2	74
\.


--
-- Data for Name: auth_group; Type: TABLE DATA; Schema: public; Owner: postgres
--

COPY public.auth_group (id, name) FROM stdin;
\.


--
-- Data for Name: auth_group_permissions; Type: TABLE DATA; Schema: public; Owner: postgres
--

COPY public.auth_group_permissions (id, group_id, permission_id) FROM stdin;
\.


--
-- Data for Name: auth_permission; Type: TABLE DATA; Schema: public; Owner: postgres
--

COPY public.auth_permission (id, name, codename, content_type_id) FROM stdin;
1	Can add log entry	add_logentry	1
2	Can change log entry	change_logentry	1
3	Can delete log entry	delete_logentry	1
4	Can view log entry	view_logentry	1
5	Can add permission	add_permission	2
6	Can change permission	change_permission	2
7	Can delete permission	delete_permission	2
8	Can view permission	view_permission	2
9	Can add group	add_group	3
10	Can change group	change_group	3
11	Can delete group	delete_group	3
12	Can view group	view_group	3
13	Can add content type	add_contenttype	4
14	Can change content type	change_contenttype	4
15	Can delete content type	delete_contenttype	4
16	Can view content type	view_contenttype	4
17	Can add session	add_session	5
18	Can change session	change_session	5
19	Can delete session	delete_session	5
20	Can view session	view_session	5
21	Can add invoice element	add_invoiceelement	6
22	Can change invoice element	change_invoiceelement	6
23	Can delete invoice element	delete_invoiceelement	6
24	Can view invoice element	view_invoiceelement	6
25	Can add proforma element	add_proformaelement	7
26	Can change proforma element	change_proformaelement	7
27	Can delete proforma element	delete_proformaelement	7
28	Can view proforma element	view_proformaelement	7
29	Can add proforma	add_proforma	8
30	Can change proforma	change_proforma	8
31	Can delete proforma	delete_proforma	8
32	Can view proforma	view_proforma	8
33	Can add invoice	add_invoice	9
34	Can change invoice	change_invoice	9
35	Can delete invoice	delete_invoice	9
36	Can view invoice	view_invoice	9
37	Can add payment	add_payment	10
38	Can change payment	change_payment	10
39	Can delete payment	delete_payment	10
40	Can view payment	view_payment	10
41	Can add payment element	add_paymentelement	11
42	Can change payment element	change_paymentelement	11
43	Can delete payment element	delete_paymentelement	11
44	Can view payment element	view_paymentelement	11
45	Can add order element	add_orderelement	12
46	Can change order element	change_orderelement	12
47	Can delete order element	delete_orderelement	12
48	Can view order element	view_orderelement	12
49	Can add offer	add_offer	13
50	Can change offer	change_offer	13
51	Can delete offer	delete_offer	13
52	Can view offer	view_offer	13
53	Can add offer element	add_offerelement	14
54	Can change offer element	change_offerelement	14
55	Can delete offer element	delete_offerelement	14
56	Can view offer element	view_offerelement	14
57	Can add order	add_order	15
58	Can change order	change_order	15
59	Can delete order	delete_order	15
60	Can view order	view_order	15
61	Can add person	add_person	16
62	Can change person	change_person	16
63	Can delete person	delete_person	16
64	Can view person	view_person	16
65	Can add serial	add_serial	17
66	Can change serial	change_serial	17
67	Can delete serial	delete_serial	17
68	Can view serial	view_serial	17
69	Can add currency	add_currency	18
70	Can change currency	change_currency	18
71	Can delete currency	delete_currency	18
72	Can view currency	view_currency	18
73	Can add service	add_service	19
74	Can change service	change_service	19
75	Can delete service	delete_service	19
76	Can view service	view_service	19
77	Can add status	add_status	20
78	Can change status	change_status	20
79	Can delete status	delete_status	20
80	Can view status	view_status	20
81	Can add um	add_um	21
82	Can change um	change_um	21
83	Can delete um	delete_um	21
84	Can view um	view_um	21
85	Can add user	add_customuser	22
86	Can change user	change_customuser	22
87	Can delete user	delete_customuser	22
88	Can view user	view_customuser	22
89	Can add appointment	add_appointment	23
90	Can change appointment	change_appointment	23
91	Can delete appointment	delete_appointment	23
92	Can view appointment	view_appointment	23
\.


--
-- Data for Name: django_admin_log; Type: TABLE DATA; Schema: public; Owner: postgres
--

COPY public.django_admin_log (id, action_time, object_id, object_repr, action_flag, change_message, content_type_id, user_id) FROM stdin;
1	2024-06-12 16:07:53.77859+00	13	Lidia Grosu - pi with None on 12.06.2024 15:37 - 	3		23	1
2	2024-06-12 16:11:11.536781+00	17	None with Adrian George Radu / Sprachen Express - sp on 12.06.2024 16:10 - 	3		23	1
3	2024-06-12 16:11:11.539843+00	16	Adrian George Radu / Sprachen Express - sp with None on 12.06.2024 16:10 - 	3		23	1
4	2024-06-12 16:11:11.541379+00	15	Adrian George Radu / Sprachen Express - sp with Adrian George Radu / Sprachen Express - sp on 13.06.2024 16:08 - 	3		23	1
5	2024-06-12 17:10:44.841376+00	12	None with Jochen Keßler / Keßler | Hardt | Notare - pi on 12.06.2024 15:37 - 	3		23	1
6	2024-06-12 17:11:48.107243+00	18	Adrian George Radu / Sprachen Express - sp with Adrian George Radu / Sprachen Express - sp on 12.06.2024 17:11 - 	3		23	1
\.


--
-- Data for Name: django_content_type; Type: TABLE DATA; Schema: public; Owner: postgres
--

COPY public.django_content_type (id, app_label, model) FROM stdin;
1	admin	logentry
2	auth	permission
3	auth	group
4	contenttypes	contenttype
5	sessions	session
6	invoices	invoiceelement
7	invoices	proformaelement
8	invoices	proforma
9	invoices	invoice
10	payments	payment
11	payments	paymentelement
12	orders	orderelement
13	orders	offer
14	orders	offerelement
15	orders	order
16	persons	person
17	services	serial
18	services	currency
19	services	service
20	services	status
21	services	um
22	users	customuser
23	appointments	appointment
\.


--
-- Data for Name: django_migrations; Type: TABLE DATA; Schema: public; Owner: postgres
--

COPY public.django_migrations (id, app, name, applied) FROM stdin;
1	contenttypes	0001_initial	2024-05-23 08:09:15.498071+00
2	auth	0001_initial	2024-05-23 08:09:15.543536+00
3	users	0001_initial	2024-05-23 08:09:15.591068+00
4	admin	0001_initial	2024-05-23 08:09:15.614296+00
5	services	0001_initial	2024-05-23 08:09:15.650367+00
6	persons	0001_initial	2024-05-23 08:09:15.676762+00
7	orders	0001_initial	2024-05-23 08:09:15.841231+00
8	appointments	0001_initial	2024-05-23 08:09:15.885172+00
9	invoices	0001_initial	2024-05-23 08:09:16.020052+00
10	payments	0001_initial	2024-05-23 08:09:16.090209+00
11	sessions	0001_initial	2024-05-23 08:09:16.108346+00
\.


--
-- Data for Name: django_session; Type: TABLE DATA; Schema: public; Owner: postgres
--

COPY public.django_session (session_key, session_data, expire_date) FROM stdin;
pny0uvciytusnx9r7y5hayckkg7gsf70	.eJxVjEEOwiAQRe_C2hAEylCX7nsGMjCDVA0kpV0Z765NutDtf-_9lwi4rSVsnZcwk7iIszj9bhHTg-sO6I711mRqdV3mKHdFHrTLqRE_r4f7d1Cwl29twOVReTIRLIBjHjNqo3XOWmlQSH5ASwxeJWVsHJCctp4VQc4WLYr3B9NQN9U:1sA3WY:FMr704zGhs6h62HTVHEec59CsT9M3PLMrsXhwfiHGY4	2024-06-06 08:10:06.080391+00
vfxrmirafvrf7dgahkuy3eny62aclqut	.eJxVjEEOwiAQRe_C2hAEylCX7nsGMjCDVA0kpV0Z765NutDtf-_9lwi4rSVsnZcwk7iIszj9bhHTg-sO6I711mRqdV3mKHdFHrTLqRE_r4f7d1Cwl29twOVReTIRLIBjHjNqo3XOWmlQSH5ASwxeJWVsHJCctp4VQc4WLYr3B9NQN9U:1sHQOI:aAaVLnNrSciiJTLi3Sjx4vYfDicybuETufiodqPZgxU	2024-06-26 16:00:02.749304+00
ktz3nnwfjqiv857q39blsxlk1miz2k4u	.eJxVjEEOwiAQRe_C2hAEylCX7nsGMjCDVA0kpV0Z765NutDtf-_9lwi4rSVsnZcwk7iIszj9bhHTg-sO6I711mRqdV3mKHdFHrTLqRE_r4f7d1Cwl29twOVReTIRLIBjHjNqo3XOWmlQSH5ASwxeJWVsHJCctp4VQc4WLYr3B9NQN9U:1sMNX7:PRginQwRufplna9NFCzv6EwkH1W_VbQlsx3kR6PJT4w	2024-07-10 07:57:37.044332+00
szxig1aaun7jdh60o6l664a0576ojgmv	.eJxVjEEOwiAQRe_C2hAEylCX7nsGMjCDVA0kpV0Z765NutDtf-_9lwi4rSVsnZcwk7iIszj9bhHTg-sO6I711mRqdV3mKHdFHrTLqRE_r4f7d1Cwl29twOVReTIRLIBjHjNqo3XOWmlQSH5ASwxeJWVsHJCctp4VQc4WLYr3B9NQN9U:1sMfXn:CzMwFDfY90zmLxdtM5PQ7XWuPG-W65iSepYKuAa8NC0	2024-07-11 03:11:31.062397+00
\.


--
-- Data for Name: invoices_invoice; Type: TABLE DATA; Schema: public; Owner: postgres
--

COPY public.invoices_invoice (id, created_at, modified_at, is_client, serial, number, deadline, value, description, cancellation_to_id, cancelled_from_id, created_by_id, currency_id, modified_by_id, person_id) FROM stdin;
6	2024-05-28 10:36:38.527617+00	2024-05-28 10:36:38.527617+00	t	RE	6	2024-05-28	100.00	2 Geburtsurkunden	\N	\N	1	1	1	23
5	2024-05-27 10:53:25.479978+00	2024-05-27 10:53:25.486583+00	t	RE	5	2024-05-27	40.00		\N	\N	1	1	1	25
12	2024-06-06 16:26:57.027078+00	2024-06-06 16:26:57.035558+00	t	RE	11	2024-06-06	125.00		\N	\N	1	1	1	40
3	2024-05-24 09:42:17.969782+00	2024-05-25 09:42:17.969782+00	t	RE	3	2024-05-24	75.00		\N	\N	1	1	1	14
7	2024-05-28 11:43:00.385941+00	2024-05-28 11:43:00.385941+00	t	RE	7	2024-05-28	45.00	Ledigkeitsbescheinigung	\N	\N	1	1	1	30
10	2024-06-06 05:03:09.362507+00	2024-06-06 05:03:09.362507+00	t	RE	10	2024-06-06	75.00		\N	\N	1	1	1	39
14	2024-06-07 13:52:49.710524+00	2024-06-07 13:52:49.710524+00	t	RE	13	2024-06-07	60.00		\N	\N	1	1	1	43
13	2024-06-07 13:46:18.04947+00	2024-06-07 13:46:18.04947+00	t	RE	12	2024-06-07	75.00		\N	\N	1	1	1	44
4	2024-05-24 09:43:25.266378+00	2024-05-25 09:43:25.266378+00	t	RE	4	2024-05-24	70.50		\N	\N	1	1	1	16
9	2024-06-04 17:47:25.916862+00	2024-06-04 17:47:25.923996+00	t	RE	9	2024-06-04	220.00		\N	\N	1	1	1	37
18	2024-06-07 13:55:41.803392+00	2024-06-07 13:55:41.810128+00	t	RE	17	2024-06-07	55.00		\N	\N	1	1	1	48
16	2024-06-07 13:54:13.32522+00	2024-06-07 13:54:13.331811+00	t	RE	15	2024-06-07	90.00		\N	\N	1	1	1	46
2	2024-05-23 10:22:17.192229+00	2024-05-23 10:22:17.192229+00	t	RE	2	2024-05-23	75.00		\N	\N	1	1	1	8
15	2024-06-07 13:53:07.369624+00	2024-06-07 13:53:07.376189+00	t	RE	14	2024-06-07	175.00		\N	\N	1	1	1	41
11	2024-06-06 10:45:36.601228+00	2024-06-06 10:45:36.606273+00	f		104/06/2024	2024-06-06	110.00		\N	\N	1	1	1	42
1	2024-05-22 06:28:04.356077+00	2024-05-29 06:28:04.356077+00	t	RE	1	2024-05-23	75.00	Vollmacht - Verkauf des Autos	\N	\N	1	1	1	1
19	2024-06-11 14:58:04.074658+00	2024-06-13 14:58:04.074658+00	f		1203-608492-2	2024-06-13	25.00		\N	\N	1	1	1	62
20	2024-06-13 15:03:37.546523+00	2024-06-13 15:03:37.553654+00	t	RE	18	2024-06-13	40.00		\N	\N	1	1	1	61
17	2024-06-07 13:55:23.568415+00	2024-06-07 13:55:23.575106+00	t	RE	16	2024-06-07	210.00		\N	\N	1	1	1	47
8	2024-06-03 17:09:02.997397+00	2024-06-03 17:09:02.997397+00	t	RE	8	2024-06-03	185.00		\N	\N	1	1	1	36
\.


--
-- Data for Name: invoices_invoiceelement; Type: TABLE DATA; Schema: public; Owner: postgres
--

COPY public.invoices_invoiceelement (id, element_id, invoice_id) FROM stdin;
1	1	1
2	2	1
3	3	1
4	4	2
5	5	2
6	6	2
7	7	3
8	8	3
9	9	3
10	10	4
11	11	4
12	14	5
13	12	6
14	16	7
15	22	8
16	23	9
17	26	10
18	27	10
19	28	10
20	33	11
21	29	12
22	30	12
23	31	12
24	36	13
25	37	13
26	38	13
27	34	14
28	35	14
29	32	15
30	43	16
31	44	17
32	45	18
33	57	19
34	55	20
\.


--
-- Data for Name: invoices_proforma; Type: TABLE DATA; Schema: public; Owner: postgres
--

COPY public.invoices_proforma (id, created_at, modified_at, is_client, serial, number, deadline, value, description, created_by_id, currency_id, invoice_id, modified_by_id, person_id) FROM stdin;
\.


--
-- Data for Name: invoices_proformaelement; Type: TABLE DATA; Schema: public; Owner: postgres
--

COPY public.invoices_proformaelement (id, element_id, proforma_id) FROM stdin;
\.


--
-- Data for Name: orders_offer; Type: TABLE DATA; Schema: public; Owner: postgres
--

COPY public.orders_offer (id, created_at, modified_at, deadline, serial, number, value, description, created_by_id, currency_id, modified_by_id, order_id, person_id, status_id) FROM stdin;
\.


--
-- Data for Name: orders_offerelement; Type: TABLE DATA; Schema: public; Owner: postgres
--

COPY public.orders_offerelement (id, description, quantity, price, offer_id, service_id, um_id) FROM stdin;
\.


--
-- Data for Name: orders_order; Type: TABLE DATA; Schema: public; Owner: postgres
--

COPY public.orders_order (id, created_at, modified_at, is_client, deadline, serial, number, value, description, created_by_id, currency_id, modified_by_id, person_id, status_id) FROM stdin;
34	2024-06-13 14:54:26.087044+00	2024-06-13 14:55:29.963314+00	f	2024-06-13 14:54:00+00	P	8	25.00	Apostille - Lohnsteuerbescheinigung	1	1	1	62	5
40	2024-06-18 11:52:20.895083+00	2024-06-19 11:45:36.84781+00	t	2024-06-18 11:52:00+00	B	32	75.00	Vollmacht - Geburtsurkunde	1	1	1	72	5
41	2024-06-19 06:55:07.276376+00	2024-06-21 07:58:36.976445+00	t	2024-06-19 06:55:00+00	B	33	140.00	Vollmacht - Reisetitel und  Vollmacht - Pässe und Geburtsurkunden	1	1	1	75	5
36	2024-06-17 07:36:17.175945+00	2024-06-17 11:52:33.668121+00	t	2024-06-17 07:36:00+00	B	28	75.00	Einverständniserklärung für Minderjährige	1	1	1	65	5
39	2024-06-17 08:16:45.699385+00	2024-06-17 14:17:04.692544+00	t	2024-06-17 08:16:00+00	B	31	75.00	Vollmacht - Auto	1	1	1	68	5
9	2024-05-28 06:49:54.234632+00	2024-06-03 13:42:33.824257+00	t	2024-05-28 06:49:00+00	B	7	45.00	Ledigkeitsbescheinigung	1	1	1	30	5
20	2024-06-06 10:43:43.740593+00	2024-06-07 07:29:10.663496+00	f	2024-06-06 10:43:43.736906+00	P	6	110.00	Anlage zu Diplom	1	1	1	42	5
38	2024-06-17 08:07:00.110876+00	2024-06-18 11:53:36.822724+00	t	2024-06-17 08:07:00+00	B	30	75.00	Einverständniserklärung für Minderjährige	1	1	1	67	5
19	2024-06-06 10:37:49.418154+00	2024-06-07 07:29:28.024233+00	t	2024-06-06 10:37:49.414904+00	B	14	175.00	Anlage zu Diplom	1	1	1	41	5
1	2024-05-23 08:13:31.267949+00	2024-05-29 06:27:44.948134+00	t	2024-05-30 12:13:00+00	B	1	75.00	Vollmacht - Verkauf des Autos	1	1	1	1	5
10	2024-05-28 08:24:56.094284+00	2024-06-03 13:42:54.616582+00	f	2024-05-28 08:24:00+00	P	3	15.00	Ledigkeitsbescheinigung	1	1	1	24	5
33	2024-06-13 14:48:06.455012+00	2024-06-18 13:39:24.334365+00	t	2024-06-13 14:48:00+00	B	26	100.00	2 Geburtsurkunden	1	1	1	23	5
28	2024-06-10 13:19:05.494141+00	2024-06-18 13:40:51.50485+00	f	2024-06-10 13:19:00+00	P	7	90.00	5 Geburtsurkunden und 1 Heiratsurkunde	1	1	1	24	5
32	2024-06-13 11:07:20.859281+00	2024-06-18 13:42:54.488105+00	t	2024-06-13 11:07:00+00	B	25	40.00	Urteil - Auzug	1	1	1	61	4
37	2024-06-17 07:49:41.45367+00	2024-06-19 06:49:06.083397+00	t	2024-06-17 07:49:00+00	B	29	75.00	Einverständniserklärung für Minderjährige	1	1	1	66	5
6	2024-05-27 10:19:10.427717+00	2024-05-29 12:04:38.335677+00	f	2024-05-27 20:30:00+00	P	1	30.00	Certificate Alexa si Timofte - colationare	1	1	1	24	5
8	2024-05-27 12:20:16.902559+00	2024-05-29 12:05:39.29427+00	f	2024-05-28 12:20:00+00	P	2	15.00	Certificat Aostacioae - colationare	1	1	1	24	5
25	2024-06-07 13:36:57.232706+00	2024-06-24 05:21:47.576274+00	t	2024-06-07 13:36:00+00	B	19	210.00	2 Protokolle	1	1	1	47	5
14	2024-06-03 07:35:24.062323+00	2024-06-24 05:22:16.307584+00	t	2024-06-10 08:00:00+00	B	10	185.00	Urteil	1	1	1	36	5
27	2024-06-10 13:17:28.403049+00	2024-06-24 05:29:54.068694+00	t	2024-06-10 13:17:00+00	B	21	270.00	5 Geburtsurkunden und 1 Heiratsurkunde	1	1	1	53	5
4	2024-05-25 09:38:25.891155+00	2024-05-27 08:51:18.899165+00	t	2024-05-30 09:40:00+00	B	4	70.50	Vollmacht - Anwalt	1	1	1	16	5
2	2024-05-23 10:17:31.908629+00	2024-05-27 08:51:34.857672+00	t	2024-05-30 14:17:00+00	B	2	75.00		1	1	1	8	5
16	2024-06-05 12:00:37.541394+00	2024-06-11 16:22:21.308919+00	f	2024-06-05 12:00:00+00	P	5	190.00	Urteil, Diplom mit Anlage zum Diplom	1	1	1	24	5
43	2024-06-24 06:01:33.7602+00	2024-06-24 06:02:08.588763+00	t	2024-06-24 06:01:33.756729+00	B	35	110.00	1 Geburtsurkunde und 1 Heiratsurkunde	1	1	1	79	1
23	2024-06-06 11:11:51.676478+00	2024-06-11 16:25:16.695867+00	t	2024-06-06 11:11:00+00	B	17	0.00	Vollmacht - Ausweis und Reisepass	1	1	1	45	6
5	2024-05-27 09:35:45.966838+00	2024-05-30 06:04:38.906579+00	t	2024-05-28 07:30:00+00	B	5	100.00	2 Geburtsurkunden	1	1	1	23	5
18	2024-06-06 09:09:32.242364+00	2024-06-10 10:26:25.98003+00	t	2024-06-14 09:09:00+00	B	13	125.00	Erklärung und Vollmacht - Pässe	1	1	1	40	5
17	2024-06-06 05:01:29.706774+00	2024-06-10 10:48:18.018457+00	t	2024-06-06 05:01:00+00	B	12	75.00	Vollmacht -  Einschulung	1	1	1	39	5
7	2024-05-27 10:44:09.345975+00	2024-05-30 06:04:53.891901+00	t	2024-05-28 10:44:00+00	B	6	40.00		1	1	1	25	5
45	2024-06-25 05:54:49.848294+00	2024-06-26 07:38:35.562324+00	t	2024-06-25 05:54:00+00	B	37	75.00	Einverständniserklärung für Minderjährige	1	1	1	81	5
21	2024-06-06 10:55:58.394973+00	2024-06-10 11:11:07.400018+00	t	2024-06-06 10:55:00+00	B	15	60.00	Erklärung	1	1	1	43	5
46	2024-06-25 15:42:15.555282+00	2024-06-26 07:47:12.60917+00	t	2024-06-25 15:42:00+00	B	38	100.00	Vollmacht Kennzeichnen	1	1	1	82	5
44	2024-06-24 13:45:52.671747+00	2024-06-27 03:20:13.344673+00	t	2024-06-24 13:45:00+00	B	36	75.00	Einverständniserklärung für Minderjährige	1	1	1	80	5
22	2024-06-06 11:06:22.885915+00	2024-06-10 11:55:52.580903+00	t	2024-06-06 11:06:00+00	B	16	75.00	Vollmacht - Vertretung	1	1	1	44	5
42	2024-06-24 05:18:52.627342+00	2024-06-27 03:20:43.454178+00	t	2024-06-24 05:18:00+00	B	34	58.00	Geburtsurkunde	1	1	1	78	5
3	2024-05-24 07:52:17.612736+00	2024-05-30 06:15:29.175952+00	t	2024-05-30 13:50:00+00	B	3	75.00		1	1	1	14	5
30	2024-06-11 07:57:36.256718+00	2024-06-13 06:32:22.008703+00	t	2024-06-11 07:57:00+00	B	23	110.00	Vollmacht zur Vertretung bei der Scheidung	1	1	1	55	5
31	2024-06-12 06:44:05.801457+00	2024-06-13 06:32:52.377936+00	t	2024-06-12 06:44:00+00	B	24	115.00	2 Einverständniserklärungen für Minderjährige	1	1	1	57	5
12	2024-05-30 06:02:38.307496+00	2024-05-31 04:55:24.300171+00	t	2024-05-30 12:30:00+00	B	9	50.00	Bankkarte beantragen	1	1	1	35	5
13	2024-05-30 06:16:35.01371+00	2024-05-31 04:55:33.387982+00	f	2024-05-30 12:30:00+00	P	4	50.00	Bankkarte beantragen	1	1	1	31	5
11	2024-05-29 20:44:23.2786+00	2024-05-31 04:56:32.013103+00	t	2024-05-30 07:00:00+00	B	8	0.00	Einverständniserklärung für Minderjährige	1	1	1	34	6
49	2024-06-27 12:11:49.949364+00	2024-07-01 05:43:08.827406+00	t	2024-06-27 12:11:00+00	B	41	185.00	Begründung	1	1	1	88	5
29	2024-06-11 07:53:34.100196+00	2024-06-13 09:03:12.259722+00	t	2024-06-11 07:53:00+00	B	22	70.00	Vollmacht zur Vertretung in der Erbfolge	1	1	1	54	5
15	2024-06-03 13:39:43.472904+00	2024-06-11 13:56:12.312081+00	t	2024-06-03 13:39:00+00	B	11	220.00	Diplom und Anlage zum Diplom	1	1	1	37	5
26	2024-06-07 13:49:40.887871+00	2024-06-11 13:56:37.447573+00	t	2024-06-07 13:49:00+00	B	20	55.00	Führungszeugnis	1	1	1	48	5
24	2024-06-07 13:32:42.592406+00	2024-06-11 14:07:31.763896+00	t	2024-06-07 13:32:00+00	B	18	90.00	2 Geburtsurkunden	1	1	1	46	5
35	2024-06-14 06:04:27.565853+00	2024-06-14 10:31:55.814884+00	t	2024-06-18 06:04:00+00	B	27	100.00	Urteil - Auzug	1	1	1	63	5
51	2024-07-01 06:57:00.187088+00	2024-07-01 13:00:11.9521+00	t	2024-07-01 06:57:00+00	B	43	75.00	Einverständniserklärung für Minderjährige	1	1	1	92	5
47	2024-06-27 11:00:18.554037+00	2024-07-01 15:46:53.095366+00	t	2024-06-27 11:00:00+00	B	39	75.00	Einverständniserklärung für Minderjährige	1	1	1	86	5
50	2024-07-01 06:43:42.066708+00	2024-07-01 15:47:47.772205+00	t	2024-07-01 06:43:00+00	B	42	75.00	Einverständniserklärung für Minderjährige	1	1	1	91	5
48	2024-06-27 11:34:11.659224+00	2024-07-02 10:33:45.790801+00	t	2024-06-27 11:34:00+00	B	40	70.00	Empfehlungsschreiben	1	1	1	87	4
52	2024-07-02 10:35:46.834648+00	2024-07-02 10:36:47.40407+00	f	2024-07-02 10:35:00+00	P	9	17.85	Empfehlungsschreiben	1	1	1	89	5
53	2024-07-02 10:43:03.813289+00	2024-07-02 10:44:54.559904+00	t	2024-07-02 10:43:00+00	B	44	315.00	3 Zertifikate	1	1	1	96	3
54	2024-07-02 10:45:29.998695+00	2024-07-02 10:46:21.295633+00	f	2024-07-02 10:45:00+00	P	10	172.55	3 Zertifikate	1	1	1	94	3
55	2024-07-03 05:19:57.323518+00	2024-07-03 10:39:22.655024+00	t	2024-07-03 08:19:00+00	B	45	40.00	Vollmacht - Verkauf des Autos	1	1	1	97	5
56	2024-07-03 13:34:21.477559+00	2024-07-03 13:34:51.674962+00	t	2024-07-03 13:34:21.47405+00	B	46	75.00	Einverständniserklärung für Minderjährige	1	1	1	55	1
\.


--
-- Data for Name: orders_orderelement; Type: TABLE DATA; Schema: public; Owner: postgres
--

COPY public.orders_orderelement (id, description, quantity, price, order_id, service_id, status_id, um_id) FROM stdin;
4	Vollmacht - Ledigkeitsbescheinigung	1	25.00	2	2	5	1
5	Rumänisch-Deutsch	1	30.00	2	1	5	1
48	Vollmacht zur Vertretung in der Erbfolge	1	40.00	29	2	5	1
49	Beglaubigung der Unterschrift	1	30.00	29	3	5	1
35		1	30.00	21	3	5	1
57	Lohnsteuerbescheinigung	1	25.00	34	4	5	1
10	Vollmacht - Anwalt	1	40.50	4	2	5	1
33	Englisch-Deutsch	1	110.00	20	1	5	1
7	Einverständniserklärung für Minderjährige	1	25.00	3	2	5	1
8	Rumänisch-Deutsch	1	30.00	3	1	5	1
32	Englisch-Deutsch	1	175.00	19	1	5	1
11		1	30.00	4	3	5	1
6		1	20.00	2	3	5	1
58	Rumänisch-Deutsch	1	100.00	35	1	5	1
1	Vollmacht - Verkauf des Autos	1	25.00	1	2	5	1
2	Rumänisch-Deutsch	1	30.00	1	1	5	1
3		1	20.00	1	3	5	1
39	Vollmacht - Ausweis	1	25.00	23	2	6	1
13	Rumänisch-Deutsch	2	15.00	6	1	5	1
15	Rumänisch-Deutsch	1	15.00	8	1	5	1
36	Vollmacht - Vertretung	1	25.00	22	2	5	1
29	Vollmacht - Pässe	1	55.00	18	2	5	1
30	Erklärung	1	50.00	18	2	5	1
31		1	20.00	18	3	5	1
12	Rumänisch-Deutsch	2	50.00	5	1	5	1
14	Rumänisch-Deutsch	1	40.00	7	1	5	1
26	Vollmacht -  Einschulung	1	25.00	17	2	5	1
9		1	20.00	3	3	5	1
27	Rumänisch-Deutsch	1	30.00	17	1	5	1
28		1	20.00	17	3	5	1
34	Erklärung	1	30.00	21	2	5	1
20	Bankkarte beantragen	1	50.00	12	6	5	1
21	Bankkarte beantragen	1	50.00	13	6	5	1
18	Einverständniserklärung für Minderjährige	1	45.00	11	2	6	1
19	Rumänisch-Deutsch	1	55.00	11	1	6	1
37	Rumänisch-Deutsch	1	30.00	22	1	5	1
38		1	20.00	22	3	5	1
40	Vollmacht - Reisepass	1	25.00	23	2	6	1
16	Rumänisch-Deutsch	1	45.00	9	1	5	1
17	Rumänisch-Deutsch	1	15.00	10	1	5	1
41	Rumänisch-Deutsch	2	30.00	23	1	6	1
59	Einverständniserklärung für Minderjährige	1	25.00	36	2	5	1
60	Rumänisch-Deutsch	1	30.00	36	1	5	1
61		1	20.00	36	3	5	1
42		1	20.00	23	3	6	1
68	Vollmacht - Auto	1	25.00	39	2	5	1
69	Rumänisch-Deutsch	1	30.00	39	1	5	1
70		1	20.00	39	3	5	1
23	Rumänisch-Deutsch	1	220.00	15	1	5	1
45	Rumänisch-Deutsch	1	55.00	26	1	5	1
43	Rumänisch-Deutsch	2	45.00	24	1	5	1
24	Deutsch-Rumänisch	1	80.00	16	1	5	1
25	Deutsch-Rumänisch	1	110.00	16	1	5	1
65	Einverständniserklärung für Minderjährige	1	25.00	38	2	5	1
66	Rumänisch-Deutsch	1	30.00	38	1	5	1
67		1	20.00	38	3	5	1
56	Rumänisch-Deutsch	2	50.00	33	1	5	1
47	Rumänisch-Deutsch	6	15.00	28	1	5	1
50	Vollmacht zur Vertretung bei der Scheidung	1	80.00	30	2	5	1
51	Beurkundung	1	30.00	30	3	5	1
52	Einverständniserklärung für Minderjährige	2	30.00	31	2	5	1
53	Rumänisch-Deutsch	1	35.00	31	1	5	1
54		1	20.00	31	3	5	1
55	Rumänisch-Deutsch	1	40.00	32	1	4	1
62	Einverständniserklärung für Minderjährige	1	25.00	37	2	5	1
63	Rumänisch-Deutsch	1	30.00	37	1	5	1
64		1	20.00	37	3	5	1
72	Rumänisch-Deutsch	1	30.00	40	1	5	1
73		1	20.00	40	3	5	1
71	Vollmacht - Geburtsurkunde	1	25.00	40	2	5	1
74	Vollmacht - Reisetitel	1	25.00	41	2	5	1
75	Vollmacht - Pässe und Geburtsurkunden	1	25.00	41	2	5	1
76	Rumänisch-Deutsch	2	30.00	41	1	5	1
77		1	30.00	41	3	5	1
44	Rumänisch-Deutsch	2	105.00	25	1	5	1
22	Deutsch-Rumänisch	1	185.00	14	1	5	1
46	Rumänisch-Deutsch	6	45.00	27	1	5	1
79	Rumänisch-Deutsch	1	50.00	43	1	1	1
80	Rumänisch-Deutsch	1	60.00	43	1	1	1
84	Einverständniserklärung für Minderjährige	1	25.00	45	2	5	1
85	Rumänisch-Deutsch	1	30.00	45	1	5	1
86		1	20.00	45	3	5	1
87	Vollmacht Kennzeichnen	1	70.00	46	2	5	1
88		1	30.00	46	3	5	1
81	Einverständniserklärung für Minderjährige	1	25.00	44	2	5	1
82	Rumänisch-Deutsch	1	30.00	44	1	5	1
83		1	20.00	44	3	5	1
78	Rumänisch-Deutsch	1	58.00	42	1	5	1
93	Rumänisch-Deutsch	1	185.00	49	1	5	1
97	Einverständniserklärung für Minderjährige	1	25.00	51	2	5	1
98	Rumänisch-Deutsch	1	30.00	51	1	5	1
99		1	20.00	51	3	5	1
89	Einverständniserklärung für Minderjährige	1	25.00	47	2	5	1
90	Rumänisch-Deutsch	1	30.00	47	1	5	1
91		1	20.00	47	3	5	1
94	Einverständniserklärung für Minderjährige	1	25.00	50	2	5	1
95	Rumänisch-Deutsch	1	30.00	50	1	5	1
96		1	20.00	50	3	5	1
92	Spanisch-Deutsch	1	70.00	48	1	4	1
100	Spanisch-Deutsch	1	17.85	52	1	5	1
101	Tschechisch-Deutsch	1	315.00	53	1	3	1
102	Tschechisch-Deutsch	1	172.55	54	1	3	1
103	Vollmacht - Verkauf des Autos	1	40.00	55	2	5	1
105	Einverständniserklärung für Minderjährige	1	25.00	56	2	1	1
106	Rumänisch-Deutsch	1	30.00	56	1	1	1
107		1	20.00	56	3	1	1
\.


--
-- Data for Name: payments_payment; Type: TABLE DATA; Schema: public; Owner: postgres
--

COPY public.payments_payment (id, created_at, modified_at, type, is_client, serial, number, value, payment_date, description, created_by_id, currency_id, modified_by_id, person_id) FROM stdin;
1	2024-05-23 08:18:20.248635+00	2024-05-23 08:18:27.564077+00	bank	t			75.00	2024-05-22		1	1	1	1
2	2024-05-23 10:23:10.810654+00	2024-05-23 10:23:10.810697+00	bank	t			75.00	2024-05-23	von Cristina Nicolae	1	1	1	8
3	2024-05-25 09:42:35.437177+00	2024-05-25 09:42:35.437238+00	bank	t			75.00	2024-05-24		1	1	1	14
4	2024-05-25 09:43:50.476563+00	2024-05-25 09:43:57.015103+00	bank	t			70.50	2024-05-24		1	1	1	16
5	2024-05-27 10:53:36.767052+00	2024-05-27 10:53:36.767091+00	bank	t			40.00	2024-05-27		1	1	1	25
6	2024-05-28 08:06:50.434747+00	2024-05-28 08:08:06.935418+00	cash	t	BE	1	100.00	2024-05-27	Plata in numerar	1	1	1	23
7	2024-05-28 08:23:57.972215+00	2024-05-28 08:23:57.972255+00	bank	t			45.00	2024-05-27		1	1	1	30
8	2024-06-03 17:09:22.468221+00	2024-06-03 17:09:40.397038+00	bank	t			50.00	2024-06-03		1	1	1	36
9	2024-06-04 17:48:21.814123+00	2024-06-04 17:48:29.289746+00	bank	t			220.00	2024-06-04		1	1	1	37
10	2024-06-06 05:03:21.721886+00	2024-06-06 05:03:21.721936+00	bank	t			75.00	2024-06-05		1	1	1	39
11	2024-06-06 10:46:10.362013+00	2024-06-06 10:46:10.362053+00	bank	f			110.00	2024-06-06		1	1	1	42
12	2024-06-06 16:27:51.667321+00	2024-06-06 16:27:56.414334+00	bank	t			125.00	2024-06-06		1	1	1	40
13	2024-06-07 14:20:03.244553+00	2024-06-07 14:20:03.244597+00	bank	t			75.00	2024-06-07		1	1	1	44
14	2024-06-07 14:20:13.410939+00	2024-06-07 14:20:13.410979+00	bank	t			60.00	2024-06-07		1	1	1	43
15	2024-06-07 14:20:23.541173+00	2024-06-07 14:20:23.541212+00	bank	t			175.00	2024-06-07		1	1	1	41
16	2024-06-13 14:58:32.128585+00	2024-06-13 14:58:32.128632+00	bank	f			25.00	2024-06-13		1	1	1	62
17	2024-06-13 15:04:01.427085+00	2024-06-13 15:04:01.427124+00	bank	t			40.00	2024-06-13		1	1	1	61
18	2024-07-01 06:50:16.527371+00	2024-07-01 06:50:30.442056+00	bank	t			135.00	2024-07-01		1	1	1	36
\.


--
-- Data for Name: payments_paymentelement; Type: TABLE DATA; Schema: public; Owner: postgres
--

COPY public.payments_paymentelement (id, invoice_id, payment_id) FROM stdin;
1	1	1
2	2	2
3	3	3
4	4	4
5	5	5
6	6	6
7	7	7
8	8	8
9	9	9
10	10	10
11	11	11
12	12	12
13	13	13
14	14	14
15	15	15
16	19	16
17	20	17
18	8	18
\.


--
-- Data for Name: persons_person; Type: TABLE DATA; Schema: public; Owner: postgres
--

COPY public.persons_person (id, created_at, modified_at, entity, gender, firstname, lastname, identity_card, company_name, company_tax_code, company_iban, phone, email, address, services, created_by_id, modified_by_id) FROM stdin;
1	2024-05-23 08:11:05.9045+00	2024-05-23 08:11:05.9045+00	pi	ma	Daniel	Decher					004917663454681		Holunderweg 2, 72218 Wildberg		1	1
2	2024-05-23 08:20:35.554331+00	2024-05-23 08:20:59.558171+00	co	ma	Joel	Straub		Notar Dr. Joel Straub			004970517943710	kanzlei@notar-straub.de	Lederstraße 39, 75365 Calw	Notar	1	1
3	2024-05-23 08:22:45.400594+00	2024-05-23 08:25:06.21307+00	co	ma	Dr. 	Lohrer		Notar Dr. Lohrer			004970329183240	info@notar-lohrer.de	Daimlerstraße 12, 71083 Herrenberg	Notar	1	1
4	2024-05-23 08:24:46.490669+00	2024-05-23 08:25:16.413562+00	co	ma	Jean-Philip	Möllmann		Notar Jean-Philip Möllmann			004970327847476	kanzlei@notar-jm.de	Seeländerpl. 2, 71083 Herrenberg	Notar	1	1
5	2024-05-23 09:00:03.740521+00	2024-05-23 09:02:23.829741+00	co	ma	Carl Philipp	Schaubele		Notar Carl Philipp Schaubele			004970329561980	kanzlei@notar-schaubele.de	Reinhold-Schick-Platz 4, 71083 Herrenberg	Notar	1	1
6	2024-05-23 09:01:02.744161+00	2024-05-23 09:02:32.933757+00	co	ma	Thorsten	Glombik		Notar Thorsten Glombik			004974527904940	info@notar-gl.de	Hirschstraße 6, 72202 Nagold	Notar	1	1
7	2024-05-23 09:01:44.586377+00	2024-05-23 09:02:53.542711+00	co	ma	Timm	Läpple		Notar Timm Läpple			00497452883960	Kanzlei@Notar-Laepple.de	Schillerstraße 13, 72202 Nagold	Notar	1	1
8	2024-05-23 10:16:18.988387+00	2024-05-23 10:16:51.500046+00	pi	ma	Marian	Ifrim					004915145635586		Breitenbichl 12, 82256 Fürstenfeldbruck		1	1
10	2024-05-23 12:13:03.622112+00	2024-05-23 12:13:03.622112+00	pi	ma	Claudius	Korch		Notar Dr. Claudius Korch			00497221944730	kanzlei@notar-korch.de	Pariser Platz, Pariser Ring 1, 76532 Baden-Baden	Notar	1	1
9	2024-05-23 12:11:51.185637+00	2024-05-23 13:55:09.027005+00	pi	ma	Florin	Sima					00491722573474		Luisen Str.8,  76571 Gaggenau		1	1
11	2024-05-24 07:13:59.61681+00	2024-05-24 07:13:59.61681+00	co	ma	Hubert	Krebs		Notare Hubert Krebs und Stefan Ackermann			004981411388	kanzlei@notare-krebs-ackermann.de	Pucher Str. 3, 82256 Fürstenfeldbruck	Notar	1	1
13	2024-05-24 07:17:07.731575+00	2024-05-24 07:25:52.084386+00	co	ma	Nikolaus	Buchta		Notare Nikolaus Buchta & Martin Jung			00498141401630	mail@notare-bju.de	Oskar-von-Miller-Straße 4d, 82256 Fürstenfeldbruck	Notar	1	1
12	2024-05-24 07:15:45.386578+00	2024-05-24 07:26:22.321944+00	co	ma	Alexander	Krafka		Notare Alexander Krafka & Thorsten Langnau			004981414041780	krafka.langnau@notarnet.de	Ledererstraße 10, 82256 Fürstenfeldbruck	Notar	1	1
14	2024-05-24 07:49:28.157444+00	2024-05-24 07:49:28.157444+00	pi	wo	Florina-Mădălina	Păunescu					00491772773392		Siedlung 12, 38368 Mariental OT Dorf		1	1
15	2024-05-24 11:28:37.577604+00	2024-05-24 11:28:37.577604+00	sp	wo	Kirsten	Hirche					004939140095470	info@notarin-hirche.de	Olvenstedter Straße 10, 39108 Magdeburg	Notar	1	1
16	2024-05-25 09:37:26.110462+00	2024-05-25 09:54:26.037562+00	pi	wo	Petronela-Florentina	Mușinoiu					0040729509241		Landshuter Str. 35 B, 94315 Straubing		1	1
17	2024-05-27 07:16:05.473828+00	2024-05-27 07:16:05.473828+00	sp	ma	Florian	Hagenbucher					00499421187670	mail@notarhagenbucher.de	Bahnhofpl. 1A, 94315 Straubing	Notar	1	1
18	2024-05-27 07:17:48.571652+00	2024-05-27 07:18:22.740526+00	pi	ma	Andreas	Bosch		Notare Dr. Schreindorfer & Bosch			0049942199050	info@schreindorfer-bosch.de	Mühlsteingasse 7, 94315 Straubing	Notar	1	1
19	2024-05-27 07:19:08.495647+00	2024-05-27 07:19:23.084332+00	sp	ma	Michael	Böhme					004994221227	info@notar-boehme.de	Mussinanstraße 5, 94327 Bogen	Notar	1	1
20	2024-05-27 07:20:19.176214+00	2024-05-27 07:20:19.176214+00	sp	wo	Anja	Schaller					004994821558	info@notarin-schaller.de	Taxisstraße 29, 93086 Wörth an der Donau	Notar	1	1
22	2024-05-27 07:25:52.780343+00	2024-05-27 07:25:52.780343+00	sp	wo	Gundula	Höpner					0049391609330	notarin_gundula.hoepner@t-online.de	Klausenerstraße 37A, 39112 Magdeburg	Notar	1	1
24	2024-05-27 10:05:02.429516+00	2024-05-27 10:05:02.429516+00	sp	ma	Cătălin Dănuț	Moraru					00491745350007	catalindanut@yahoo.de	König Leopold III, Nr. 37 4710 Lontzen, Belgien	Übersetzer Rumänisch	1	1
32	2024-05-29 07:26:10.524115+00	2024-05-29 07:26:10.524115+00	pi	wo	Maria-Ioana	Stoica					004915739819416		Franz-Liszt-Straße 8, 52249 Eschweiler		1	1
33	2024-05-29 07:27:25.708582+00	2024-05-29 07:27:25.708582+00	sp	ma	Martin	Kley		Notar Dr. Kley			004924035027425	mail@eschweiler-notarkley.de	Marienstrasse 37, 52249 Eschweiler	Notar	1	1
25	2024-05-27 10:43:46.455279+00	2024-05-27 12:31:46.557329+00	pi	wo	Adina-Adriana	Aostăcioae					00491632912284		Taschnerstraße 21, 60388 Frankfurt am Main		1	1
27	2024-05-27 12:50:48.182241+00	2024-05-27 12:50:48.182241+00	sp	ma	Christian	Dietrich					004925812397	Dr.Christian-Dietrich@web.de	Splieterstraße 27, 48231 Warendorf	Notar	1	1
26	2024-05-27 12:49:22.548126+00	2024-05-27 12:51:04.460742+00	co	ma	Oliver	Kock		Oliver Kock LL.M. und Marc Leuer			0049258193140	info@klaene.de	Bahnhofstraße 2, 48231 Warendorf	Notar	1	1
28	2024-05-27 12:52:33.015949+00	2024-05-27 12:52:33.015949+00	pi	ma	Alfons	Lentfort		Lentfort - Notar und Anwalt			00492581989200	post@lentfort.de	Zumlohstraße 1A, 48231 Warendorf	Notar	1	1
29	2024-05-27 12:54:48.918364+00	2024-05-27 12:54:48.918364+00	co	ma	Heike	Rensinghoff					004925227081	faber.mareike@anwalt-oelde.de	Bahnhofstraße 22, 59302 Oelde	Notar	1	1
30	2024-05-28 06:49:38.63111+00	2024-05-28 06:49:38.63111+00	pi	wo	Georgeta-Denisa	Ungureanu					004917656803956		Mozartstraße 2, 33775 Versmold		1	1
23	2024-05-27 09:35:10.612343+00	2024-05-28 08:09:27.830543+00	pi	ma	Sandu	Alexa					004915142853918		Str. d. Deutschen Einheit 35, 39326 Wolmirstedt		1	1
34	2024-05-29 20:43:44.844872+00	2024-05-29 20:43:44.844872+00	pi	ma	Ioan-Florin	Urs					0040758194387		Hermannstraße 20 , 42897 Remscheid		1	1
35	2024-05-30 06:01:56.231681+00	2024-05-30 06:01:56.231681+00	pi	ma	Petre	Petre					0040730345602		Magdeburg		1	1
36	2024-06-03 07:33:58.060403+00	2024-06-03 07:33:58.060403+00	pi	wo	Silvia-Viorica	Vladutu					004915738325130		Obertürkheimer Str. 12, 73733 Esslingen am Neckar		1	1
37	2024-06-03 13:25:17.269101+00	2024-06-03 13:25:17.269101+00	pi	ma	Cătălin	Munteanu					004915510702251		Rosenheimer Str. 35, 83059 Kolbermoor (Hotel Heider)		1	1
21	2024-05-27 07:24:14.40201+00	2024-06-03 14:22:20.923931+00	co	ma	Stefan	Kurz		Notare Kurz & Sagmeister			00499915065	info@kurz-sagmeister.de	Pfleggasse 9, 94469 Deggendorf	Notar	1	1
31	2024-05-28 08:46:57.329368+00	2024-06-03 14:22:36.752293+00	sp	ma	Adrian George	Radu		Sprachen Express			00491636299796	adrian.george.radu@gmail.com	Hektorweg 20, 39118, Magdeburg	Dolmetscher Rumänisch	1	1
38	2024-06-04 17:35:34.578709+00	2024-06-04 17:35:34.578709+00	pi	wo	Natalya	Muller							Bonhoeffer Straße 10, 04668 Grimma		1	1
39	2024-06-06 05:00:38.563339+00	2024-06-06 05:00:38.563339+00	pi	wo	Simona	Sava					004917680395937		Elisabeth-Schiemann 5, 59077 Hamm		1	1
41	2024-06-06 10:37:22.484321+00	2024-06-06 10:37:22.484321+00	pi	ma	Oleg	Vlas		Bau Netzwerk OV GmbH			004915141375409		Wehrener Straße 42, 34281 Gudensberg		1	1
42	2024-06-06 10:43:11.920645+00	2024-06-06 10:43:11.920645+00	sp	wo	Swetlana	Donnerstag					004917620611313	swetlana_donnerstag@yahoo.de	Olvenstedter Str. 15, 39108 Magdeburg	Übersetzer Russisch, Englisch	1	1
43	2024-06-06 10:55:15.300623+00	2024-06-06 10:55:15.300623+00	pi	ma	Constantin	Lipan					004915211638184		Groß Sterneberger Straße 46, 21714 Hammah OT Groß Sterneberg		1	1
45	2024-06-06 11:10:46.396323+00	2024-06-06 11:10:46.396323+00	pi	wo	Petronela-Ancuța	Holoșpin					004917671960225		Luise-Hensel-Straße 34, 33161 Hövelhof		1	1
40	2024-06-06 08:46:32.600553+00	2024-06-07 08:05:11.441718+00	pi	ma	Gabriel-Grigore	Lupoae					0040771432425		Poeler Str. 138, 23970 Wismar		1	1
44	2024-06-06 11:05:08.198213+00	2024-06-07 07:49:09.228482+00	pi	ma	Denis-Adrian	Aldea					004915901928595		Seehofstraße 44, 96052 Bamberg		1	1
46	2024-06-07 13:30:18.734185+00	2024-06-07 13:31:38.632783+00	pi	wo	Maria-Lorena	Badea					004915218961646 		Frommeyerstraße 23, 49584 Fürstenau		1	1
48	2024-06-07 13:49:29.072472+00	2024-06-07 13:49:29.072472+00	pi	ma	George	Isopescu					004915223901563	georgeisopescu13@gmail.com	Landsberger Str. 441, 81241 München		1	1
50	2024-06-10 10:44:49.246306+00	2024-06-10 10:44:49.246306+00	sp	wo	Christiane	Streßig					0049238191990	canta@kahlert-padberg.de	Willy-Brandt-Platz 9, 59065 Hamm	Notar	1	1
81	2024-06-25 05:50:04.661804+00	2024-06-25 05:54:27.759326+00	pi	wo	Irina	Szabo					004915214004253		Friedrich-Engels-Str. 13, 07545 Gera		1	1
49	2024-06-10 10:41:33.30059+00	2024-06-10 10:45:23.223475+00	co	ma	Florian	Dallwig		Peter Rösmann, Rechtsanwalt und Notar			04923811608147	fdallwig@grueter.de	Hesslerstraße 40, 59065 Hamm	Notar	1	1
51	2024-06-10 11:12:20.63161+00	2024-06-10 11:12:20.63161+00	sp	ma	Christoph	Ritter					0049962147240	info@notar-ritter.de	Marienstraße 8, 92224 Amberg	Notar	1	1
52	2024-06-10 11:55:31.371067+00	2024-06-10 11:55:31.371067+00	sp	wo	Anja	Gerono					0049951200400	mail@notarin-gerono.de	Luitpoldstraße 51, 96052 Bamberg	Notar	1	1
53	2024-06-10 13:16:27.475047+00	2024-06-10 13:16:27.475047+00	pi	ma	Manuel	Răducanu							Magdeburg		1	1
54	2024-06-11 07:51:09.696649+00	2024-06-11 07:51:09.696649+00	pi	ma	Adrian	Dima					004915234679669		Gneisenaustr. 87, 10961 Berlin		1	1
55	2024-06-11 07:52:08.901677+00	2024-06-11 07:52:08.901677+00	pi	wo	Anca-Flavia	Ciliboaie					004915205242998		Bahnhofstraße 4, 84558 Kirchweidach		1	1
56	2024-06-11 16:04:13.955991+00	2024-06-11 16:04:13.955991+00	pi	ma	Michael	Habel		Notare Michael Habel und Dr. Sabine Keindl			00498671957990	info@notare-altoetting.de	Dr.-Hiemer-Straße 4, 84503 Altötting	Notar	1	1
47	2024-06-07 13:35:42.31277+00	2024-06-12 06:41:32.722013+00	pi	wo	Amalia	Dumbrava					004915128591649		Schloßstrasse 21a, 49356 Diepholz		1	1
57	2024-06-12 06:43:18.578628+00	2024-06-12 06:43:18.578628+00	pi	wo	Lidia	Grosu					0037367564320		Kalugaer Straße 25, 98724 Neuhaus am Rennweg		1	1
58	2024-06-12 09:13:02.298972+00	2024-06-12 09:13:02.298972+00	pi	ma	Georg	Mehler		 MEHLER & DR. HAMBERGER			0049862198760	notare@mehler-hamberger.de	Bayernstraße 8, 83308 Trostberg	Notar	1	1
59	2024-06-12 15:36:18.206134+00	2024-06-12 15:36:18.206134+00	pi	ma	Jochen	Keßler		Keßler | Hardt | Notare			00499261910270	mail@notare-kronach.de	Kulmbacher Str. 20, 96317 Kronach	Notar	1	1
60	2024-06-13 09:01:24.891626+00	2024-06-13 09:01:24.891626+00	co	wo	Ulrike	Henschel		HHW			0049308859670	mail@hhw-berlin.de	Bundesallee 39-40A, 10717 Berlin	Notar	1	1
62	2024-06-13 14:52:57.737064+00	2024-06-13 14:52:57.737064+00	co	ma	Landgericht	Magdeburg					00493916060		Halberstüdter Str. 8, 39112 Magdeburg	Apostille	1	1
61	2024-06-13 11:06:44.83862+00	2024-06-14 05:57:17.864254+00	pi	wo	Ioana-Roxana	Căruță					0040755753078		Fritz-Schubert-Ring 46, 63486 Bruchköbel		1	1
63	2024-06-14 06:03:52.781505+00	2024-06-14 06:03:52.781505+00	pi	ma	Ionuț Cătălin 	Croitoru					004915209702649		Hauptstraße 10, 84558 Kirchweidach		1	1
64	2024-06-14 10:41:17.372786+00	2024-06-14 10:41:17.372786+00	co	ma	Caroline	Reichenauer		Landeshauptstadt Magdeburg, Jugendamt 51.61			00493915403131	Caroline.Reichenauer@jga.magdeburg.de	Wilhelm-Höpfner-Ring 1		1	1
65	2024-06-17 07:35:51.041789+00	2024-06-17 07:35:51.041789+00	pi	ma	Ciprian	Domnica					00491625336020		Köslinerweg 10, 30900 Wedemark		1	1
66	2024-06-17 07:49:13.613307+00	2024-06-17 07:49:13.613307+00	pi	wo	Adela-Daniela	Molnar					004915778408207		Leinwebergasse 2, 60386 Frankfurt am Main		1	1
67	2024-06-17 08:06:45.309916+00	2024-06-17 08:06:45.309916+00	pi	ma	Ciprian	Furtună					004915231421741		Höhenstraße 18, 56203 Höhr-Grenzhausen		1	1
82	2024-06-25 15:41:45.069201+00	2024-06-25 15:41:45.069201+00	pi	wo	Daniela	Voica					0040721994432		Podbielskistraße 185, 30117 Hannover		1	1
68	2024-06-17 08:12:45.757793+00	2024-06-17 09:05:29.066477+00	pi	ma	Valentin-Emanuel	Mertoiu					0040762833085		Thüngersheimer Str. 72, 97261 Güntersleben		1	1
69	2024-06-17 11:49:52.988374+00	2024-06-17 11:49:52.988374+00	pi	wo	Petra	Becke					00495139989520	notariat@versteyl.de	Kokenhorststraße 19, 30938 Burgwedel	Notar	1	1
70	2024-06-17 13:31:08.785021+00	2024-06-17 13:31:08.785021+00	sp	ma	Jens	Neie					00499313590200	mail@notar-neie.de	Domstraße 5, 97070 Würzburg	Notar	1	1
71	2024-06-18 08:00:07.921327+00	2024-06-18 08:00:07.921327+00	sp	ma	Andreas	Lanters					004926176041	info@notariat-lanters.de	Im Teichert 117, 56076 Koblenz	Notar	1	1
72	2024-06-18 11:51:24.187184+00	2024-06-18 13:39:03.872813+00	pi	wo	Ionela-Ramona	Șerban					0040771782171		Ofenerdieker Str. 34, 26125 Oldenburg		1	1
73	2024-06-18 14:30:56.353888+00	2024-06-18 14:30:56.353888+00	sp	ma	Klaus	Hackenbroich					004969888639	info@notar-hackenbroich.de	Luisenstraße 33, 63067 Offenbach am Main	Notar	1	1
74	2024-06-18 14:33:17.973405+00	2024-06-18 14:33:17.973405+00	sp	ma	Norbert	Koch		HaackSchubert Partnerschaftsgesellschaft mbB			004969800735100	info@haackschubert.de	Hafeninsel 11, 63067 Offenbach am Main	Notar	1	1
75	2024-06-19 06:53:19.341224+00	2024-06-19 06:53:19.341224+00	pi	ma	Florin-Ion	Stan					004915510752382	fion43@yahoo.com	Rübezahlplatz 13, 87700 Memmingen		1	1
76	2024-06-19 09:23:09.196452+00	2024-06-19 09:23:09.196452+00	sp	wo	Susanne	Franke		Rechtsanwältin und Notarin			 004944135027236	office@susanne-franke.com	Amalienstraße 22, 26135 Oldenburg	Notar	1	1
77	2024-06-20 08:21:31.877705+00	2024-06-20 08:21:31.877705+00	pi	ma	Arnold	Voran		Kanzlei Memmingen			00498331929000	info@notar-voran.de	Hallhof 6, 87700 Memmingen (/1. Stock)	Notar	1	1
78	2024-06-24 05:18:23.945355+00	2024-06-24 05:18:23.945355+00	pi	wo	Mihaela Amalia	Birsan						birsan.amalia@gmail.com	Feldstr.15, 63329 Egelsbach		1	1
79	2024-06-24 06:00:57.049874+00	2024-06-24 06:00:57.049874+00	pi	ma	Clement-Emil	Cârdan					004915147423707				1	1
80	2024-06-24 13:45:23.416587+00	2024-06-24 13:45:23.416587+00	pi	ma	Răzvan-Daniel	Codre					0040771607900		Am Haselbusch 10, 98617 Meiningen		1	1
83	2024-06-26 07:36:13.194944+00	2024-06-26 07:36:13.194944+00	sp	wo	Janett	Talke					0049365290570	notarin@talke.org	Humboldtstraße 29, 07545 Gera	Notar	1	1
84	2024-06-26 07:49:57.443341+00	2024-06-26 07:49:57.443341+00	co	ma	Gerd	Lange		LANGE Notar & Rechtsanwälte			0049511368840	mail@notarlange.de	Schiffgraben 23, 30159 Hannover	Notar	1	1
85	2024-06-27 03:14:34.099889+00	2024-06-27 03:14:34.099889+00	sp	ma	Tim	Kraus					004997765008	mail@notar-kraus.de	Erfurter Str. 23, 97638 Mellrichstadt	Notar	1	1
86	2024-06-27 11:00:01.118345+00	2024-06-27 11:00:01.118345+00	pi	ma	Ștefăniță-Dănuț	Dorobanțu					0040759586425		Waldstraße 8, 39291 Möckern		1	1
87	2024-06-27 11:20:32.972403+00	2024-06-27 11:20:32.972403+00	pi	ma	Luis Alejandro Ramos	Morán					00491629164480	luisramosmoran7@gmail.com	Friedenstraße 1a  39112, Magdeburg		1	1
89	2024-06-27 18:25:22.791393+00	2024-06-27 18:25:22.791393+00	sp	ma	Jürgen	Schneider					0049391857902	schneider-translation@t-online.de	Erich Kästener Str. 9, 39114 Magdeburg	Übersetzer Spanisch	1	1
88	2024-06-27 12:09:16.659144+00	2024-06-27 14:00:10.46538+00	pi	ma	Alexandru	Panfil					00491756264863	info@panfil-fbh.de	Eichendorff Str. 6 ,  57610 Altenkirchen		1	1
90	2024-06-28 10:11:38.481906+00	2024-06-28 10:11:38.481906+00	sp	wo	Sonja	Krause					00493920162013	info@notarin-krause.de	Bahnhofstraße 37, 39326 Wolmirstedt	Notar	1	1
91	2024-07-01 06:43:20.256405+00	2024-07-01 06:43:20.256405+00	pi	wo	Iulia-Gabriela	Lingurar					004915510330930		Uhlandstr. 4 // 03, 08525 Plauen		1	1
93	2024-07-01 07:02:44.425721+00	2024-07-01 07:02:55.93247+00	sp	ma	Hans	Peller					0049374115130	notar@notar-peller.de	Klosterstraße 1, 08523 Plauen	Notar	1	1
92	2024-07-01 06:56:03.442924+00	2024-07-01 08:38:17.823296+00	pi	ma	Puiu	Niculae					004915222309309		Olvenstedter Scheid 53, 39130 Magdeburg		1	1
94	2024-07-01 10:27:56.810981+00	2024-07-01 10:27:56.810981+00	sp	wo	Dagmar	Hesse					004915150974290	Hesse-Buero@gmx.de	Karl-Marx-Str. 14, D-06484 Ditfurt	Übersetzer Tschechisch	1	1
95	2024-07-01 15:39:48.205175+00	2024-07-01 15:39:48.205175+00	sp	ma	Matthias	Golz					00493923780019	info@notar-golz.de	Alte Brücke 45, 39261 Zerbst/Anhalt	Notar	1	1
96	2024-07-02 10:42:28.943908+00	2024-07-02 10:42:28.943908+00	pi	wo	Inna	Reznikova					00491754141467		Lion-Feuchtwanger-Straße 18, 39120 Magdeburg		1	1
97	2024-07-03 05:19:24.489607+00	2024-07-03 05:19:24.489607+00	pi	ma	Fiodor	Bocancea					0037367372444				1	1
\.


--
-- Data for Name: services_currency; Type: TABLE DATA; Schema: public; Owner: postgres
--

COPY public.services_currency (id, name, symbol) FROM stdin;
1	Euro	€
2	Dollar	$
3	Leu	ron
\.


--
-- Data for Name: services_serial; Type: TABLE DATA; Schema: public; Owner: postgres
--

COPY public.services_serial (id, offer_serial, offer_number, order_serial, order_number, p_order_serial, p_order_number, proforma_serial, proforma_number, invoice_serial, invoice_number, receipt_serial, receipt_number) FROM stdin;
1	A	1	B	47	P	11	PRO	1	RE	19	BE	2
\.


--
-- Data for Name: services_service; Type: TABLE DATA; Schema: public; Owner: postgres
--

COPY public.services_service (id, name, price_min, price_max, icon, currency_id, um_id) FROM stdin;
1	Übersetzung	30.00	55.00	mdi-google-translate	1	1
2	Redaktionsservice	25.00	35.00	mdi-file-word-box	1	1
3	Vermitlung Notar	20.00	60.00	mdi-seal	1	1
4	Vermitlung Apostille	25.00	50.00	mdi-star-circle	1	1
5	Untertitel	3.00	6.00	mdi-closed-caption	1	6
6	Dolmetschen	50.00	300.00	mdi-message-text-outline	1	5
\.


--
-- Data for Name: services_status; Type: TABLE DATA; Schema: public; Owner: postgres
--

COPY public.services_status (id, name, style, percent) FROM stdin;
1	Warten	danger	20
2	Bestätigt	primary	40
3	In Bearbeitung	info	60
4	In Überprüfung	warning	80
5	Geliefert	success	100
6	Abgebrochen	dark	100
\.


--
-- Data for Name: services_um; Type: TABLE DATA; Schema: public; Owner: postgres
--

COPY public.services_um (id, name) FROM stdin;
1	Stk.
2	S.
3	Zl.
4	Tg.
5	Std.
6	Min.
\.


--
-- Data for Name: users_customuser; Type: TABLE DATA; Schema: public; Owner: postgres
--

COPY public.users_customuser (id, password, last_login, is_superuser, username, first_name, last_name, email, is_staff, is_active, date_joined, date_of_birth, profile_picture, phone, address) FROM stdin;
1	pbkdf2_sha256$600000$nKiXFtunEEko7PPjNv1tDO$P5Ag7uJYk0N0pkKMH+NWMOBH0lWatJPVSg1gmZNlcOU=	2024-06-27 03:11:31.059855+00	t	agradu	Adrian George	Radu	adrian.george.radu@gmail.com	t	t	2024-05-23 08:09:33.965503+00	1977-03-11	profile_pictures/my-profile-default_Fub3HUt.jpg	00491636299796	Hektorweg 20, 39118, Magdeburg
\.


--
-- Data for Name: users_customuser_groups; Type: TABLE DATA; Schema: public; Owner: postgres
--

COPY public.users_customuser_groups (id, customuser_id, group_id) FROM stdin;
\.


--
-- Data for Name: users_customuser_user_permissions; Type: TABLE DATA; Schema: public; Owner: postgres
--

COPY public.users_customuser_user_permissions (id, customuser_id, permission_id) FROM stdin;
\.


--
-- Name: appointments_appointment_id_seq; Type: SEQUENCE SET; Schema: public; Owner: postgres
--

SELECT pg_catalog.setval('public.appointments_appointment_id_seq', 30, true);


--
-- Name: auth_group_id_seq; Type: SEQUENCE SET; Schema: public; Owner: postgres
--

SELECT pg_catalog.setval('public.auth_group_id_seq', 1, false);


--
-- Name: auth_group_permissions_id_seq; Type: SEQUENCE SET; Schema: public; Owner: postgres
--

SELECT pg_catalog.setval('public.auth_group_permissions_id_seq', 1, false);


--
-- Name: auth_permission_id_seq; Type: SEQUENCE SET; Schema: public; Owner: postgres
--

SELECT pg_catalog.setval('public.auth_permission_id_seq', 92, true);


--
-- Name: django_admin_log_id_seq; Type: SEQUENCE SET; Schema: public; Owner: postgres
--

SELECT pg_catalog.setval('public.django_admin_log_id_seq', 6, true);


--
-- Name: django_content_type_id_seq; Type: SEQUENCE SET; Schema: public; Owner: postgres
--

SELECT pg_catalog.setval('public.django_content_type_id_seq', 23, true);


--
-- Name: django_migrations_id_seq; Type: SEQUENCE SET; Schema: public; Owner: postgres
--

SELECT pg_catalog.setval('public.django_migrations_id_seq', 11, true);


--
-- Name: invoices_invoice_id_seq; Type: SEQUENCE SET; Schema: public; Owner: postgres
--

SELECT pg_catalog.setval('public.invoices_invoice_id_seq', 20, true);


--
-- Name: invoices_invoiceelement_id_seq; Type: SEQUENCE SET; Schema: public; Owner: postgres
--

SELECT pg_catalog.setval('public.invoices_invoiceelement_id_seq', 34, true);


--
-- Name: invoices_proforma_id_seq; Type: SEQUENCE SET; Schema: public; Owner: postgres
--

SELECT pg_catalog.setval('public.invoices_proforma_id_seq', 1, false);


--
-- Name: invoices_proformaelement_id_seq; Type: SEQUENCE SET; Schema: public; Owner: postgres
--

SELECT pg_catalog.setval('public.invoices_proformaelement_id_seq', 1, false);


--
-- Name: orders_offer_id_seq; Type: SEQUENCE SET; Schema: public; Owner: postgres
--

SELECT pg_catalog.setval('public.orders_offer_id_seq', 1, false);


--
-- Name: orders_offerelement_id_seq; Type: SEQUENCE SET; Schema: public; Owner: postgres
--

SELECT pg_catalog.setval('public.orders_offerelement_id_seq', 1, false);


--
-- Name: orders_order_id_seq; Type: SEQUENCE SET; Schema: public; Owner: postgres
--

SELECT pg_catalog.setval('public.orders_order_id_seq', 56, true);


--
-- Name: orders_orderelement_id_seq; Type: SEQUENCE SET; Schema: public; Owner: postgres
--

SELECT pg_catalog.setval('public.orders_orderelement_id_seq', 107, true);


--
-- Name: payments_payment_id_seq; Type: SEQUENCE SET; Schema: public; Owner: postgres
--

SELECT pg_catalog.setval('public.payments_payment_id_seq', 18, true);


--
-- Name: payments_paymentelement_id_seq; Type: SEQUENCE SET; Schema: public; Owner: postgres
--

SELECT pg_catalog.setval('public.payments_paymentelement_id_seq', 18, true);


--
-- Name: persons_person_id_seq; Type: SEQUENCE SET; Schema: public; Owner: postgres
--

SELECT pg_catalog.setval('public.persons_person_id_seq', 97, true);


--
-- Name: services_currency_id_seq; Type: SEQUENCE SET; Schema: public; Owner: postgres
--

SELECT pg_catalog.setval('public.services_currency_id_seq', 3, true);


--
-- Name: services_serial_id_seq; Type: SEQUENCE SET; Schema: public; Owner: postgres
--

SELECT pg_catalog.setval('public.services_serial_id_seq', 1, true);


--
-- Name: services_service_id_seq; Type: SEQUENCE SET; Schema: public; Owner: postgres
--

SELECT pg_catalog.setval('public.services_service_id_seq', 6, true);


--
-- Name: services_status_id_seq; Type: SEQUENCE SET; Schema: public; Owner: postgres
--

SELECT pg_catalog.setval('public.services_status_id_seq', 6, true);


--
-- Name: services_um_id_seq; Type: SEQUENCE SET; Schema: public; Owner: postgres
--

SELECT pg_catalog.setval('public.services_um_id_seq', 6, true);


--
-- Name: users_customuser_groups_id_seq; Type: SEQUENCE SET; Schema: public; Owner: postgres
--

SELECT pg_catalog.setval('public.users_customuser_groups_id_seq', 1, false);


--
-- Name: users_customuser_id_seq; Type: SEQUENCE SET; Schema: public; Owner: postgres
--

SELECT pg_catalog.setval('public.users_customuser_id_seq', 1, true);


--
-- Name: users_customuser_user_permissions_id_seq; Type: SEQUENCE SET; Schema: public; Owner: postgres
--

SELECT pg_catalog.setval('public.users_customuser_user_permissions_id_seq', 1, false);


--
-- Name: appointments_appointment appointments_appointment_pkey; Type: CONSTRAINT; Schema: public; Owner: postgres
--

ALTER TABLE ONLY public.appointments_appointment
    ADD CONSTRAINT appointments_appointment_pkey PRIMARY KEY (id);


--
-- Name: auth_group auth_group_name_key; Type: CONSTRAINT; Schema: public; Owner: postgres
--

ALTER TABLE ONLY public.auth_group
    ADD CONSTRAINT auth_group_name_key UNIQUE (name);


--
-- Name: auth_group_permissions auth_group_permissions_group_id_permission_id_0cd325b0_uniq; Type: CONSTRAINT; Schema: public; Owner: postgres
--

ALTER TABLE ONLY public.auth_group_permissions
    ADD CONSTRAINT auth_group_permissions_group_id_permission_id_0cd325b0_uniq UNIQUE (group_id, permission_id);


--
-- Name: auth_group_permissions auth_group_permissions_pkey; Type: CONSTRAINT; Schema: public; Owner: postgres
--

ALTER TABLE ONLY public.auth_group_permissions
    ADD CONSTRAINT auth_group_permissions_pkey PRIMARY KEY (id);


--
-- Name: auth_group auth_group_pkey; Type: CONSTRAINT; Schema: public; Owner: postgres
--

ALTER TABLE ONLY public.auth_group
    ADD CONSTRAINT auth_group_pkey PRIMARY KEY (id);


--
-- Name: auth_permission auth_permission_content_type_id_codename_01ab375a_uniq; Type: CONSTRAINT; Schema: public; Owner: postgres
--

ALTER TABLE ONLY public.auth_permission
    ADD CONSTRAINT auth_permission_content_type_id_codename_01ab375a_uniq UNIQUE (content_type_id, codename);


--
-- Name: auth_permission auth_permission_pkey; Type: CONSTRAINT; Schema: public; Owner: postgres
--

ALTER TABLE ONLY public.auth_permission
    ADD CONSTRAINT auth_permission_pkey PRIMARY KEY (id);


--
-- Name: django_admin_log django_admin_log_pkey; Type: CONSTRAINT; Schema: public; Owner: postgres
--

ALTER TABLE ONLY public.django_admin_log
    ADD CONSTRAINT django_admin_log_pkey PRIMARY KEY (id);


--
-- Name: django_content_type django_content_type_app_label_model_76bd3d3b_uniq; Type: CONSTRAINT; Schema: public; Owner: postgres
--

ALTER TABLE ONLY public.django_content_type
    ADD CONSTRAINT django_content_type_app_label_model_76bd3d3b_uniq UNIQUE (app_label, model);


--
-- Name: django_content_type django_content_type_pkey; Type: CONSTRAINT; Schema: public; Owner: postgres
--

ALTER TABLE ONLY public.django_content_type
    ADD CONSTRAINT django_content_type_pkey PRIMARY KEY (id);


--
-- Name: django_migrations django_migrations_pkey; Type: CONSTRAINT; Schema: public; Owner: postgres
--

ALTER TABLE ONLY public.django_migrations
    ADD CONSTRAINT django_migrations_pkey PRIMARY KEY (id);


--
-- Name: django_session django_session_pkey; Type: CONSTRAINT; Schema: public; Owner: postgres
--

ALTER TABLE ONLY public.django_session
    ADD CONSTRAINT django_session_pkey PRIMARY KEY (session_key);


--
-- Name: invoices_invoice invoices_invoice_pkey; Type: CONSTRAINT; Schema: public; Owner: postgres
--

ALTER TABLE ONLY public.invoices_invoice
    ADD CONSTRAINT invoices_invoice_pkey PRIMARY KEY (id);


--
-- Name: invoices_invoiceelement invoices_invoiceelement_pkey; Type: CONSTRAINT; Schema: public; Owner: postgres
--

ALTER TABLE ONLY public.invoices_invoiceelement
    ADD CONSTRAINT invoices_invoiceelement_pkey PRIMARY KEY (id);


--
-- Name: invoices_proforma invoices_proforma_pkey; Type: CONSTRAINT; Schema: public; Owner: postgres
--

ALTER TABLE ONLY public.invoices_proforma
    ADD CONSTRAINT invoices_proforma_pkey PRIMARY KEY (id);


--
-- Name: invoices_proformaelement invoices_proformaelement_pkey; Type: CONSTRAINT; Schema: public; Owner: postgres
--

ALTER TABLE ONLY public.invoices_proformaelement
    ADD CONSTRAINT invoices_proformaelement_pkey PRIMARY KEY (id);


--
-- Name: orders_offer orders_offer_pkey; Type: CONSTRAINT; Schema: public; Owner: postgres
--

ALTER TABLE ONLY public.orders_offer
    ADD CONSTRAINT orders_offer_pkey PRIMARY KEY (id);


--
-- Name: orders_offerelement orders_offerelement_pkey; Type: CONSTRAINT; Schema: public; Owner: postgres
--

ALTER TABLE ONLY public.orders_offerelement
    ADD CONSTRAINT orders_offerelement_pkey PRIMARY KEY (id);


--
-- Name: orders_order orders_order_pkey; Type: CONSTRAINT; Schema: public; Owner: postgres
--

ALTER TABLE ONLY public.orders_order
    ADD CONSTRAINT orders_order_pkey PRIMARY KEY (id);


--
-- Name: orders_orderelement orders_orderelement_pkey; Type: CONSTRAINT; Schema: public; Owner: postgres
--

ALTER TABLE ONLY public.orders_orderelement
    ADD CONSTRAINT orders_orderelement_pkey PRIMARY KEY (id);


--
-- Name: payments_payment payments_payment_pkey; Type: CONSTRAINT; Schema: public; Owner: postgres
--

ALTER TABLE ONLY public.payments_payment
    ADD CONSTRAINT payments_payment_pkey PRIMARY KEY (id);


--
-- Name: payments_paymentelement payments_paymentelement_pkey; Type: CONSTRAINT; Schema: public; Owner: postgres
--

ALTER TABLE ONLY public.payments_paymentelement
    ADD CONSTRAINT payments_paymentelement_pkey PRIMARY KEY (id);


--
-- Name: persons_person persons_person_pkey; Type: CONSTRAINT; Schema: public; Owner: postgres
--

ALTER TABLE ONLY public.persons_person
    ADD CONSTRAINT persons_person_pkey PRIMARY KEY (id);


--
-- Name: services_currency services_currency_pkey; Type: CONSTRAINT; Schema: public; Owner: postgres
--

ALTER TABLE ONLY public.services_currency
    ADD CONSTRAINT services_currency_pkey PRIMARY KEY (id);


--
-- Name: services_serial services_serial_pkey; Type: CONSTRAINT; Schema: public; Owner: postgres
--

ALTER TABLE ONLY public.services_serial
    ADD CONSTRAINT services_serial_pkey PRIMARY KEY (id);


--
-- Name: services_service services_service_pkey; Type: CONSTRAINT; Schema: public; Owner: postgres
--

ALTER TABLE ONLY public.services_service
    ADD CONSTRAINT services_service_pkey PRIMARY KEY (id);


--
-- Name: services_status services_status_pkey; Type: CONSTRAINT; Schema: public; Owner: postgres
--

ALTER TABLE ONLY public.services_status
    ADD CONSTRAINT services_status_pkey PRIMARY KEY (id);


--
-- Name: services_um services_um_pkey; Type: CONSTRAINT; Schema: public; Owner: postgres
--

ALTER TABLE ONLY public.services_um
    ADD CONSTRAINT services_um_pkey PRIMARY KEY (id);


--
-- Name: users_customuser_groups users_customuser_groups_customuser_id_group_id_76b619e3_uniq; Type: CONSTRAINT; Schema: public; Owner: postgres
--

ALTER TABLE ONLY public.users_customuser_groups
    ADD CONSTRAINT users_customuser_groups_customuser_id_group_id_76b619e3_uniq UNIQUE (customuser_id, group_id);


--
-- Name: users_customuser_groups users_customuser_groups_pkey; Type: CONSTRAINT; Schema: public; Owner: postgres
--

ALTER TABLE ONLY public.users_customuser_groups
    ADD CONSTRAINT users_customuser_groups_pkey PRIMARY KEY (id);


--
-- Name: users_customuser users_customuser_pkey; Type: CONSTRAINT; Schema: public; Owner: postgres
--

ALTER TABLE ONLY public.users_customuser
    ADD CONSTRAINT users_customuser_pkey PRIMARY KEY (id);


--
-- Name: users_customuser_user_permissions users_customuser_user_pe_customuser_id_permission_7a7debf6_uniq; Type: CONSTRAINT; Schema: public; Owner: postgres
--

ALTER TABLE ONLY public.users_customuser_user_permissions
    ADD CONSTRAINT users_customuser_user_pe_customuser_id_permission_7a7debf6_uniq UNIQUE (customuser_id, permission_id);


--
-- Name: users_customuser_user_permissions users_customuser_user_permissions_pkey; Type: CONSTRAINT; Schema: public; Owner: postgres
--

ALTER TABLE ONLY public.users_customuser_user_permissions
    ADD CONSTRAINT users_customuser_user_permissions_pkey PRIMARY KEY (id);


--
-- Name: users_customuser users_customuser_username_key; Type: CONSTRAINT; Schema: public; Owner: postgres
--

ALTER TABLE ONLY public.users_customuser
    ADD CONSTRAINT users_customuser_username_key UNIQUE (username);


--
-- Name: appointments_appointment_created_by_id_f78ea98d; Type: INDEX; Schema: public; Owner: postgres
--

CREATE INDEX appointments_appointment_created_by_id_f78ea98d ON public.appointments_appointment USING btree (created_by_id);


--
-- Name: appointments_appointment_modified_by_id_22436d17; Type: INDEX; Schema: public; Owner: postgres
--

CREATE INDEX appointments_appointment_modified_by_id_22436d17 ON public.appointments_appointment USING btree (modified_by_id);


--
-- Name: appointments_appointment_order_id_669d6867; Type: INDEX; Schema: public; Owner: postgres
--

CREATE INDEX appointments_appointment_order_id_669d6867 ON public.appointments_appointment USING btree (order_id);


--
-- Name: appointments_appointment_person_id_b980751b; Type: INDEX; Schema: public; Owner: postgres
--

CREATE INDEX appointments_appointment_person_id_b980751b ON public.appointments_appointment USING btree (person_id);


--
-- Name: appointments_appointment_status_id_cc02a144; Type: INDEX; Schema: public; Owner: postgres
--

CREATE INDEX appointments_appointment_status_id_cc02a144 ON public.appointments_appointment USING btree (status_id);


--
-- Name: appointments_appointment_with_person_id_aa6ee716; Type: INDEX; Schema: public; Owner: postgres
--

CREATE INDEX appointments_appointment_with_person_id_aa6ee716 ON public.appointments_appointment USING btree (with_person_id);


--
-- Name: auth_group_name_a6ea08ec_like; Type: INDEX; Schema: public; Owner: postgres
--

CREATE INDEX auth_group_name_a6ea08ec_like ON public.auth_group USING btree (name varchar_pattern_ops);


--
-- Name: auth_group_permissions_group_id_b120cbf9; Type: INDEX; Schema: public; Owner: postgres
--

CREATE INDEX auth_group_permissions_group_id_b120cbf9 ON public.auth_group_permissions USING btree (group_id);


--
-- Name: auth_group_permissions_permission_id_84c5c92e; Type: INDEX; Schema: public; Owner: postgres
--

CREATE INDEX auth_group_permissions_permission_id_84c5c92e ON public.auth_group_permissions USING btree (permission_id);


--
-- Name: auth_permission_content_type_id_2f476e4b; Type: INDEX; Schema: public; Owner: postgres
--

CREATE INDEX auth_permission_content_type_id_2f476e4b ON public.auth_permission USING btree (content_type_id);


--
-- Name: django_admin_log_content_type_id_c4bce8eb; Type: INDEX; Schema: public; Owner: postgres
--

CREATE INDEX django_admin_log_content_type_id_c4bce8eb ON public.django_admin_log USING btree (content_type_id);


--
-- Name: django_admin_log_user_id_c564eba6; Type: INDEX; Schema: public; Owner: postgres
--

CREATE INDEX django_admin_log_user_id_c564eba6 ON public.django_admin_log USING btree (user_id);


--
-- Name: django_session_expire_date_a5c62663; Type: INDEX; Schema: public; Owner: postgres
--

CREATE INDEX django_session_expire_date_a5c62663 ON public.django_session USING btree (expire_date);


--
-- Name: django_session_session_key_c0390e0f_like; Type: INDEX; Schema: public; Owner: postgres
--

CREATE INDEX django_session_session_key_c0390e0f_like ON public.django_session USING btree (session_key varchar_pattern_ops);


--
-- Name: invoices_invoice_cancellation_to_id_faa13c89; Type: INDEX; Schema: public; Owner: postgres
--

CREATE INDEX invoices_invoice_cancellation_to_id_faa13c89 ON public.invoices_invoice USING btree (cancellation_to_id);


--
-- Name: invoices_invoice_cancelled_from_id_0cfb7df9; Type: INDEX; Schema: public; Owner: postgres
--

CREATE INDEX invoices_invoice_cancelled_from_id_0cfb7df9 ON public.invoices_invoice USING btree (cancelled_from_id);


--
-- Name: invoices_invoice_created_by_id_9b878bcd; Type: INDEX; Schema: public; Owner: postgres
--

CREATE INDEX invoices_invoice_created_by_id_9b878bcd ON public.invoices_invoice USING btree (created_by_id);


--
-- Name: invoices_invoice_currency_id_f922a250; Type: INDEX; Schema: public; Owner: postgres
--

CREATE INDEX invoices_invoice_currency_id_f922a250 ON public.invoices_invoice USING btree (currency_id);


--
-- Name: invoices_invoice_modified_by_id_6d226ff8; Type: INDEX; Schema: public; Owner: postgres
--

CREATE INDEX invoices_invoice_modified_by_id_6d226ff8 ON public.invoices_invoice USING btree (modified_by_id);


--
-- Name: invoices_invoice_person_id_f4f3d6cc; Type: INDEX; Schema: public; Owner: postgres
--

CREATE INDEX invoices_invoice_person_id_f4f3d6cc ON public.invoices_invoice USING btree (person_id);


--
-- Name: invoices_invoiceelement_element_id_19cbec62; Type: INDEX; Schema: public; Owner: postgres
--

CREATE INDEX invoices_invoiceelement_element_id_19cbec62 ON public.invoices_invoiceelement USING btree (element_id);


--
-- Name: invoices_invoiceelement_invoice_id_1f706342; Type: INDEX; Schema: public; Owner: postgres
--

CREATE INDEX invoices_invoiceelement_invoice_id_1f706342 ON public.invoices_invoiceelement USING btree (invoice_id);


--
-- Name: invoices_proforma_created_by_id_efdf6620; Type: INDEX; Schema: public; Owner: postgres
--

CREATE INDEX invoices_proforma_created_by_id_efdf6620 ON public.invoices_proforma USING btree (created_by_id);


--
-- Name: invoices_proforma_currency_id_df09c137; Type: INDEX; Schema: public; Owner: postgres
--

CREATE INDEX invoices_proforma_currency_id_df09c137 ON public.invoices_proforma USING btree (currency_id);


--
-- Name: invoices_proforma_invoice_id_80fba2d3; Type: INDEX; Schema: public; Owner: postgres
--

CREATE INDEX invoices_proforma_invoice_id_80fba2d3 ON public.invoices_proforma USING btree (invoice_id);


--
-- Name: invoices_proforma_modified_by_id_b04a2ae5; Type: INDEX; Schema: public; Owner: postgres
--

CREATE INDEX invoices_proforma_modified_by_id_b04a2ae5 ON public.invoices_proforma USING btree (modified_by_id);


--
-- Name: invoices_proforma_person_id_7b137bae; Type: INDEX; Schema: public; Owner: postgres
--

CREATE INDEX invoices_proforma_person_id_7b137bae ON public.invoices_proforma USING btree (person_id);


--
-- Name: invoices_proformaelement_element_id_8a5c686e; Type: INDEX; Schema: public; Owner: postgres
--

CREATE INDEX invoices_proformaelement_element_id_8a5c686e ON public.invoices_proformaelement USING btree (element_id);


--
-- Name: invoices_proformaelement_proforma_id_aa050f75; Type: INDEX; Schema: public; Owner: postgres
--

CREATE INDEX invoices_proformaelement_proforma_id_aa050f75 ON public.invoices_proformaelement USING btree (proforma_id);


--
-- Name: orders_offer_created_by_id_369700b8; Type: INDEX; Schema: public; Owner: postgres
--

CREATE INDEX orders_offer_created_by_id_369700b8 ON public.orders_offer USING btree (created_by_id);


--
-- Name: orders_offer_currency_id_696eb297; Type: INDEX; Schema: public; Owner: postgres
--

CREATE INDEX orders_offer_currency_id_696eb297 ON public.orders_offer USING btree (currency_id);


--
-- Name: orders_offer_modified_by_id_ee8bcab9; Type: INDEX; Schema: public; Owner: postgres
--

CREATE INDEX orders_offer_modified_by_id_ee8bcab9 ON public.orders_offer USING btree (modified_by_id);


--
-- Name: orders_offer_order_id_9bf658f4; Type: INDEX; Schema: public; Owner: postgres
--

CREATE INDEX orders_offer_order_id_9bf658f4 ON public.orders_offer USING btree (order_id);


--
-- Name: orders_offer_person_id_de817dc8; Type: INDEX; Schema: public; Owner: postgres
--

CREATE INDEX orders_offer_person_id_de817dc8 ON public.orders_offer USING btree (person_id);


--
-- Name: orders_offer_status_id_c83cfd8e; Type: INDEX; Schema: public; Owner: postgres
--

CREATE INDEX orders_offer_status_id_c83cfd8e ON public.orders_offer USING btree (status_id);


--
-- Name: orders_offerelement_offer_id_6734b70c; Type: INDEX; Schema: public; Owner: postgres
--

CREATE INDEX orders_offerelement_offer_id_6734b70c ON public.orders_offerelement USING btree (offer_id);


--
-- Name: orders_offerelement_service_id_0924159f; Type: INDEX; Schema: public; Owner: postgres
--

CREATE INDEX orders_offerelement_service_id_0924159f ON public.orders_offerelement USING btree (service_id);


--
-- Name: orders_offerelement_um_id_de0a57f0; Type: INDEX; Schema: public; Owner: postgres
--

CREATE INDEX orders_offerelement_um_id_de0a57f0 ON public.orders_offerelement USING btree (um_id);


--
-- Name: orders_order_created_by_id_d5f5e69c; Type: INDEX; Schema: public; Owner: postgres
--

CREATE INDEX orders_order_created_by_id_d5f5e69c ON public.orders_order USING btree (created_by_id);


--
-- Name: orders_order_currency_id_9cff0fbe; Type: INDEX; Schema: public; Owner: postgres
--

CREATE INDEX orders_order_currency_id_9cff0fbe ON public.orders_order USING btree (currency_id);


--
-- Name: orders_order_modified_by_id_e3d0e963; Type: INDEX; Schema: public; Owner: postgres
--

CREATE INDEX orders_order_modified_by_id_e3d0e963 ON public.orders_order USING btree (modified_by_id);


--
-- Name: orders_order_person_id_d83c6a37; Type: INDEX; Schema: public; Owner: postgres
--

CREATE INDEX orders_order_person_id_d83c6a37 ON public.orders_order USING btree (person_id);


--
-- Name: orders_order_status_id_d80abc38; Type: INDEX; Schema: public; Owner: postgres
--

CREATE INDEX orders_order_status_id_d80abc38 ON public.orders_order USING btree (status_id);


--
-- Name: orders_orderelement_order_id_9397fdd1; Type: INDEX; Schema: public; Owner: postgres
--

CREATE INDEX orders_orderelement_order_id_9397fdd1 ON public.orders_orderelement USING btree (order_id);


--
-- Name: orders_orderelement_service_id_91009470; Type: INDEX; Schema: public; Owner: postgres
--

CREATE INDEX orders_orderelement_service_id_91009470 ON public.orders_orderelement USING btree (service_id);


--
-- Name: orders_orderelement_status_id_73c77d38; Type: INDEX; Schema: public; Owner: postgres
--

CREATE INDEX orders_orderelement_status_id_73c77d38 ON public.orders_orderelement USING btree (status_id);


--
-- Name: orders_orderelement_um_id_ddb5193a; Type: INDEX; Schema: public; Owner: postgres
--

CREATE INDEX orders_orderelement_um_id_ddb5193a ON public.orders_orderelement USING btree (um_id);


--
-- Name: payments_payment_created_by_id_28f0e284; Type: INDEX; Schema: public; Owner: postgres
--

CREATE INDEX payments_payment_created_by_id_28f0e284 ON public.payments_payment USING btree (created_by_id);


--
-- Name: payments_payment_currency_id_f5833642; Type: INDEX; Schema: public; Owner: postgres
--

CREATE INDEX payments_payment_currency_id_f5833642 ON public.payments_payment USING btree (currency_id);


--
-- Name: payments_payment_modified_by_id_ba7b68cf; Type: INDEX; Schema: public; Owner: postgres
--

CREATE INDEX payments_payment_modified_by_id_ba7b68cf ON public.payments_payment USING btree (modified_by_id);


--
-- Name: payments_payment_person_id_2dfa1221; Type: INDEX; Schema: public; Owner: postgres
--

CREATE INDEX payments_payment_person_id_2dfa1221 ON public.payments_payment USING btree (person_id);


--
-- Name: payments_paymentelement_invoice_id_0d1e7066; Type: INDEX; Schema: public; Owner: postgres
--

CREATE INDEX payments_paymentelement_invoice_id_0d1e7066 ON public.payments_paymentelement USING btree (invoice_id);


--
-- Name: payments_paymentelement_payment_id_0b3094b8; Type: INDEX; Schema: public; Owner: postgres
--

CREATE INDEX payments_paymentelement_payment_id_0b3094b8 ON public.payments_paymentelement USING btree (payment_id);


--
-- Name: persons_person_created_by_id_b461943e; Type: INDEX; Schema: public; Owner: postgres
--

CREATE INDEX persons_person_created_by_id_b461943e ON public.persons_person USING btree (created_by_id);


--
-- Name: persons_person_modified_by_id_f946de2c; Type: INDEX; Schema: public; Owner: postgres
--

CREATE INDEX persons_person_modified_by_id_f946de2c ON public.persons_person USING btree (modified_by_id);


--
-- Name: services_service_currency_id_52bfeed9; Type: INDEX; Schema: public; Owner: postgres
--

CREATE INDEX services_service_currency_id_52bfeed9 ON public.services_service USING btree (currency_id);


--
-- Name: services_service_um_id_b105f1b2; Type: INDEX; Schema: public; Owner: postgres
--

CREATE INDEX services_service_um_id_b105f1b2 ON public.services_service USING btree (um_id);


--
-- Name: users_customuser_groups_customuser_id_958147bf; Type: INDEX; Schema: public; Owner: postgres
--

CREATE INDEX users_customuser_groups_customuser_id_958147bf ON public.users_customuser_groups USING btree (customuser_id);


--
-- Name: users_customuser_groups_group_id_01390b14; Type: INDEX; Schema: public; Owner: postgres
--

CREATE INDEX users_customuser_groups_group_id_01390b14 ON public.users_customuser_groups USING btree (group_id);


--
-- Name: users_customuser_user_permissions_customuser_id_5771478b; Type: INDEX; Schema: public; Owner: postgres
--

CREATE INDEX users_customuser_user_permissions_customuser_id_5771478b ON public.users_customuser_user_permissions USING btree (customuser_id);


--
-- Name: users_customuser_user_permissions_permission_id_baaa2f74; Type: INDEX; Schema: public; Owner: postgres
--

CREATE INDEX users_customuser_user_permissions_permission_id_baaa2f74 ON public.users_customuser_user_permissions USING btree (permission_id);


--
-- Name: users_customuser_username_80452fdf_like; Type: INDEX; Schema: public; Owner: postgres
--

CREATE INDEX users_customuser_username_80452fdf_like ON public.users_customuser USING btree (username varchar_pattern_ops);


--
-- Name: appointments_appointment appointments_appoint_created_by_id_f78ea98d_fk_users_cus; Type: FK CONSTRAINT; Schema: public; Owner: postgres
--

ALTER TABLE ONLY public.appointments_appointment
    ADD CONSTRAINT appointments_appoint_created_by_id_f78ea98d_fk_users_cus FOREIGN KEY (created_by_id) REFERENCES public.users_customuser(id) DEFERRABLE INITIALLY DEFERRED;


--
-- Name: appointments_appointment appointments_appoint_modified_by_id_22436d17_fk_users_cus; Type: FK CONSTRAINT; Schema: public; Owner: postgres
--

ALTER TABLE ONLY public.appointments_appointment
    ADD CONSTRAINT appointments_appoint_modified_by_id_22436d17_fk_users_cus FOREIGN KEY (modified_by_id) REFERENCES public.users_customuser(id) DEFERRABLE INITIALLY DEFERRED;


--
-- Name: appointments_appointment appointments_appoint_person_id_b980751b_fk_persons_p; Type: FK CONSTRAINT; Schema: public; Owner: postgres
--

ALTER TABLE ONLY public.appointments_appointment
    ADD CONSTRAINT appointments_appoint_person_id_b980751b_fk_persons_p FOREIGN KEY (person_id) REFERENCES public.persons_person(id) DEFERRABLE INITIALLY DEFERRED;


--
-- Name: appointments_appointment appointments_appoint_status_id_cc02a144_fk_services_; Type: FK CONSTRAINT; Schema: public; Owner: postgres
--

ALTER TABLE ONLY public.appointments_appointment
    ADD CONSTRAINT appointments_appoint_status_id_cc02a144_fk_services_ FOREIGN KEY (status_id) REFERENCES public.services_status(id) DEFERRABLE INITIALLY DEFERRED;


--
-- Name: appointments_appointment appointments_appoint_with_person_id_aa6ee716_fk_persons_p; Type: FK CONSTRAINT; Schema: public; Owner: postgres
--

ALTER TABLE ONLY public.appointments_appointment
    ADD CONSTRAINT appointments_appoint_with_person_id_aa6ee716_fk_persons_p FOREIGN KEY (with_person_id) REFERENCES public.persons_person(id) DEFERRABLE INITIALLY DEFERRED;


--
-- Name: appointments_appointment appointments_appointment_order_id_669d6867_fk_orders_order_id; Type: FK CONSTRAINT; Schema: public; Owner: postgres
--

ALTER TABLE ONLY public.appointments_appointment
    ADD CONSTRAINT appointments_appointment_order_id_669d6867_fk_orders_order_id FOREIGN KEY (order_id) REFERENCES public.orders_order(id) DEFERRABLE INITIALLY DEFERRED;


--
-- Name: auth_group_permissions auth_group_permissio_permission_id_84c5c92e_fk_auth_perm; Type: FK CONSTRAINT; Schema: public; Owner: postgres
--

ALTER TABLE ONLY public.auth_group_permissions
    ADD CONSTRAINT auth_group_permissio_permission_id_84c5c92e_fk_auth_perm FOREIGN KEY (permission_id) REFERENCES public.auth_permission(id) DEFERRABLE INITIALLY DEFERRED;


--
-- Name: auth_group_permissions auth_group_permissions_group_id_b120cbf9_fk_auth_group_id; Type: FK CONSTRAINT; Schema: public; Owner: postgres
--

ALTER TABLE ONLY public.auth_group_permissions
    ADD CONSTRAINT auth_group_permissions_group_id_b120cbf9_fk_auth_group_id FOREIGN KEY (group_id) REFERENCES public.auth_group(id) DEFERRABLE INITIALLY DEFERRED;


--
-- Name: auth_permission auth_permission_content_type_id_2f476e4b_fk_django_co; Type: FK CONSTRAINT; Schema: public; Owner: postgres
--

ALTER TABLE ONLY public.auth_permission
    ADD CONSTRAINT auth_permission_content_type_id_2f476e4b_fk_django_co FOREIGN KEY (content_type_id) REFERENCES public.django_content_type(id) DEFERRABLE INITIALLY DEFERRED;


--
-- Name: django_admin_log django_admin_log_content_type_id_c4bce8eb_fk_django_co; Type: FK CONSTRAINT; Schema: public; Owner: postgres
--

ALTER TABLE ONLY public.django_admin_log
    ADD CONSTRAINT django_admin_log_content_type_id_c4bce8eb_fk_django_co FOREIGN KEY (content_type_id) REFERENCES public.django_content_type(id) DEFERRABLE INITIALLY DEFERRED;


--
-- Name: django_admin_log django_admin_log_user_id_c564eba6_fk_users_customuser_id; Type: FK CONSTRAINT; Schema: public; Owner: postgres
--

ALTER TABLE ONLY public.django_admin_log
    ADD CONSTRAINT django_admin_log_user_id_c564eba6_fk_users_customuser_id FOREIGN KEY (user_id) REFERENCES public.users_customuser(id) DEFERRABLE INITIALLY DEFERRED;


--
-- Name: invoices_invoice invoices_invoice_cancellation_to_id_faa13c89_fk_invoices_; Type: FK CONSTRAINT; Schema: public; Owner: postgres
--

ALTER TABLE ONLY public.invoices_invoice
    ADD CONSTRAINT invoices_invoice_cancellation_to_id_faa13c89_fk_invoices_ FOREIGN KEY (cancellation_to_id) REFERENCES public.invoices_invoice(id) DEFERRABLE INITIALLY DEFERRED;


--
-- Name: invoices_invoice invoices_invoice_cancelled_from_id_0cfb7df9_fk_invoices_; Type: FK CONSTRAINT; Schema: public; Owner: postgres
--

ALTER TABLE ONLY public.invoices_invoice
    ADD CONSTRAINT invoices_invoice_cancelled_from_id_0cfb7df9_fk_invoices_ FOREIGN KEY (cancelled_from_id) REFERENCES public.invoices_invoice(id) DEFERRABLE INITIALLY DEFERRED;


--
-- Name: invoices_invoice invoices_invoice_created_by_id_9b878bcd_fk_users_customuser_id; Type: FK CONSTRAINT; Schema: public; Owner: postgres
--

ALTER TABLE ONLY public.invoices_invoice
    ADD CONSTRAINT invoices_invoice_created_by_id_9b878bcd_fk_users_customuser_id FOREIGN KEY (created_by_id) REFERENCES public.users_customuser(id) DEFERRABLE INITIALLY DEFERRED;


--
-- Name: invoices_invoice invoices_invoice_currency_id_f922a250_fk_services_currency_id; Type: FK CONSTRAINT; Schema: public; Owner: postgres
--

ALTER TABLE ONLY public.invoices_invoice
    ADD CONSTRAINT invoices_invoice_currency_id_f922a250_fk_services_currency_id FOREIGN KEY (currency_id) REFERENCES public.services_currency(id) DEFERRABLE INITIALLY DEFERRED;


--
-- Name: invoices_invoice invoices_invoice_modified_by_id_6d226ff8_fk_users_customuser_id; Type: FK CONSTRAINT; Schema: public; Owner: postgres
--

ALTER TABLE ONLY public.invoices_invoice
    ADD CONSTRAINT invoices_invoice_modified_by_id_6d226ff8_fk_users_customuser_id FOREIGN KEY (modified_by_id) REFERENCES public.users_customuser(id) DEFERRABLE INITIALLY DEFERRED;


--
-- Name: invoices_invoice invoices_invoice_person_id_f4f3d6cc_fk_persons_person_id; Type: FK CONSTRAINT; Schema: public; Owner: postgres
--

ALTER TABLE ONLY public.invoices_invoice
    ADD CONSTRAINT invoices_invoice_person_id_f4f3d6cc_fk_persons_person_id FOREIGN KEY (person_id) REFERENCES public.persons_person(id) DEFERRABLE INITIALLY DEFERRED;


--
-- Name: invoices_invoiceelement invoices_invoiceelem_element_id_19cbec62_fk_orders_or; Type: FK CONSTRAINT; Schema: public; Owner: postgres
--

ALTER TABLE ONLY public.invoices_invoiceelement
    ADD CONSTRAINT invoices_invoiceelem_element_id_19cbec62_fk_orders_or FOREIGN KEY (element_id) REFERENCES public.orders_orderelement(id) DEFERRABLE INITIALLY DEFERRED;


--
-- Name: invoices_invoiceelement invoices_invoiceelem_invoice_id_1f706342_fk_invoices_; Type: FK CONSTRAINT; Schema: public; Owner: postgres
--

ALTER TABLE ONLY public.invoices_invoiceelement
    ADD CONSTRAINT invoices_invoiceelem_invoice_id_1f706342_fk_invoices_ FOREIGN KEY (invoice_id) REFERENCES public.invoices_invoice(id) DEFERRABLE INITIALLY DEFERRED;


--
-- Name: invoices_proforma invoices_proforma_created_by_id_efdf6620_fk_users_customuser_id; Type: FK CONSTRAINT; Schema: public; Owner: postgres
--

ALTER TABLE ONLY public.invoices_proforma
    ADD CONSTRAINT invoices_proforma_created_by_id_efdf6620_fk_users_customuser_id FOREIGN KEY (created_by_id) REFERENCES public.users_customuser(id) DEFERRABLE INITIALLY DEFERRED;


--
-- Name: invoices_proforma invoices_proforma_currency_id_df09c137_fk_services_currency_id; Type: FK CONSTRAINT; Schema: public; Owner: postgres
--

ALTER TABLE ONLY public.invoices_proforma
    ADD CONSTRAINT invoices_proforma_currency_id_df09c137_fk_services_currency_id FOREIGN KEY (currency_id) REFERENCES public.services_currency(id) DEFERRABLE INITIALLY DEFERRED;


--
-- Name: invoices_proforma invoices_proforma_invoice_id_80fba2d3_fk_invoices_invoice_id; Type: FK CONSTRAINT; Schema: public; Owner: postgres
--

ALTER TABLE ONLY public.invoices_proforma
    ADD CONSTRAINT invoices_proforma_invoice_id_80fba2d3_fk_invoices_invoice_id FOREIGN KEY (invoice_id) REFERENCES public.invoices_invoice(id) DEFERRABLE INITIALLY DEFERRED;


--
-- Name: invoices_proforma invoices_proforma_modified_by_id_b04a2ae5_fk_users_cus; Type: FK CONSTRAINT; Schema: public; Owner: postgres
--

ALTER TABLE ONLY public.invoices_proforma
    ADD CONSTRAINT invoices_proforma_modified_by_id_b04a2ae5_fk_users_cus FOREIGN KEY (modified_by_id) REFERENCES public.users_customuser(id) DEFERRABLE INITIALLY DEFERRED;


--
-- Name: invoices_proforma invoices_proforma_person_id_7b137bae_fk_persons_person_id; Type: FK CONSTRAINT; Schema: public; Owner: postgres
--

ALTER TABLE ONLY public.invoices_proforma
    ADD CONSTRAINT invoices_proforma_person_id_7b137bae_fk_persons_person_id FOREIGN KEY (person_id) REFERENCES public.persons_person(id) DEFERRABLE INITIALLY DEFERRED;


--
-- Name: invoices_proformaelement invoices_proformaele_element_id_8a5c686e_fk_orders_or; Type: FK CONSTRAINT; Schema: public; Owner: postgres
--

ALTER TABLE ONLY public.invoices_proformaelement
    ADD CONSTRAINT invoices_proformaele_element_id_8a5c686e_fk_orders_or FOREIGN KEY (element_id) REFERENCES public.orders_orderelement(id) DEFERRABLE INITIALLY DEFERRED;


--
-- Name: invoices_proformaelement invoices_proformaele_proforma_id_aa050f75_fk_invoices_; Type: FK CONSTRAINT; Schema: public; Owner: postgres
--

ALTER TABLE ONLY public.invoices_proformaelement
    ADD CONSTRAINT invoices_proformaele_proforma_id_aa050f75_fk_invoices_ FOREIGN KEY (proforma_id) REFERENCES public.invoices_proforma(id) DEFERRABLE INITIALLY DEFERRED;


--
-- Name: orders_offer orders_offer_created_by_id_369700b8_fk_users_customuser_id; Type: FK CONSTRAINT; Schema: public; Owner: postgres
--

ALTER TABLE ONLY public.orders_offer
    ADD CONSTRAINT orders_offer_created_by_id_369700b8_fk_users_customuser_id FOREIGN KEY (created_by_id) REFERENCES public.users_customuser(id) DEFERRABLE INITIALLY DEFERRED;


--
-- Name: orders_offer orders_offer_currency_id_696eb297_fk_services_currency_id; Type: FK CONSTRAINT; Schema: public; Owner: postgres
--

ALTER TABLE ONLY public.orders_offer
    ADD CONSTRAINT orders_offer_currency_id_696eb297_fk_services_currency_id FOREIGN KEY (currency_id) REFERENCES public.services_currency(id) DEFERRABLE INITIALLY DEFERRED;


--
-- Name: orders_offer orders_offer_modified_by_id_ee8bcab9_fk_users_customuser_id; Type: FK CONSTRAINT; Schema: public; Owner: postgres
--

ALTER TABLE ONLY public.orders_offer
    ADD CONSTRAINT orders_offer_modified_by_id_ee8bcab9_fk_users_customuser_id FOREIGN KEY (modified_by_id) REFERENCES public.users_customuser(id) DEFERRABLE INITIALLY DEFERRED;


--
-- Name: orders_offer orders_offer_order_id_9bf658f4_fk_orders_order_id; Type: FK CONSTRAINT; Schema: public; Owner: postgres
--

ALTER TABLE ONLY public.orders_offer
    ADD CONSTRAINT orders_offer_order_id_9bf658f4_fk_orders_order_id FOREIGN KEY (order_id) REFERENCES public.orders_order(id) DEFERRABLE INITIALLY DEFERRED;


--
-- Name: orders_offer orders_offer_person_id_de817dc8_fk_persons_person_id; Type: FK CONSTRAINT; Schema: public; Owner: postgres
--

ALTER TABLE ONLY public.orders_offer
    ADD CONSTRAINT orders_offer_person_id_de817dc8_fk_persons_person_id FOREIGN KEY (person_id) REFERENCES public.persons_person(id) DEFERRABLE INITIALLY DEFERRED;


--
-- Name: orders_offer orders_offer_status_id_c83cfd8e_fk_services_status_id; Type: FK CONSTRAINT; Schema: public; Owner: postgres
--

ALTER TABLE ONLY public.orders_offer
    ADD CONSTRAINT orders_offer_status_id_c83cfd8e_fk_services_status_id FOREIGN KEY (status_id) REFERENCES public.services_status(id) DEFERRABLE INITIALLY DEFERRED;


--
-- Name: orders_offerelement orders_offerelement_offer_id_6734b70c_fk_orders_offer_id; Type: FK CONSTRAINT; Schema: public; Owner: postgres
--

ALTER TABLE ONLY public.orders_offerelement
    ADD CONSTRAINT orders_offerelement_offer_id_6734b70c_fk_orders_offer_id FOREIGN KEY (offer_id) REFERENCES public.orders_offer(id) DEFERRABLE INITIALLY DEFERRED;


--
-- Name: orders_offerelement orders_offerelement_service_id_0924159f_fk_services_service_id; Type: FK CONSTRAINT; Schema: public; Owner: postgres
--

ALTER TABLE ONLY public.orders_offerelement
    ADD CONSTRAINT orders_offerelement_service_id_0924159f_fk_services_service_id FOREIGN KEY (service_id) REFERENCES public.services_service(id) DEFERRABLE INITIALLY DEFERRED;


--
-- Name: orders_offerelement orders_offerelement_um_id_de0a57f0_fk_services_um_id; Type: FK CONSTRAINT; Schema: public; Owner: postgres
--

ALTER TABLE ONLY public.orders_offerelement
    ADD CONSTRAINT orders_offerelement_um_id_de0a57f0_fk_services_um_id FOREIGN KEY (um_id) REFERENCES public.services_um(id) DEFERRABLE INITIALLY DEFERRED;


--
-- Name: orders_order orders_order_created_by_id_d5f5e69c_fk_users_customuser_id; Type: FK CONSTRAINT; Schema: public; Owner: postgres
--

ALTER TABLE ONLY public.orders_order
    ADD CONSTRAINT orders_order_created_by_id_d5f5e69c_fk_users_customuser_id FOREIGN KEY (created_by_id) REFERENCES public.users_customuser(id) DEFERRABLE INITIALLY DEFERRED;


--
-- Name: orders_order orders_order_currency_id_9cff0fbe_fk_services_currency_id; Type: FK CONSTRAINT; Schema: public; Owner: postgres
--

ALTER TABLE ONLY public.orders_order
    ADD CONSTRAINT orders_order_currency_id_9cff0fbe_fk_services_currency_id FOREIGN KEY (currency_id) REFERENCES public.services_currency(id) DEFERRABLE INITIALLY DEFERRED;


--
-- Name: orders_order orders_order_modified_by_id_e3d0e963_fk_users_customuser_id; Type: FK CONSTRAINT; Schema: public; Owner: postgres
--

ALTER TABLE ONLY public.orders_order
    ADD CONSTRAINT orders_order_modified_by_id_e3d0e963_fk_users_customuser_id FOREIGN KEY (modified_by_id) REFERENCES public.users_customuser(id) DEFERRABLE INITIALLY DEFERRED;


--
-- Name: orders_order orders_order_person_id_d83c6a37_fk_persons_person_id; Type: FK CONSTRAINT; Schema: public; Owner: postgres
--

ALTER TABLE ONLY public.orders_order
    ADD CONSTRAINT orders_order_person_id_d83c6a37_fk_persons_person_id FOREIGN KEY (person_id) REFERENCES public.persons_person(id) DEFERRABLE INITIALLY DEFERRED;


--
-- Name: orders_order orders_order_status_id_d80abc38_fk_services_status_id; Type: FK CONSTRAINT; Schema: public; Owner: postgres
--

ALTER TABLE ONLY public.orders_order
    ADD CONSTRAINT orders_order_status_id_d80abc38_fk_services_status_id FOREIGN KEY (status_id) REFERENCES public.services_status(id) DEFERRABLE INITIALLY DEFERRED;


--
-- Name: orders_orderelement orders_orderelement_order_id_9397fdd1_fk_orders_order_id; Type: FK CONSTRAINT; Schema: public; Owner: postgres
--

ALTER TABLE ONLY public.orders_orderelement
    ADD CONSTRAINT orders_orderelement_order_id_9397fdd1_fk_orders_order_id FOREIGN KEY (order_id) REFERENCES public.orders_order(id) DEFERRABLE INITIALLY DEFERRED;


--
-- Name: orders_orderelement orders_orderelement_service_id_91009470_fk_services_service_id; Type: FK CONSTRAINT; Schema: public; Owner: postgres
--

ALTER TABLE ONLY public.orders_orderelement
    ADD CONSTRAINT orders_orderelement_service_id_91009470_fk_services_service_id FOREIGN KEY (service_id) REFERENCES public.services_service(id) DEFERRABLE INITIALLY DEFERRED;


--
-- Name: orders_orderelement orders_orderelement_status_id_73c77d38_fk_services_status_id; Type: FK CONSTRAINT; Schema: public; Owner: postgres
--

ALTER TABLE ONLY public.orders_orderelement
    ADD CONSTRAINT orders_orderelement_status_id_73c77d38_fk_services_status_id FOREIGN KEY (status_id) REFERENCES public.services_status(id) DEFERRABLE INITIALLY DEFERRED;


--
-- Name: orders_orderelement orders_orderelement_um_id_ddb5193a_fk_services_um_id; Type: FK CONSTRAINT; Schema: public; Owner: postgres
--

ALTER TABLE ONLY public.orders_orderelement
    ADD CONSTRAINT orders_orderelement_um_id_ddb5193a_fk_services_um_id FOREIGN KEY (um_id) REFERENCES public.services_um(id) DEFERRABLE INITIALLY DEFERRED;


--
-- Name: payments_payment payments_payment_created_by_id_28f0e284_fk_users_customuser_id; Type: FK CONSTRAINT; Schema: public; Owner: postgres
--

ALTER TABLE ONLY public.payments_payment
    ADD CONSTRAINT payments_payment_created_by_id_28f0e284_fk_users_customuser_id FOREIGN KEY (created_by_id) REFERENCES public.users_customuser(id) DEFERRABLE INITIALLY DEFERRED;


--
-- Name: payments_payment payments_payment_currency_id_f5833642_fk_services_currency_id; Type: FK CONSTRAINT; Schema: public; Owner: postgres
--

ALTER TABLE ONLY public.payments_payment
    ADD CONSTRAINT payments_payment_currency_id_f5833642_fk_services_currency_id FOREIGN KEY (currency_id) REFERENCES public.services_currency(id) DEFERRABLE INITIALLY DEFERRED;


--
-- Name: payments_payment payments_payment_modified_by_id_ba7b68cf_fk_users_customuser_id; Type: FK CONSTRAINT; Schema: public; Owner: postgres
--

ALTER TABLE ONLY public.payments_payment
    ADD CONSTRAINT payments_payment_modified_by_id_ba7b68cf_fk_users_customuser_id FOREIGN KEY (modified_by_id) REFERENCES public.users_customuser(id) DEFERRABLE INITIALLY DEFERRED;


--
-- Name: payments_payment payments_payment_person_id_2dfa1221_fk_persons_person_id; Type: FK CONSTRAINT; Schema: public; Owner: postgres
--

ALTER TABLE ONLY public.payments_payment
    ADD CONSTRAINT payments_payment_person_id_2dfa1221_fk_persons_person_id FOREIGN KEY (person_id) REFERENCES public.persons_person(id) DEFERRABLE INITIALLY DEFERRED;


--
-- Name: payments_paymentelement payments_paymentelem_invoice_id_0d1e7066_fk_invoices_; Type: FK CONSTRAINT; Schema: public; Owner: postgres
--

ALTER TABLE ONLY public.payments_paymentelement
    ADD CONSTRAINT payments_paymentelem_invoice_id_0d1e7066_fk_invoices_ FOREIGN KEY (invoice_id) REFERENCES public.invoices_invoice(id) DEFERRABLE INITIALLY DEFERRED;


--
-- Name: payments_paymentelement payments_paymentelem_payment_id_0b3094b8_fk_payments_; Type: FK CONSTRAINT; Schema: public; Owner: postgres
--

ALTER TABLE ONLY public.payments_paymentelement
    ADD CONSTRAINT payments_paymentelem_payment_id_0b3094b8_fk_payments_ FOREIGN KEY (payment_id) REFERENCES public.payments_payment(id) DEFERRABLE INITIALLY DEFERRED;


--
-- Name: persons_person persons_person_created_by_id_b461943e_fk_users_customuser_id; Type: FK CONSTRAINT; Schema: public; Owner: postgres
--

ALTER TABLE ONLY public.persons_person
    ADD CONSTRAINT persons_person_created_by_id_b461943e_fk_users_customuser_id FOREIGN KEY (created_by_id) REFERENCES public.users_customuser(id) DEFERRABLE INITIALLY DEFERRED;


--
-- Name: persons_person persons_person_modified_by_id_f946de2c_fk_users_customuser_id; Type: FK CONSTRAINT; Schema: public; Owner: postgres
--

ALTER TABLE ONLY public.persons_person
    ADD CONSTRAINT persons_person_modified_by_id_f946de2c_fk_users_customuser_id FOREIGN KEY (modified_by_id) REFERENCES public.users_customuser(id) DEFERRABLE INITIALLY DEFERRED;


--
-- Name: services_service services_service_currency_id_52bfeed9_fk_services_currency_id; Type: FK CONSTRAINT; Schema: public; Owner: postgres
--

ALTER TABLE ONLY public.services_service
    ADD CONSTRAINT services_service_currency_id_52bfeed9_fk_services_currency_id FOREIGN KEY (currency_id) REFERENCES public.services_currency(id) DEFERRABLE INITIALLY DEFERRED;


--
-- Name: services_service services_service_um_id_b105f1b2_fk_services_um_id; Type: FK CONSTRAINT; Schema: public; Owner: postgres
--

ALTER TABLE ONLY public.services_service
    ADD CONSTRAINT services_service_um_id_b105f1b2_fk_services_um_id FOREIGN KEY (um_id) REFERENCES public.services_um(id) DEFERRABLE INITIALLY DEFERRED;


--
-- Name: users_customuser_groups users_customuser_gro_customuser_id_958147bf_fk_users_cus; Type: FK CONSTRAINT; Schema: public; Owner: postgres
--

ALTER TABLE ONLY public.users_customuser_groups
    ADD CONSTRAINT users_customuser_gro_customuser_id_958147bf_fk_users_cus FOREIGN KEY (customuser_id) REFERENCES public.users_customuser(id) DEFERRABLE INITIALLY DEFERRED;


--
-- Name: users_customuser_groups users_customuser_groups_group_id_01390b14_fk_auth_group_id; Type: FK CONSTRAINT; Schema: public; Owner: postgres
--

ALTER TABLE ONLY public.users_customuser_groups
    ADD CONSTRAINT users_customuser_groups_group_id_01390b14_fk_auth_group_id FOREIGN KEY (group_id) REFERENCES public.auth_group(id) DEFERRABLE INITIALLY DEFERRED;


--
-- Name: users_customuser_user_permissions users_customuser_use_customuser_id_5771478b_fk_users_cus; Type: FK CONSTRAINT; Schema: public; Owner: postgres
--

ALTER TABLE ONLY public.users_customuser_user_permissions
    ADD CONSTRAINT users_customuser_use_customuser_id_5771478b_fk_users_cus FOREIGN KEY (customuser_id) REFERENCES public.users_customuser(id) DEFERRABLE INITIALLY DEFERRED;


--
-- Name: users_customuser_user_permissions users_customuser_use_permission_id_baaa2f74_fk_auth_perm; Type: FK CONSTRAINT; Schema: public; Owner: postgres
--

ALTER TABLE ONLY public.users_customuser_user_permissions
    ADD CONSTRAINT users_customuser_use_permission_id_baaa2f74_fk_auth_perm FOREIGN KEY (permission_id) REFERENCES public.auth_permission(id) DEFERRABLE INITIALLY DEFERRED;


--
-- PostgreSQL database dump complete
--

