--
-- PostgreSQL database dump
--

-- Dumped from database version 12.20 (Ubuntu 12.20-0ubuntu0.20.04.1)
-- Dumped by pg_dump version 12.20 (Ubuntu 12.20-0ubuntu0.20.04.1)

SET statement_timeout = 0;
SET lock_timeout = 0;
SET idle_in_transaction_session_timeout = 0;
SET client_encoding = 'UTF8';
SET standard_conforming_strings = on;
SELECT pg_catalog.set_config('search_path', '', false);
SET check_function_bodies = false;
SET xmloption = content;
SET client_min_messages = warning;
SET row_security = off;

SET default_tablespace = '';

SET default_table_access_method = heap;

--
-- Name: appointments_appointment; Type: TABLE; Schema: public; Owner: postgres
--

CREATE TABLE public.appointments_appointment (
    id bigint NOT NULL,
    created_at timestamp with time zone NOT NULL,
    modified_at timestamp with time zone NOT NULL,
    schedule timestamp with time zone NOT NULL,
    description character varying(255) NOT NULL,
    created_by_id bigint,
    modified_by_id bigint,
    order_id bigint,
    person_id bigint,
    status_id bigint NOT NULL,
    with_person_id bigint
);


ALTER TABLE public.appointments_appointment OWNER TO postgres;

--
-- Name: appointments_appointment_id_seq; Type: SEQUENCE; Schema: public; Owner: postgres
--

ALTER TABLE public.appointments_appointment ALTER COLUMN id ADD GENERATED BY DEFAULT AS IDENTITY (
    SEQUENCE NAME public.appointments_appointment_id_seq
    START WITH 1
    INCREMENT BY 1
    NO MINVALUE
    NO MAXVALUE
    CACHE 1
);


--
-- Name: auth_group; Type: TABLE; Schema: public; Owner: postgres
--

CREATE TABLE public.auth_group (
    id integer NOT NULL,
    name character varying(150) NOT NULL
);


ALTER TABLE public.auth_group OWNER TO postgres;

--
-- Name: auth_group_id_seq; Type: SEQUENCE; Schema: public; Owner: postgres
--

ALTER TABLE public.auth_group ALTER COLUMN id ADD GENERATED BY DEFAULT AS IDENTITY (
    SEQUENCE NAME public.auth_group_id_seq
    START WITH 1
    INCREMENT BY 1
    NO MINVALUE
    NO MAXVALUE
    CACHE 1
);


--
-- Name: auth_group_permissions; Type: TABLE; Schema: public; Owner: postgres
--

CREATE TABLE public.auth_group_permissions (
    id bigint NOT NULL,
    group_id integer NOT NULL,
    permission_id integer NOT NULL
);


ALTER TABLE public.auth_group_permissions OWNER TO postgres;

--
-- Name: auth_group_permissions_id_seq; Type: SEQUENCE; Schema: public; Owner: postgres
--

ALTER TABLE public.auth_group_permissions ALTER COLUMN id ADD GENERATED BY DEFAULT AS IDENTITY (
    SEQUENCE NAME public.auth_group_permissions_id_seq
    START WITH 1
    INCREMENT BY 1
    NO MINVALUE
    NO MAXVALUE
    CACHE 1
);


--
-- Name: auth_permission; Type: TABLE; Schema: public; Owner: postgres
--

CREATE TABLE public.auth_permission (
    id integer NOT NULL,
    name character varying(255) NOT NULL,
    codename character varying(100) NOT NULL,
    content_type_id integer NOT NULL
);


ALTER TABLE public.auth_permission OWNER TO postgres;

--
-- Name: auth_permission_id_seq; Type: SEQUENCE; Schema: public; Owner: postgres
--

ALTER TABLE public.auth_permission ALTER COLUMN id ADD GENERATED BY DEFAULT AS IDENTITY (
    SEQUENCE NAME public.auth_permission_id_seq
    START WITH 1
    INCREMENT BY 1
    NO MINVALUE
    NO MAXVALUE
    CACHE 1
);


--
-- Name: django_admin_log; Type: TABLE; Schema: public; Owner: postgres
--

CREATE TABLE public.django_admin_log (
    id integer NOT NULL,
    action_time timestamp with time zone NOT NULL,
    object_id text,
    object_repr character varying(200) NOT NULL,
    action_flag smallint NOT NULL,
    change_message text NOT NULL,
    content_type_id integer,
    user_id bigint NOT NULL,
    CONSTRAINT django_admin_log_action_flag_check CHECK ((action_flag >= 0))
);


ALTER TABLE public.django_admin_log OWNER TO postgres;

--
-- Name: django_admin_log_id_seq; Type: SEQUENCE; Schema: public; Owner: postgres
--

ALTER TABLE public.django_admin_log ALTER COLUMN id ADD GENERATED BY DEFAULT AS IDENTITY (
    SEQUENCE NAME public.django_admin_log_id_seq
    START WITH 1
    INCREMENT BY 1
    NO MINVALUE
    NO MAXVALUE
    CACHE 1
);


--
-- Name: django_content_type; Type: TABLE; Schema: public; Owner: postgres
--

CREATE TABLE public.django_content_type (
    id integer NOT NULL,
    app_label character varying(100) NOT NULL,
    model character varying(100) NOT NULL
);


ALTER TABLE public.django_content_type OWNER TO postgres;

--
-- Name: django_content_type_id_seq; Type: SEQUENCE; Schema: public; Owner: postgres
--

ALTER TABLE public.django_content_type ALTER COLUMN id ADD GENERATED BY DEFAULT AS IDENTITY (
    SEQUENCE NAME public.django_content_type_id_seq
    START WITH 1
    INCREMENT BY 1
    NO MINVALUE
    NO MAXVALUE
    CACHE 1
);


--
-- Name: django_migrations; Type: TABLE; Schema: public; Owner: postgres
--

CREATE TABLE public.django_migrations (
    id bigint NOT NULL,
    app character varying(255) NOT NULL,
    name character varying(255) NOT NULL,
    applied timestamp with time zone NOT NULL
);


ALTER TABLE public.django_migrations OWNER TO postgres;

--
-- Name: django_migrations_id_seq; Type: SEQUENCE; Schema: public; Owner: postgres
--

ALTER TABLE public.django_migrations ALTER COLUMN id ADD GENERATED BY DEFAULT AS IDENTITY (
    SEQUENCE NAME public.django_migrations_id_seq
    START WITH 1
    INCREMENT BY 1
    NO MINVALUE
    NO MAXVALUE
    CACHE 1
);


--
-- Name: django_session; Type: TABLE; Schema: public; Owner: postgres
--

CREATE TABLE public.django_session (
    session_key character varying(40) NOT NULL,
    session_data text NOT NULL,
    expire_date timestamp with time zone NOT NULL
);


ALTER TABLE public.django_session OWNER TO postgres;

--
-- Name: invoices_invoice; Type: TABLE; Schema: public; Owner: postgres
--

CREATE TABLE public.invoices_invoice (
    id bigint NOT NULL,
    created_at timestamp with time zone NOT NULL,
    modified_at timestamp with time zone NOT NULL,
    is_client boolean NOT NULL,
    serial character varying(10) NOT NULL,
    number character varying(20) NOT NULL,
    deadline date NOT NULL,
    value numeric(10,2) NOT NULL,
    description character varying(255),
    cancellation_to_id bigint,
    cancelled_from_id bigint,
    created_by_id bigint,
    currency_id bigint,
    modified_by_id bigint,
    person_id bigint NOT NULL
);


ALTER TABLE public.invoices_invoice OWNER TO postgres;

--
-- Name: invoices_invoice_id_seq; Type: SEQUENCE; Schema: public; Owner: postgres
--

ALTER TABLE public.invoices_invoice ALTER COLUMN id ADD GENERATED BY DEFAULT AS IDENTITY (
    SEQUENCE NAME public.invoices_invoice_id_seq
    START WITH 1
    INCREMENT BY 1
    NO MINVALUE
    NO MAXVALUE
    CACHE 1
);


--
-- Name: invoices_invoiceelement; Type: TABLE; Schema: public; Owner: postgres
--

CREATE TABLE public.invoices_invoiceelement (
    id bigint NOT NULL,
    element_id bigint NOT NULL,
    invoice_id bigint NOT NULL
);


ALTER TABLE public.invoices_invoiceelement OWNER TO postgres;

--
-- Name: invoices_invoiceelement_id_seq; Type: SEQUENCE; Schema: public; Owner: postgres
--

ALTER TABLE public.invoices_invoiceelement ALTER COLUMN id ADD GENERATED BY DEFAULT AS IDENTITY (
    SEQUENCE NAME public.invoices_invoiceelement_id_seq
    START WITH 1
    INCREMENT BY 1
    NO MINVALUE
    NO MAXVALUE
    CACHE 1
);


--
-- Name: invoices_proforma; Type: TABLE; Schema: public; Owner: postgres
--

CREATE TABLE public.invoices_proforma (
    id bigint NOT NULL,
    created_at timestamp with time zone NOT NULL,
    modified_at timestamp with time zone NOT NULL,
    is_client boolean NOT NULL,
    serial character varying(10) NOT NULL,
    number character varying(20) NOT NULL,
    deadline date NOT NULL,
    value numeric(10,2) NOT NULL,
    description character varying(255),
    created_by_id bigint,
    currency_id bigint,
    invoice_id bigint,
    modified_by_id bigint,
    person_id bigint NOT NULL
);


ALTER TABLE public.invoices_proforma OWNER TO postgres;

--
-- Name: invoices_proforma_id_seq; Type: SEQUENCE; Schema: public; Owner: postgres
--

ALTER TABLE public.invoices_proforma ALTER COLUMN id ADD GENERATED BY DEFAULT AS IDENTITY (
    SEQUENCE NAME public.invoices_proforma_id_seq
    START WITH 1
    INCREMENT BY 1
    NO MINVALUE
    NO MAXVALUE
    CACHE 1
);


--
-- Name: invoices_proformaelement; Type: TABLE; Schema: public; Owner: postgres
--

CREATE TABLE public.invoices_proformaelement (
    id bigint NOT NULL,
    element_id bigint NOT NULL,
    proforma_id bigint NOT NULL
);


ALTER TABLE public.invoices_proformaelement OWNER TO postgres;

--
-- Name: invoices_proformaelement_id_seq; Type: SEQUENCE; Schema: public; Owner: postgres
--

ALTER TABLE public.invoices_proformaelement ALTER COLUMN id ADD GENERATED BY DEFAULT AS IDENTITY (
    SEQUENCE NAME public.invoices_proformaelement_id_seq
    START WITH 1
    INCREMENT BY 1
    NO MINVALUE
    NO MAXVALUE
    CACHE 1
);


--
-- Name: orders_offer; Type: TABLE; Schema: public; Owner: postgres
--

CREATE TABLE public.orders_offer (
    id bigint NOT NULL,
    created_at timestamp with time zone NOT NULL,
    modified_at timestamp with time zone NOT NULL,
    deadline timestamp with time zone NOT NULL,
    serial character varying(10) NOT NULL,
    number character varying(20) NOT NULL,
    value numeric(10,2) NOT NULL,
    description character varying(255),
    created_by_id bigint,
    currency_id bigint,
    modified_by_id bigint,
    order_id bigint,
    person_id bigint NOT NULL,
    status_id bigint NOT NULL
);


ALTER TABLE public.orders_offer OWNER TO postgres;

--
-- Name: orders_offer_id_seq; Type: SEQUENCE; Schema: public; Owner: postgres
--

ALTER TABLE public.orders_offer ALTER COLUMN id ADD GENERATED BY DEFAULT AS IDENTITY (
    SEQUENCE NAME public.orders_offer_id_seq
    START WITH 1
    INCREMENT BY 1
    NO MINVALUE
    NO MAXVALUE
    CACHE 1
);


--
-- Name: orders_offerelement; Type: TABLE; Schema: public; Owner: postgres
--

CREATE TABLE public.orders_offerelement (
    id bigint NOT NULL,
    description character varying(255),
    quantity smallint NOT NULL,
    price numeric(10,2) NOT NULL,
    offer_id bigint NOT NULL,
    service_id bigint NOT NULL,
    um_id bigint
);


ALTER TABLE public.orders_offerelement OWNER TO postgres;

--
-- Name: orders_offerelement_id_seq; Type: SEQUENCE; Schema: public; Owner: postgres
--

ALTER TABLE public.orders_offerelement ALTER COLUMN id ADD GENERATED BY DEFAULT AS IDENTITY (
    SEQUENCE NAME public.orders_offerelement_id_seq
    START WITH 1
    INCREMENT BY 1
    NO MINVALUE
    NO MAXVALUE
    CACHE 1
);


--
-- Name: orders_order; Type: TABLE; Schema: public; Owner: postgres
--

CREATE TABLE public.orders_order (
    id bigint NOT NULL,
    created_at timestamp with time zone NOT NULL,
    modified_at timestamp with time zone NOT NULL,
    is_client boolean NOT NULL,
    deadline timestamp with time zone NOT NULL,
    serial character varying(10) NOT NULL,
    number character varying(20) NOT NULL,
    value numeric(10,2) NOT NULL,
    description character varying(255),
    created_by_id bigint,
    currency_id bigint,
    modified_by_id bigint,
    person_id bigint NOT NULL,
    status_id bigint NOT NULL
);


ALTER TABLE public.orders_order OWNER TO postgres;

--
-- Name: orders_order_id_seq; Type: SEQUENCE; Schema: public; Owner: postgres
--

ALTER TABLE public.orders_order ALTER COLUMN id ADD GENERATED BY DEFAULT AS IDENTITY (
    SEQUENCE NAME public.orders_order_id_seq
    START WITH 1
    INCREMENT BY 1
    NO MINVALUE
    NO MAXVALUE
    CACHE 1
);


--
-- Name: orders_orderelement; Type: TABLE; Schema: public; Owner: postgres
--

CREATE TABLE public.orders_orderelement (
    id bigint NOT NULL,
    description character varying(255),
    quantity smallint NOT NULL,
    price numeric(10,2) NOT NULL,
    order_id bigint NOT NULL,
    service_id bigint NOT NULL,
    status_id bigint NOT NULL,
    um_id bigint
);


ALTER TABLE public.orders_orderelement OWNER TO postgres;

--
-- Name: orders_orderelement_id_seq; Type: SEQUENCE; Schema: public; Owner: postgres
--

ALTER TABLE public.orders_orderelement ALTER COLUMN id ADD GENERATED BY DEFAULT AS IDENTITY (
    SEQUENCE NAME public.orders_orderelement_id_seq
    START WITH 1
    INCREMENT BY 1
    NO MINVALUE
    NO MAXVALUE
    CACHE 1
);


--
-- Name: payments_payment; Type: TABLE; Schema: public; Owner: postgres
--

CREATE TABLE public.payments_payment (
    id bigint NOT NULL,
    created_at timestamp with time zone NOT NULL,
    modified_at timestamp with time zone NOT NULL,
    type character varying(6) NOT NULL,
    is_client boolean NOT NULL,
    serial character varying(10) NOT NULL,
    number character varying(20) NOT NULL,
    value numeric(10,2) NOT NULL,
    payment_date date NOT NULL,
    description character varying(255),
    created_by_id bigint,
    currency_id bigint,
    modified_by_id bigint,
    person_id bigint NOT NULL
);


ALTER TABLE public.payments_payment OWNER TO postgres;

--
-- Name: payments_payment_id_seq; Type: SEQUENCE; Schema: public; Owner: postgres
--

ALTER TABLE public.payments_payment ALTER COLUMN id ADD GENERATED BY DEFAULT AS IDENTITY (
    SEQUENCE NAME public.payments_payment_id_seq
    START WITH 1
    INCREMENT BY 1
    NO MINVALUE
    NO MAXVALUE
    CACHE 1
);


--
-- Name: payments_paymentelement; Type: TABLE; Schema: public; Owner: postgres
--

CREATE TABLE public.payments_paymentelement (
    id bigint NOT NULL,
    invoice_id bigint NOT NULL,
    payment_id bigint NOT NULL
);


ALTER TABLE public.payments_paymentelement OWNER TO postgres;

--
-- Name: payments_paymentelement_id_seq; Type: SEQUENCE; Schema: public; Owner: postgres
--

ALTER TABLE public.payments_paymentelement ALTER COLUMN id ADD GENERATED BY DEFAULT AS IDENTITY (
    SEQUENCE NAME public.payments_paymentelement_id_seq
    START WITH 1
    INCREMENT BY 1
    NO MINVALUE
    NO MAXVALUE
    CACHE 1
);


--
-- Name: persons_person; Type: TABLE; Schema: public; Owner: postgres
--

CREATE TABLE public.persons_person (
    id bigint NOT NULL,
    created_at timestamp with time zone NOT NULL,
    modified_at timestamp with time zone NOT NULL,
    entity character varying(2) NOT NULL,
    gender character varying(2) NOT NULL,
    firstname character varying(100) NOT NULL,
    lastname character varying(100) NOT NULL,
    identity_card character varying(30) NOT NULL,
    company_name character varying(100) NOT NULL,
    company_tax_code character varying(30) NOT NULL,
    company_iban character varying(34) NOT NULL,
    phone character varying(100) NOT NULL,
    email character varying(255) NOT NULL,
    address character varying(255) NOT NULL,
    services character varying(255) NOT NULL,
    created_by_id bigint,
    modified_by_id bigint
);


ALTER TABLE public.persons_person OWNER TO postgres;

--
-- Name: persons_person_id_seq; Type: SEQUENCE; Schema: public; Owner: postgres
--

ALTER TABLE public.persons_person ALTER COLUMN id ADD GENERATED BY DEFAULT AS IDENTITY (
    SEQUENCE NAME public.persons_person_id_seq
    START WITH 1
    INCREMENT BY 1
    NO MINVALUE
    NO MAXVALUE
    CACHE 1
);


--
-- Name: services_currency; Type: TABLE; Schema: public; Owner: postgres
--

CREATE TABLE public.services_currency (
    id bigint NOT NULL,
    name character varying(20) NOT NULL,
    symbol character varying(3) NOT NULL
);


ALTER TABLE public.services_currency OWNER TO postgres;

--
-- Name: services_currency_id_seq; Type: SEQUENCE; Schema: public; Owner: postgres
--

ALTER TABLE public.services_currency ALTER COLUMN id ADD GENERATED BY DEFAULT AS IDENTITY (
    SEQUENCE NAME public.services_currency_id_seq
    START WITH 1
    INCREMENT BY 1
    NO MINVALUE
    NO MAXVALUE
    CACHE 1
);


--
-- Name: services_serial; Type: TABLE; Schema: public; Owner: postgres
--

CREATE TABLE public.services_serial (
    id bigint NOT NULL,
    offer_serial character varying(10) NOT NULL,
    offer_number integer NOT NULL,
    order_serial character varying(10) NOT NULL,
    order_number integer NOT NULL,
    p_order_serial character varying(10) NOT NULL,
    p_order_number integer NOT NULL,
    proforma_serial character varying(10) NOT NULL,
    proforma_number integer NOT NULL,
    invoice_serial character varying(10) NOT NULL,
    invoice_number integer NOT NULL,
    receipt_serial character varying(10) NOT NULL,
    receipt_number integer NOT NULL,
    CONSTRAINT services_serial_invoice_number_check CHECK ((invoice_number >= 0)),
    CONSTRAINT services_serial_offer_number_check CHECK ((offer_number >= 0)),
    CONSTRAINT services_serial_order_number_check CHECK ((order_number >= 0)),
    CONSTRAINT services_serial_p_order_number_check CHECK ((p_order_number >= 0)),
    CONSTRAINT services_serial_proforma_number_check CHECK ((proforma_number >= 0)),
    CONSTRAINT services_serial_receipt_number_check CHECK ((receipt_number >= 0))
);


ALTER TABLE public.services_serial OWNER TO postgres;

--
-- Name: services_serial_id_seq; Type: SEQUENCE; Schema: public; Owner: postgres
--

ALTER TABLE public.services_serial ALTER COLUMN id ADD GENERATED BY DEFAULT AS IDENTITY (
    SEQUENCE NAME public.services_serial_id_seq
    START WITH 1
    INCREMENT BY 1
    NO MINVALUE
    NO MAXVALUE
    CACHE 1
);


--
-- Name: services_service; Type: TABLE; Schema: public; Owner: postgres
--

CREATE TABLE public.services_service (
    id bigint NOT NULL,
    name character varying(200) NOT NULL,
    price_min numeric(8,2) NOT NULL,
    price_max numeric(8,2) NOT NULL,
    icon character varying(100) NOT NULL,
    currency_id bigint NOT NULL,
    um_id bigint NOT NULL
);


ALTER TABLE public.services_service OWNER TO postgres;

--
-- Name: services_service_id_seq; Type: SEQUENCE; Schema: public; Owner: postgres
--

ALTER TABLE public.services_service ALTER COLUMN id ADD GENERATED BY DEFAULT AS IDENTITY (
    SEQUENCE NAME public.services_service_id_seq
    START WITH 1
    INCREMENT BY 1
    NO MINVALUE
    NO MAXVALUE
    CACHE 1
);


--
-- Name: services_status; Type: TABLE; Schema: public; Owner: postgres
--

CREATE TABLE public.services_status (
    id bigint NOT NULL,
    name character varying(25) NOT NULL,
    style character varying(25) NOT NULL,
    percent smallint NOT NULL
);


ALTER TABLE public.services_status OWNER TO postgres;

--
-- Name: services_status_id_seq; Type: SEQUENCE; Schema: public; Owner: postgres
--

ALTER TABLE public.services_status ALTER COLUMN id ADD GENERATED BY DEFAULT AS IDENTITY (
    SEQUENCE NAME public.services_status_id_seq
    START WITH 1
    INCREMENT BY 1
    NO MINVALUE
    NO MAXVALUE
    CACHE 1
);


--
-- Name: services_um; Type: TABLE; Schema: public; Owner: postgres
--

CREATE TABLE public.services_um (
    id bigint NOT NULL,
    name character varying(15) NOT NULL
);


ALTER TABLE public.services_um OWNER TO postgres;

--
-- Name: services_um_id_seq; Type: SEQUENCE; Schema: public; Owner: postgres
--

ALTER TABLE public.services_um ALTER COLUMN id ADD GENERATED BY DEFAULT AS IDENTITY (
    SEQUENCE NAME public.services_um_id_seq
    START WITH 1
    INCREMENT BY 1
    NO MINVALUE
    NO MAXVALUE
    CACHE 1
);


--
-- Name: users_customuser; Type: TABLE; Schema: public; Owner: postgres
--

CREATE TABLE public.users_customuser (
    id bigint NOT NULL,
    password character varying(128) NOT NULL,
    last_login timestamp with time zone,
    is_superuser boolean NOT NULL,
    username character varying(150) NOT NULL,
    first_name character varying(150) NOT NULL,
    last_name character varying(150) NOT NULL,
    email character varying(254) NOT NULL,
    is_staff boolean NOT NULL,
    is_active boolean NOT NULL,
    date_joined timestamp with time zone NOT NULL,
    date_of_birth date,
    profile_picture character varying(100) NOT NULL,
    phone character varying(20),
    address character varying(255)
);


ALTER TABLE public.users_customuser OWNER TO postgres;

--
-- Name: users_customuser_groups; Type: TABLE; Schema: public; Owner: postgres
--

CREATE TABLE public.users_customuser_groups (
    id bigint NOT NULL,
    customuser_id bigint NOT NULL,
    group_id integer NOT NULL
);


ALTER TABLE public.users_customuser_groups OWNER TO postgres;

--
-- Name: users_customuser_groups_id_seq; Type: SEQUENCE; Schema: public; Owner: postgres
--

ALTER TABLE public.users_customuser_groups ALTER COLUMN id ADD GENERATED BY DEFAULT AS IDENTITY (
    SEQUENCE NAME public.users_customuser_groups_id_seq
    START WITH 1
    INCREMENT BY 1
    NO MINVALUE
    NO MAXVALUE
    CACHE 1
);


--
-- Name: users_customuser_id_seq; Type: SEQUENCE; Schema: public; Owner: postgres
--

ALTER TABLE public.users_customuser ALTER COLUMN id ADD GENERATED BY DEFAULT AS IDENTITY (
    SEQUENCE NAME public.users_customuser_id_seq
    START WITH 1
    INCREMENT BY 1
    NO MINVALUE
    NO MAXVALUE
    CACHE 1
);


--
-- Name: users_customuser_user_permissions; Type: TABLE; Schema: public; Owner: postgres
--

CREATE TABLE public.users_customuser_user_permissions (
    id bigint NOT NULL,
    customuser_id bigint NOT NULL,
    permission_id integer NOT NULL
);


ALTER TABLE public.users_customuser_user_permissions OWNER TO postgres;

--
-- Name: users_customuser_user_permissions_id_seq; Type: SEQUENCE; Schema: public; Owner: postgres
--

ALTER TABLE public.users_customuser_user_permissions ALTER COLUMN id ADD GENERATED BY DEFAULT AS IDENTITY (
    SEQUENCE NAME public.users_customuser_user_permissions_id_seq
    START WITH 1
    INCREMENT BY 1
    NO MINVALUE
    NO MAXVALUE
    CACHE 1
);


--
-- Data for Name: appointments_appointment; Type: TABLE DATA; Schema: public; Owner: postgres
--

COPY public.appointments_appointment (id, created_at, modified_at, schedule, description, created_by_id, modified_by_id, order_id, person_id, status_id, with_person_id) FROM stdin;
2	2024-05-23 12:14:12.000003+00	2024-05-23 12:14:12.000042+00	2024-05-29 08:45:00+00	Legalizare declaratie corectata	1	1	\N	9	2	10
1	2024-05-23 11:09:20.635469+00	2024-05-23 11:09:20.63551+00	2024-05-27 14:30:00+00	Procura radiere si vanzare auto	1	1	1	1	2	5
3	2024-05-27 08:49:56.766596+00	2024-05-27 08:49:56.766644+00	2024-05-29 09:30:00+00	Vollmacht für Anwalt	1	1	4	16	2	17
49	2024-08-28 09:29:05.706289+00	2024-08-28 09:29:05.706345+00	2024-08-29 12:00:00+00		1	1	132	175	2	176
52	2024-09-05 13:13:09.684946+00	2024-09-05 13:13:09.685011+00	2024-09-10 14:30:00+00		1	1	136	181	2	56
4	2024-05-27 08:52:00.167935+00	2024-05-27 08:52:00.167975+00	2024-05-29 06:52:00+00	Vollmacht - Ledigkeitsbescheinigung	1	1	2	8	2	12
25	2024-06-20 08:22:19.800097+00	2024-06-20 08:22:19.800143+00	2024-06-21 12:30:00+00	2 Vollmachten und 1 Erklärung	1	1	41	75	2	77
50	2024-09-04 10:29:28.510251+00	2024-09-04 10:29:28.510329+00	2024-09-05 07:30:00+00		1	1	139	183	2	189
5	2024-05-29 04:52:58.056204+00	2024-05-29 04:52:58.05625+00	2024-06-11 14:30:00+00	Einverständniserklärung - Minderjährige	1	1	3	14	2	15
33	2024-07-22 09:27:05.603038+00	2024-07-22 09:27:05.603091+00	2024-08-01 08:15:00+00	1 Erklärung + 1 Vollmacht	1	1	67	105	2	15
24	2024-06-19 09:23:41.860815+00	2024-06-19 09:23:41.860859+00	2024-06-24 08:00:00+00		1	1	40	72	2	76
20	2024-06-17 11:50:25.875862+00	2024-06-17 11:50:25.875904+00	2024-06-19 07:30:00+00	Einverständniserklärung - Minderjährige	1	1	36	65	2	69
7	2024-05-30 06:11:01.483072+00	2024-05-30 06:11:01.483112+00	2024-05-30 12:30:00+00		1	1	12	35	2	31
26	2024-06-26 07:36:47.860657+00	2024-06-26 07:36:47.860701+00	2024-06-27 06:45:00+00	Einverständniserklärung - Minderjährige	1	1	45	81	2	83
51	2024-09-05 10:20:10.416147+00	2024-09-05 10:20:10.41621+00	2024-09-05 14:00:00+00	Vollmacht Auto	1	1	138	182	2	190
40	2024-08-09 09:47:13.067645+00	2024-08-09 09:47:13.067691+00	2024-08-14 13:00:00+00		1	1	108	146	2	150
8	2024-06-10 10:42:01.876516+00	2024-06-10 10:42:01.876556+00	2024-06-10 13:00:00+00	Vollmacht  Einschulung	1	1	17	39	2	49
27	2024-06-26 07:50:19.343063+00	2024-06-26 07:50:19.343104+00	2024-06-26 11:30:00+00	Vollmacht Kennzeichnen	1	1	46	82	2	84
9	2024-06-10 11:12:41.252085+00	2024-06-10 11:12:41.252121+00	2024-06-11 09:00:00+00	Erklärung	1	1	21	43	2	51
28	2024-06-27 03:14:59.511352+00	2024-06-27 03:14:59.511394+00	2024-06-27 09:00:00+00	Einverständniserklärung - Minderjährige	1	1	44	80	2	85
10	2024-06-10 11:56:28.654786+00	2024-06-10 11:56:28.654827+00	2024-06-13 07:30:00+00	Vollmacht Vertretung	1	1	22	44	2	52
6	2024-05-29 07:27:39.114605+00	2024-05-29 07:27:39.114645+00	2024-06-06 08:00:00+00	Vollmacht Kindergeld, Vollmacht Vertretung	1	1	\N	32	6	33
53	2024-09-10 09:11:54.132746+00	2024-09-10 09:11:54.132812+00	2024-09-18 13:00:00+00		1	1	135	180	2	199
34	2024-07-24 07:56:17.489736+00	2024-07-24 07:56:17.489809+00	2024-08-01 13:00:00+00	Einverständniserklärung - Minderjährige	1	1	82	117	2	118
11	2024-06-11 16:04:44.205646+00	2024-06-11 16:04:44.205684+00	2024-06-12 06:45:00+00		1	1	\N	55	2	56
29	2024-07-01 13:08:16.277381+00	2024-07-01 13:08:16.277429+00	2024-07-04 11:45:00+00		1	1	50	91	2	93
54	2024-09-11 09:44:14.197767+00	2024-09-11 09:44:14.197812+00	2024-09-18 09:00:00+00		1	1	148	193	2	201
22	2024-06-17 13:31:24.722675+00	2024-06-17 13:31:24.722719+00	2024-06-18 12:30:00+00	Einverständniserklärung - Minderjährige	1	1	39	68	2	70
30	2024-07-01 15:40:07.859846+00	2024-07-01 15:40:07.859893+00	2024-07-15 11:30:00+00	Einverständniserklärung - Minderjährige	1	1	47	86	2	95
14	2024-06-12 15:37:48.605724+00	2024-06-12 15:37:48.60577+00	2024-06-14 09:30:00+00	Einverständniserklärung - Minderjährige	1	1	31	57	2	59
55	2024-09-12 12:58:12.206983+00	2024-09-12 12:58:12.207049+00	2024-09-16 12:45:00+00		1	1	157	202	2	203
31	2024-07-09 09:00:56.809962+00	2024-07-09 09:00:56.810014+00	2024-07-11 07:00:00+00	Einverständniserklärung - Minderjährige	1	1	56	55	2	56
32	2024-07-22 09:10:14.191801+00	2024-07-22 09:10:14.191858+00	2024-07-24 13:00:00+00	Einverständniserklärung - Minderjährige	1	1	71	109	2	113
57	2024-09-17 07:01:40.359561+00	2024-09-17 07:01:40.359605+00	2024-09-17 09:00:00+00		1	1	167	208	2	211
56	2024-09-16 06:27:05.32657+00	2024-09-16 06:27:05.326621+00	2024-09-26 11:45:00+00		1	1	147	192	2	93
19	2024-06-13 09:01:49.56869+00	2024-06-13 09:01:49.568731+00	2024-06-13 14:00:00+00		1	1	29	54	2	60
23	2024-06-18 07:58:51.231017+00	2024-06-18 07:58:51.231058+00	2024-06-18 12:50:00+00		1	1	38	67	2	71
36	2024-07-26 06:35:58.78615+00	2024-07-26 06:35:58.786192+00	2024-07-26 07:30:00+00	Einverständniserklärung - Minderjährige	1	1	80	115	2	126
35	2024-07-26 06:33:22.261848+00	2024-07-26 06:33:22.261891+00	2024-08-05 14:00:00+00	Vollmacht - Vertretung	1	1	81	116	2	125
41	2024-08-09 12:25:34.745967+00	2024-08-09 12:25:34.746005+00	2024-08-27 12:30:00+00		1	1	87	122	2	151
21	2024-06-17 12:10:50.679157+00	2024-06-17 12:10:50.679212+00	2024-06-19 12:30:00+00		1	1	37	66	2	74
37	2024-07-31 08:34:30.640585+00	2024-07-31 08:34:30.640637+00	2024-08-01 13:00:00+00		1	1	92	127	2	133
59	2024-09-19 14:09:03.484589+00	2024-09-19 14:09:03.484656+00	2024-09-26 14:30:00+00		1	1	168	209	2	223
58	2024-09-17 14:03:52.286683+00	2024-09-17 14:03:52.286732+00	2024-09-26 06:45:00+00		1	1	158	158	2	213
38	2024-07-31 09:26:50.333554+00	2024-07-31 09:26:50.333625+00	2024-08-05 13:30:00+00		1	1	91	124	2	134
39	2024-08-09 06:21:48.680955+00	2024-08-09 06:21:48.681001+00	2024-08-14 07:30:00+00		1	1	106	144	2	133
42	2024-08-12 06:52:17.638298+00	2024-08-12 06:52:17.63834+00	2024-08-13 09:30:00+00		1	1	103	141	2	154
45	2024-08-16 07:21:06.828714+00	2024-08-16 07:21:06.828762+00	2024-08-19 12:30:00+00		1	1	118	160	2	164
43	2024-08-12 13:20:31.656075+00	2024-08-12 13:20:31.656118+00	2024-08-13 09:30:00+00		1	1	114	152	2	155
44	2024-08-15 08:28:21.266704+00	2024-08-15 08:28:21.266765+00	2024-08-19 11:45:00+00		1	1	116	157	2	93
46	2024-08-20 09:32:13.769231+00	2024-08-20 09:32:13.769295+00	2024-08-27 09:00:00+00		1	1	121	163	2	166
47	2024-08-27 08:01:37.941655+00	2024-08-27 08:01:37.941707+00	2024-09-10 14:00:00+00		1	1	123	72	2	171
48	2024-08-27 09:27:46.342496+00	2024-08-27 09:27:46.342551+00	2024-08-28 09:30:00+00		1	1	129	170	2	172
\.


--
-- Data for Name: auth_group; Type: TABLE DATA; Schema: public; Owner: postgres
--

COPY public.auth_group (id, name) FROM stdin;
\.


--
-- Data for Name: auth_group_permissions; Type: TABLE DATA; Schema: public; Owner: postgres
--

COPY public.auth_group_permissions (id, group_id, permission_id) FROM stdin;
\.


--
-- Data for Name: auth_permission; Type: TABLE DATA; Schema: public; Owner: postgres
--

COPY public.auth_permission (id, name, codename, content_type_id) FROM stdin;
1	Can add log entry	add_logentry	1
2	Can change log entry	change_logentry	1
3	Can delete log entry	delete_logentry	1
4	Can view log entry	view_logentry	1
5	Can add permission	add_permission	2
6	Can change permission	change_permission	2
7	Can delete permission	delete_permission	2
8	Can view permission	view_permission	2
9	Can add group	add_group	3
10	Can change group	change_group	3
11	Can delete group	delete_group	3
12	Can view group	view_group	3
13	Can add content type	add_contenttype	4
14	Can change content type	change_contenttype	4
15	Can delete content type	delete_contenttype	4
16	Can view content type	view_contenttype	4
17	Can add session	add_session	5
18	Can change session	change_session	5
19	Can delete session	delete_session	5
20	Can view session	view_session	5
21	Can add invoice element	add_invoiceelement	6
22	Can change invoice element	change_invoiceelement	6
23	Can delete invoice element	delete_invoiceelement	6
24	Can view invoice element	view_invoiceelement	6
25	Can add proforma element	add_proformaelement	7
26	Can change proforma element	change_proformaelement	7
27	Can delete proforma element	delete_proformaelement	7
28	Can view proforma element	view_proformaelement	7
29	Can add proforma	add_proforma	8
30	Can change proforma	change_proforma	8
31	Can delete proforma	delete_proforma	8
32	Can view proforma	view_proforma	8
33	Can add invoice	add_invoice	9
34	Can change invoice	change_invoice	9
35	Can delete invoice	delete_invoice	9
36	Can view invoice	view_invoice	9
37	Can add payment	add_payment	10
38	Can change payment	change_payment	10
39	Can delete payment	delete_payment	10
40	Can view payment	view_payment	10
41	Can add payment element	add_paymentelement	11
42	Can change payment element	change_paymentelement	11
43	Can delete payment element	delete_paymentelement	11
44	Can view payment element	view_paymentelement	11
45	Can add order element	add_orderelement	12
46	Can change order element	change_orderelement	12
47	Can delete order element	delete_orderelement	12
48	Can view order element	view_orderelement	12
49	Can add offer	add_offer	13
50	Can change offer	change_offer	13
51	Can delete offer	delete_offer	13
52	Can view offer	view_offer	13
53	Can add offer element	add_offerelement	14
54	Can change offer element	change_offerelement	14
55	Can delete offer element	delete_offerelement	14
56	Can view offer element	view_offerelement	14
57	Can add order	add_order	15
58	Can change order	change_order	15
59	Can delete order	delete_order	15
60	Can view order	view_order	15
61	Can add person	add_person	16
62	Can change person	change_person	16
63	Can delete person	delete_person	16
64	Can view person	view_person	16
65	Can add serial	add_serial	17
66	Can change serial	change_serial	17
67	Can delete serial	delete_serial	17
68	Can view serial	view_serial	17
69	Can add currency	add_currency	18
70	Can change currency	change_currency	18
71	Can delete currency	delete_currency	18
72	Can view currency	view_currency	18
73	Can add service	add_service	19
74	Can change service	change_service	19
75	Can delete service	delete_service	19
76	Can view service	view_service	19
77	Can add status	add_status	20
78	Can change status	change_status	20
79	Can delete status	delete_status	20
80	Can view status	view_status	20
81	Can add um	add_um	21
82	Can change um	change_um	21
83	Can delete um	delete_um	21
84	Can view um	view_um	21
85	Can add user	add_customuser	22
86	Can change user	change_customuser	22
87	Can delete user	delete_customuser	22
88	Can view user	view_customuser	22
89	Can add appointment	add_appointment	23
90	Can change appointment	change_appointment	23
91	Can delete appointment	delete_appointment	23
92	Can view appointment	view_appointment	23
\.


--
-- Data for Name: django_admin_log; Type: TABLE DATA; Schema: public; Owner: postgres
--

COPY public.django_admin_log (id, action_time, object_id, object_repr, action_flag, change_message, content_type_id, user_id) FROM stdin;
1	2024-06-12 16:07:53.77859+00	13	Lidia Grosu - pi with None on 12.06.2024 15:37 - 	3		23	1
2	2024-06-12 16:11:11.536781+00	17	None with Adrian George Radu / Sprachen Express - sp on 12.06.2024 16:10 - 	3		23	1
3	2024-06-12 16:11:11.539843+00	16	Adrian George Radu / Sprachen Express - sp with None on 12.06.2024 16:10 - 	3		23	1
4	2024-06-12 16:11:11.541379+00	15	Adrian George Radu / Sprachen Express - sp with Adrian George Radu / Sprachen Express - sp on 13.06.2024 16:08 - 	3		23	1
5	2024-06-12 17:10:44.841376+00	12	None with Jochen Keßler / Keßler | Hardt | Notare - pi on 12.06.2024 15:37 - 	3		23	1
6	2024-06-12 17:11:48.107243+00	18	Adrian George Radu / Sprachen Express - sp with Adrian George Radu / Sprachen Express - sp on 12.06.2024 17:11 - 	3		23	1
7	2024-08-05 08:17:55.825204+00	98	Order B77 - Cosmina Anghel - pi - 08.08.2024 12:37 - Einverständniserklärung für Minderjährige (0.00€)	3		15	1
8	2024-08-05 08:18:30.095102+00	136	Cosmina Anghel - pi	3		16	1
9	2024-08-16 07:25:19.906932+00	159	Dinu-Ghoerghe Cucerzan - pi	3		16	1
10	2024-09-02 07:36:43.511346+00	20	Invoice RE18 from 13.06.2024 15:03 - Ioana-Roxana Căruță - pi - 	3		9	1
11	2024-09-02 07:36:43.517968+00	19	Invoice 1203-608492-2 from 11.06.2024 14:58 - Landgericht Magdeburg - co - 	3		9	1
12	2024-09-02 07:36:43.519456+00	18	Invoice RE17 from 07.06.2024 13:55 - George Isopescu - pi - 	3		9	1
13	2024-09-02 07:36:43.521072+00	17	Invoice RE16 from 07.06.2024 13:55 - Amalia Dumbrava - pi - 	3		9	1
14	2024-09-02 07:36:43.522731+00	16	Invoice RE15 from 07.06.2024 13:54 - Maria-Lorena Badea - pi - 	3		9	1
15	2024-09-02 07:36:43.524106+00	15	Invoice RE14 from 07.06.2024 13:53 - Oleg Vlas / Bau Netzwerk OV GmbH - pi - 	3		9	1
16	2024-09-02 07:36:43.525798+00	14	Invoice RE13 from 07.06.2024 13:52 - Constantin Lipan - pi - 	3		9	1
17	2024-09-02 07:36:43.52712+00	13	Invoice RE12 from 07.06.2024 13:46 - Denis-Adrian Aldea - pi - 	3		9	1
18	2024-09-02 07:36:43.528425+00	12	Invoice RE11 from 06.06.2024 16:26 - Gabriel-Grigore Lupoae - pi - 	3		9	1
19	2024-09-02 07:36:43.529721+00	11	Invoice 104/06/2024 from 06.06.2024 10:45 - Swetlana Donnerstag - sp - 	3		9	1
20	2024-09-02 07:36:43.531009+00	10	Invoice RE10 from 06.06.2024 05:03 - Simona Sava - pi - 	3		9	1
21	2024-09-02 07:36:43.532272+00	9	Invoice RE9 from 04.06.2024 17:47 - Cătălin Munteanu - pi - 	3		9	1
22	2024-09-02 07:36:43.533566+00	8	Invoice RE8 from 03.06.2024 17:09 - Silvia-Viorica Vladutu - pi - 	3		9	1
23	2024-09-02 07:36:43.534845+00	7	Invoice RE7 from 28.05.2024 11:43 - Georgeta-Denisa Ungureanu - pi - Ledigkeitsbescheinigung	3		9	1
24	2024-09-02 07:36:43.536086+00	6	Invoice RE6 from 28.05.2024 10:36 - Sandu Alexa - pi - 2 Geburtsurkunden	3		9	1
25	2024-09-02 07:36:43.537356+00	5	Invoice RE5 from 27.05.2024 10:53 - Adina-Adriana Aostăcioae - pi - 	3		9	1
26	2024-09-02 07:36:43.538604+00	4	Invoice RE4 from 24.05.2024 09:43 - Petronela-Florentina Mușinoiu - pi - 	3		9	1
27	2024-09-02 07:36:43.539852+00	3	Invoice RE3 from 24.05.2024 09:42 - Florina-Mădălina Păunescu - pi - 	3		9	1
28	2024-09-02 07:36:43.541121+00	2	Invoice RE2 from 23.05.2024 10:22 - Marian Ifrim - pi - 	3		9	1
29	2024-09-02 07:36:43.542483+00	1	Invoice RE1 from 22.05.2024 06:28 - Daniel Decher - pi - Vollmacht - Verkauf des Autos	3		9	1
30	2024-09-02 07:37:22.341492+00	18	Paymant  (bank) from Silvia-Viorica Vladutu - pi - 01.07.2024 06:50 (135.00€)	3		10	1
31	2024-09-02 07:37:22.34515+00	17	Paymant  (bank) from Ioana-Roxana Căruță - pi - 13.06.2024 15:04 (40.00€)	3		10	1
32	2024-09-02 07:37:22.346823+00	16	Paymant  (bank) from Landgericht Magdeburg - co - 13.06.2024 14:58 (25.00€)	3		10	1
33	2024-09-02 07:37:22.348354+00	15	Paymant  (bank) from Oleg Vlas / Bau Netzwerk OV GmbH - pi - 07.06.2024 14:20 (175.00€)	3		10	1
34	2024-09-02 07:37:22.349865+00	14	Paymant  (bank) from Constantin Lipan - pi - 07.06.2024 14:20 (60.00€)	3		10	1
35	2024-09-02 07:37:22.35143+00	13	Paymant  (bank) from Denis-Adrian Aldea - pi - 07.06.2024 14:20 (75.00€)	3		10	1
36	2024-09-02 07:37:22.352907+00	12	Paymant  (bank) from Gabriel-Grigore Lupoae - pi - 06.06.2024 16:27 (125.00€)	3		10	1
37	2024-09-02 07:37:22.354378+00	11	Paymant  (bank) from Swetlana Donnerstag - sp - 06.06.2024 10:46 (110.00€)	3		10	1
38	2024-09-02 07:37:22.355804+00	10	Paymant  (bank) from Simona Sava - pi - 06.06.2024 05:03 (75.00€)	3		10	1
39	2024-09-02 07:37:22.357271+00	9	Paymant  (bank) from Cătălin Munteanu - pi - 04.06.2024 17:48 (220.00€)	3		10	1
40	2024-09-02 07:37:22.358765+00	8	Paymant  (bank) from Silvia-Viorica Vladutu - pi - 03.06.2024 17:09 (50.00€)	3		10	1
41	2024-09-02 07:37:22.360515+00	7	Paymant  (bank) from Georgeta-Denisa Ungureanu - pi - 28.05.2024 08:23 (45.00€)	3		10	1
42	2024-09-02 07:37:22.362021+00	6	Paymant BE1 (cash) from Sandu Alexa - pi - 28.05.2024 08:06 (100.00€)	3		10	1
43	2024-09-02 07:37:22.36348+00	5	Paymant  (bank) from Adina-Adriana Aostăcioae - pi - 27.05.2024 10:53 (40.00€)	3		10	1
44	2024-09-02 07:37:22.364941+00	4	Paymant  (bank) from Petronela-Florentina Mușinoiu - pi - 25.05.2024 09:43 (70.50€)	3		10	1
45	2024-09-02 07:37:22.366377+00	3	Paymant  (bank) from Florina-Mădălina Păunescu - pi - 25.05.2024 09:42 (75.00€)	3		10	1
46	2024-09-02 07:37:22.367844+00	2	Paymant  (bank) from Marian Ifrim - pi - 23.05.2024 10:23 (75.00€)	3		10	1
47	2024-09-02 07:37:22.36941+00	1	Paymant  (bank) from Daniel Decher - pi - 23.05.2024 08:18 (75.00€)	3		10	1
48	2024-09-02 07:40:40.049861+00	1	Serial numbers of all entries	2	[{"changed": {"fields": ["Invoice number", "Receipt number"]}}]	17	1
49	2024-09-03 06:30:57.472786+00	19	Paymant  (bank) from Vasilica Moraru - pi - 03.09.2024 06:28 (60.00€)	3		10	1
50	2024-09-03 06:31:19.296333+00	1	Serial numbers of all entries	2	[]	17	1
51	2024-09-09 09:35:25.31482+00	32	Invoice 164/09/2024 from 09.09.2024 09:33 - Swetlana Donnerstag - sp - 	3		9	1
52	2024-09-09 17:51:31.918115+00	35	Invoice RE11 from 09.09.2024 17:47 - Antonia Gheorghiu - pi - 	3		9	1
53	2024-09-09 17:51:53.942709+00	1	Serial numbers of all entries	2	[{"changed": {"fields": ["Invoice number"]}}]	17	1
\.


--
-- Data for Name: django_content_type; Type: TABLE DATA; Schema: public; Owner: postgres
--

COPY public.django_content_type (id, app_label, model) FROM stdin;
1	admin	logentry
2	auth	permission
3	auth	group
4	contenttypes	contenttype
5	sessions	session
6	invoices	invoiceelement
7	invoices	proformaelement
8	invoices	proforma
9	invoices	invoice
10	payments	payment
11	payments	paymentelement
12	orders	orderelement
13	orders	offer
14	orders	offerelement
15	orders	order
16	persons	person
17	services	serial
18	services	currency
19	services	service
20	services	status
21	services	um
22	users	customuser
23	appointments	appointment
\.


--
-- Data for Name: django_migrations; Type: TABLE DATA; Schema: public; Owner: postgres
--

COPY public.django_migrations (id, app, name, applied) FROM stdin;
1	contenttypes	0001_initial	2024-05-23 08:09:15.498071+00
2	auth	0001_initial	2024-05-23 08:09:15.543536+00
3	users	0001_initial	2024-05-23 08:09:15.591068+00
4	admin	0001_initial	2024-05-23 08:09:15.614296+00
5	services	0001_initial	2024-05-23 08:09:15.650367+00
6	persons	0001_initial	2024-05-23 08:09:15.676762+00
7	orders	0001_initial	2024-05-23 08:09:15.841231+00
8	appointments	0001_initial	2024-05-23 08:09:15.885172+00
9	invoices	0001_initial	2024-05-23 08:09:16.020052+00
10	payments	0001_initial	2024-05-23 08:09:16.090209+00
11	sessions	0001_initial	2024-05-23 08:09:16.108346+00
\.


--
-- Data for Name: django_session; Type: TABLE DATA; Schema: public; Owner: postgres
--

COPY public.django_session (session_key, session_data, expire_date) FROM stdin;
pny0uvciytusnx9r7y5hayckkg7gsf70	.eJxVjEEOwiAQRe_C2hAEylCX7nsGMjCDVA0kpV0Z765NutDtf-_9lwi4rSVsnZcwk7iIszj9bhHTg-sO6I711mRqdV3mKHdFHrTLqRE_r4f7d1Cwl29twOVReTIRLIBjHjNqo3XOWmlQSH5ASwxeJWVsHJCctp4VQc4WLYr3B9NQN9U:1sA3WY:FMr704zGhs6h62HTVHEec59CsT9M3PLMrsXhwfiHGY4	2024-06-06 08:10:06.080391+00
vfxrmirafvrf7dgahkuy3eny62aclqut	.eJxVjEEOwiAQRe_C2hAEylCX7nsGMjCDVA0kpV0Z765NutDtf-_9lwi4rSVsnZcwk7iIszj9bhHTg-sO6I711mRqdV3mKHdFHrTLqRE_r4f7d1Cwl29twOVReTIRLIBjHjNqo3XOWmlQSH5ASwxeJWVsHJCctp4VQc4WLYr3B9NQN9U:1sHQOI:aAaVLnNrSciiJTLi3Sjx4vYfDicybuETufiodqPZgxU	2024-06-26 16:00:02.749304+00
ktz3nnwfjqiv857q39blsxlk1miz2k4u	.eJxVjEEOwiAQRe_C2hAEylCX7nsGMjCDVA0kpV0Z765NutDtf-_9lwi4rSVsnZcwk7iIszj9bhHTg-sO6I711mRqdV3mKHdFHrTLqRE_r4f7d1Cwl29twOVReTIRLIBjHjNqo3XOWmlQSH5ASwxeJWVsHJCctp4VQc4WLYr3B9NQN9U:1sMNX7:PRginQwRufplna9NFCzv6EwkH1W_VbQlsx3kR6PJT4w	2024-07-10 07:57:37.044332+00
c3yr9l2l358skpabmrytggjordti72ht	.eJxVjEEOwiAQRe_C2hAEylCX7nsGMjCDVA0kpV0Z765NutDtf-_9lwi4rSVsnZcwk7iIszj9bhHTg-sO6I711mRqdV3mKHdFHrTLqRE_r4f7d1Cwl29twOVReTIRLIBjHjNqo3XOWmlQSH5ASwxeJWVsHJCctp4VQc4WLYr3B9NQN9U:1sPznS:IXQ3QBGrmcAFvcoIPoTNWkPK35PBgOurr34PGxBRnXA	2024-07-20 07:25:26.883828+00
9bdkjz9ghkume4b2hh4tnd6e5qncraha	.eJxVjEEOwiAQRe_C2hAEylCX7nsGMjCDVA0kpV0Z765NutDtf-_9lwi4rSVsnZcwk7iIszj9bhHTg-sO6I711mRqdV3mKHdFHrTLqRE_r4f7d1Cwl29twOVReTIRLIBjHjNqo3XOWmlQSH5ASwxeJWVsHJCctp4VQc4WLYr3B9NQN9U:1sV4VX:CfFg4jgRXoBVWNWRZYDPuk0pIrEEdlokq5BEpWuT4Cg	2024-08-03 07:27:55.189118+00
jbiz4m0cpfhshz8xy2v1t2484ww12sgf	.eJxVjEEOwiAQRe_C2hAEylCX7nsGMjCDVA0kpV0Z765NutDtf-_9lwi4rSVsnZcwk7iIszj9bhHTg-sO6I711mRqdV3mKHdFHrTLqRE_r4f7d1Cwl29twOVReTIRLIBjHjNqo3XOWmlQSH5ASwxeJWVsHJCctp4VQc4WLYr3B9NQN9U:1saeAT:vQpLBu-s_QbbXG4vC1_yBqrbSIl1YkYqdqcU2LxDEBk	2024-08-18 16:33:13.331436+00
k6g6peiluqkfsczxv5htj40tbv6oe7be	.eJxVjEEOwiAQRe_C2hAEylCX7nsGMjCDVA0kpV0Z765NutDtf-_9lwi4rSVsnZcwk7iIszj9bhHTg-sO6I711mRqdV3mKHdFHrTLqRE_r4f7d1Cwl29twOVReTIRLIBjHjNqo3XOWmlQSH5ASwxeJWVsHJCctp4VQc4WLYr3B9NQN9U:1scUmR:kZ81avtiQkPuVT4DBFKqs0_f3OCICb6DrpU3HhboIig	2024-08-23 18:56:03.579008+00
xpnbdw9ic5o7ysnq3wpzn9bhyrrejxiu	.eJxVjEEOwiAQRe_C2hAEylCX7nsGMjCDVA0kpV0Z765NutDtf-_9lwi4rSVsnZcwk7iIszj9bhHTg-sO6I711mRqdV3mKHdFHrTLqRE_r4f7d1Cwl29twOVReTIRLIBjHjNqo3XOWmlQSH5ASwxeJWVsHJCctp4VQc4WLYr3B9NQN9U:1sdPST:2YbOiDvDUn_PGWKPcEgQWPvhacEe90SqyhAfE5kWfY0	2024-08-26 07:27:13.996614+00
3d97j4g5i5p688zmo6j9fj0sleq7hzvi	.eJxVjEEOwiAQRe_C2hAEylCX7nsGMjCDVA0kpV0Z765NutDtf-_9lwi4rSVsnZcwk7iIszj9bhHTg-sO6I711mRqdV3mKHdFHrTLqRE_r4f7d1Cwl29twOVReTIRLIBjHjNqo3XOWmlQSH5ASwxeJWVsHJCctp4VQc4WLYr3B9NQN9U:1siUWW:442PNSFqkRE962M9BbXzK6J_eoypjMSMYdDaqBaqdys	2024-09-09 07:52:24.0945+00
kvvgz2dfh5lt7y3bc3h79p4m2xq5kwyj	.eJxVjEEOwiAQRe_C2hAEylCX7nsGMjCDVA0kpV0Z765NutDtf-_9lwi4rSVsnZcwk7iIszj9bhHTg-sO6I711mRqdV3mKHdFHrTLqRE_r4f7d1Cwl29twOVReTIRLIBjHjNqo3XOWmlQSH5ASwxeJWVsHJCctp4VQc4WLYr3B9NQN9U:1snaIz:pQGEazUtBIi9feUO3QRHg7-vW9w_5t1hTvahMjb9fnc	2024-09-23 09:03:29.687269+00
8lm7h9v90tdryc1bh97ojh5x85k99igz	.eJxVjEEOwiAQRe_C2hAEylCX7nsGMjCDVA0kpV0Z765NutDtf-_9lwi4rSVsnZcwk7iIszj9bhHTg-sO6I711mRqdV3mKHdFHrTLqRE_r4f7d1Cwl29twOVReTIRLIBjHjNqo3XOWmlQSH5ASwxeJWVsHJCctp4VQc4WLYr3B9NQN9U:1spUyZ:tRaTqe_m10DRz31KqtXIIub3W-eUPBHvnO1BULrD8Yw	2024-09-28 15:46:19.468914+00
\.


--
-- Data for Name: invoices_invoice; Type: TABLE DATA; Schema: public; Owner: postgres
--

COPY public.invoices_invoice (id, created_at, modified_at, is_client, serial, number, deadline, value, description, cancellation_to_id, cancelled_from_id, created_by_id, currency_id, modified_by_id, person_id) FROM stdin;
46	2024-09-11 09:25:16.196601+00	2024-09-15 09:25:16.196601+00	f	??	???	2024-09-12	11.90	Beglaubigung - Kopie	\N	\N	1	1	1	108
52	2024-09-17 07:13:06.965652+00	2024-09-17 07:13:06.9657+00	t	RE	20	2024-09-16	85.00		\N	\N	1	1	1	208
34	2024-09-09 10:52:57.688167+00	2024-09-09 10:52:57.688167+00	t	RE	10	2024-09-09	308.00	Übersetzungen	\N	\N	1	1	1	55
21	2024-09-02 06:33:12.504482+00	2024-09-03 06:33:12.504482+00	t	RE	1	2024-09-03	60.00	Vollmacht - Geburtsurkunde	\N	\N	1	1	1	179
23	2024-09-04 04:43:36.302051+00	2024-09-04 04:43:36.310056+00	t	RE	3	2024-09-04	410.00		\N	\N	1	1	1	184
45	2024-09-05 09:27:03.869143+00	2024-09-15 09:27:03.869143+00	f	??	???	2024-09-05	11.90		\N	\N	1	1	1	108
25	2024-09-04 07:37:53.791721+00	2024-09-04 07:37:53.80116+00	t	RE	5	2024-09-04	240.00		\N	\N	1	1	1	178
36	2024-09-09 17:52:17.776345+00	2024-09-09 17:52:17.776388+00	t	RE	11	2024-09-10	100.00	Vollmacht -Vormund	\N	\N	1	1	1	193
27	2024-09-05 10:04:38.290794+00	2024-09-05 10:04:48.797126+00	f		1203-609722-6	2024-09-05	25.00		\N	\N	1	1	1	62
58	2024-09-19 10:17:15.92516+00	2024-09-19 10:17:15.92516+00	f		169/09/2024	2024-09-19	41.60		\N	\N	1	1	1	42
47	2024-09-04 09:39:47.237813+00	2024-09-15 09:39:47.237813+00	f	??	???	2024-09-04	10.00		\N	\N	1	1	1	206
22	2024-09-03 06:44:42.550733+00	2024-09-03 06:44:42.55959+00	t	RE	2	2024-09-03	100.00	Vollmacht - Auto	\N	\N	1	1	1	182
54	2024-09-18 15:06:39.477422+00	2024-09-18 15:06:39.483317+00	f	C147C08B	0050	2024-09-18	26.34		\N	\N	1	1	1	216
30	2024-09-05 11:31:41.614472+00	2024-09-05 11:31:41.622108+00	t	RE	8	2024-09-05	60.00		\N	\N	1	1	1	191
48	2024-09-10 09:43:27.787689+00	2024-09-15 09:43:27.787689+00	f	??	???	2024-09-10	30.00		\N	\N	1	1	1	207
24	2024-09-04 07:35:10.263106+00	2024-09-04 07:35:10.263106+00	t	RE	4	2024-09-04	90.00		\N	\N	1	1	1	181
26	2024-09-04 09:45:44.846058+00	2024-09-15 09:45:44.846058+00	f		6UEB/2024	2024-09-04	23.80		\N	\N	1	1	1	185
49	2024-09-16 18:01:38.755206+00	2024-09-16 18:01:49.570215+00	t	RE	19	2024-09-16	100.00		\N	\N	1	1	1	127
31	2024-09-06 06:35:49.171482+00	2024-09-06 06:35:49.180804+00	t	RE	9	2024-09-06	40.00		\N	\N	1	1	1	188
59	2024-09-18 10:19:09.227136+00	2024-09-19 10:19:09.227136+00	f		2024/02242/MA-A	2024-09-19	18.47	Buchhaltung September 2024	\N	\N	1	1	1	217
39	2024-09-10 10:37:44.684085+00	2024-09-11 10:37:44.684085+00	t	RE	14	2024-09-11	350.00		\N	\N	1	1	1	200
60	2024-09-19 10:41:22.290782+00	2024-09-19 10:41:22.301277+00	t	RE	24	2024-09-19	100.00		\N	\N	1	1	1	221
33	2024-09-09 09:36:26.601638+00	2024-09-09 09:36:34.509966+00	f		164/09/2024	2024-09-09	30.00		\N	\N	1	1	1	42
43	2024-09-13 12:21:02.079749+00	2024-09-13 12:21:02.079749+00	t	RE	18	2024-09-13	45.00	Führerschein	\N	\N	1	1	1	204
55	2024-09-18 15:26:14.421939+00	2024-09-18 15:26:14.421939+00	t	RE	22	2024-09-18	95.00		\N	\N	1	1	1	215
41	2024-09-12 12:08:06.547727+00	2024-09-12 12:08:06.558752+00	t	RE	16	2024-09-12	100.00		\N	\N	1	1	1	202
62	2024-09-19 17:27:29.566198+00	2024-09-19 17:27:29.566198+00	t	RE	26	2024-09-19	385.00		\N	\N	1	1	1	224
40	2024-09-12 07:35:34.540751+00	2024-09-12 07:35:34.540751+00	t	RE	15	2024-09-13	60.00		\N	\N	1	1	1	122
37	2024-09-09 17:54:03.070512+00	2024-09-09 17:54:03.07056+00	t	RE	12	2024-09-21	185.00		\N	\N	1	1	1	196
42	2024-09-13 11:28:42.245263+00	2024-09-13 11:28:52.631556+00	t	RE	17	2024-09-13	40.00		\N	\N	1	1	1	158
44	2024-09-15 09:16:31.130318+00	2024-09-15 09:16:31.130318+00	f		1203-609789-7	2024-09-15	25.00		\N	\N	1	1	1	62
61	2024-09-19 12:11:38.295036+00	2024-09-19 12:11:38.305125+00	t	RE	25	2024-09-19	85.00		\N	\N	1	1	1	219
56	2024-09-19 06:36:39.771951+00	2024-09-19 06:36:39.771951+00	t	RE	23	2024-09-19	70.00		\N	\N	1	1	1	218
38	2024-09-10 07:12:29.892908+00	2024-09-11 07:12:29.892908+00	t	RE	13	2024-09-11	299.00		\N	\N	1	1	1	194
50	2024-09-05 18:34:42.077048+00	2024-09-16 18:34:42.077048+00	f	??	???	2024-09-16	7.80		\N	\N	1	1	1	210
51	2024-09-17 07:11:42.676762+00	2024-09-17 07:11:42.682603+00	f	??	???	2024-09-17	8.99	SEPA	\N	\N	1	1	1	212
63	2024-09-19 09:11:27.043288+00	2024-09-20 09:11:27.043288+00	t	RE	27	2024-09-20	100.00		\N	\N	1	1	1	222
57	2024-09-11 08:20:52.353121+00	2024-09-19 08:20:52.353121+00	f	??	???	2024-09-11	9.90		\N	\N	1	1	1	210
53	2024-09-17 15:00:06.123404+00	2024-09-18 15:00:06.123404+00	t	RE	21	2024-09-18	70.00		\N	\N	1	1	1	209
29	2024-09-05 11:30:35.864145+00	2024-09-05 11:30:45.664873+00	t	RE	7	2024-09-05	300.00		\N	\N	1	1	1	180
28	2024-09-04 11:28:43.20451+00	2024-09-05 11:28:43.20451+00	t	RE	6	2024-09-05	100.00	Kostenträger: Cosmin-Beniamin Lingurar	\N	\N	1	1	1	192
\.


--
-- Data for Name: invoices_invoiceelement; Type: TABLE DATA; Schema: public; Owner: postgres
--

COPY public.invoices_invoiceelement (id, element_id, invoice_id) FROM stdin;
105	311	50
106	312	50
107	313	51
108	304	52
109	305	52
110	306	52
111	307	53
112	308	53
113	309	53
114	320	54
115	317	55
116	322	56
117	323	56
118	327	57
121	318	58
122	319	58
123	321	59
124	329	60
125	324	61
126	325	61
127	326	61
128	333	62
129	330	63
130	331	63
131	332	63
35	247	21
36	248	21
37	255	22
38	256	22
39	257	22
40	261	23
41	251	24
42	252	24
43	253	24
44	254	25
45	264	26
47	265	27
48	268	28
49	269	28
50	270	28
51	249	29
53	267	30
54	263	31
59	277	33
65	274	34
66	275	34
67	276	34
71	271	36
72	272	36
73	273	36
74	282	37
75	278	38
76	279	38
77	280	38
78	281	38
79	285	39
80	286	39
81	287	39
82	288	39
86	291	40
87	292	40
88	293	41
89	294	41
92	295	42
93	296	43
95	298	44
96	299	45
97	300	46
98	301	47
99	302	48
104	310	49
\.


--
-- Data for Name: invoices_proforma; Type: TABLE DATA; Schema: public; Owner: postgres
--

COPY public.invoices_proforma (id, created_at, modified_at, is_client, serial, number, deadline, value, description, created_by_id, currency_id, invoice_id, modified_by_id, person_id) FROM stdin;
1	2024-09-05 16:53:22.259685+00	2024-09-05 16:56:11.733334+00	t	PRO	1	2024-09-10	100.00	Vollmacht -Vormund	1	1	36	1	193
2	2024-09-09 17:36:03.815566+00	2024-09-09 17:36:16.908951+00	t	PRO	2	2024-09-21	185.00		1	1	37	1	196
3	2024-09-16 16:23:51.096013+00	2024-09-16 16:23:51.096062+00	t	PRO	3	2024-09-16	85.00		1	1	52	1	208
4	2024-09-18 15:23:51.924397+00	2024-09-18 15:23:51.924453+00	t	PRO	4	2024-09-18	95.00		1	1	55	1	215
5	2024-09-18 15:55:05.250657+00	2024-09-18 15:55:05.250711+00	t	PRO	5	2024-09-18	70.00		1	1	56	1	218
6	2024-09-19 13:59:33.986506+00	2024-09-19 14:01:30.916509+00	t	PRO	6	2024-09-30	100.00		1	1	\N	1	222
\.


--
-- Data for Name: invoices_proformaelement; Type: TABLE DATA; Schema: public; Owner: postgres
--

COPY public.invoices_proformaelement (id, element_id, proforma_id) FROM stdin;
1	271	1
2	272	1
3	273	1
4	282	2
5	304	3
6	305	3
7	306	3
8	317	4
9	322	5
10	323	5
11	330	6
12	331	6
13	332	6
\.


--
-- Data for Name: orders_offer; Type: TABLE DATA; Schema: public; Owner: postgres
--

COPY public.orders_offer (id, created_at, modified_at, deadline, serial, number, value, description, created_by_id, currency_id, modified_by_id, order_id, person_id, status_id) FROM stdin;
1	2024-09-09 11:21:28.316358+00	2024-09-09 11:29:08.942407+00	2024-10-09 11:21:00+00	A	1	600.00		1	1	1	\N	195	1
2	2024-09-10 08:39:55.065075+00	2024-09-10 08:43:24.435097+00	2024-10-10 08:39:00+00	A	2	380.00		1	1	1	\N	198	1
3	2024-09-14 06:45:29.663676+00	2024-09-14 06:47:22.852796+00	2024-10-14 06:43:00+00	A	3	580.00	Das Angebot bezieht sich auf folgende Unterlagen: GebU handschr, EheU, Zeugnis 2001 +Apo, Anh.z. Zeugnis 2001 +Apo, Juniorspez.-Diplom (Karte) 2004 +Apo, Anh.z. Juniorspez.-Diplom (Karte) 2004 +Apo, ArbB 5 S. 	1	1	1	\N	205	1
\.


--
-- Data for Name: orders_offerelement; Type: TABLE DATA; Schema: public; Owner: postgres
--

COPY public.orders_offerelement (id, description, quantity, price, offer_id, service_id, um_id) FROM stdin;
3	Ukrainisch-Deutsch (Nachweis Juniorspezialist 2014, 1 Seite)	1	32.00	1	1	1
4	Ukrainisch-Deutsch (Nachweis Schulabschluss 11. Kl. 2012,  1 Seite)	1	32.00	1	1	1
5	Ukrainisch-Deutsch (Nachweis Schulabschluss 9. Kl. 2010,  1 Seite)	1	32.00	1	1	1
1	Ukrainisch-Deutsch (Bachelor 2016 + 8 Seiten Anhang)	1	269.00	1	1	1
2	Ukrainisch-Deutsch (Magister 2018 + 7 Seiten Anhang)	1	235.00	1	1	1
6	Ukrainisch - Deutsch (3 Zeugnisse, jeweils mit Noten-Übersicht)	1	380.00	2	1	1
7	Ukrainisch - Deutsch	1	580.00	3	1	1
\.


--
-- Data for Name: orders_order; Type: TABLE DATA; Schema: public; Owner: postgres
--

COPY public.orders_order (id, created_at, modified_at, is_client, deadline, serial, number, value, description, created_by_id, currency_id, modified_by_id, person_id, status_id) FROM stdin;
34	2024-06-13 14:54:26.087044+00	2024-06-13 14:55:29.963314+00	f	2024-06-13 14:54:00+00	P	8	25.00	Apostille - Lohnsteuerbescheinigung	1	1	1	62	5
40	2024-06-18 11:52:20.895083+00	2024-06-19 11:45:36.84781+00	t	2024-06-18 11:52:00+00	B	32	75.00	Vollmacht - Geburtsurkunde	1	1	1	72	5
41	2024-06-19 06:55:07.276376+00	2024-06-21 07:58:36.976445+00	t	2024-06-19 06:55:00+00	B	33	140.00	Vollmacht - Reisetitel und  Vollmacht - Pässe und Geburtsurkunden	1	1	1	75	5
36	2024-06-17 07:36:17.175945+00	2024-06-17 11:52:33.668121+00	t	2024-06-17 07:36:00+00	B	28	75.00	Einverständniserklärung für Minderjährige	1	1	1	65	5
39	2024-06-17 08:16:45.699385+00	2024-06-17 14:17:04.692544+00	t	2024-06-17 08:16:00+00	B	31	75.00	Vollmacht - Auto	1	1	1	68	5
9	2024-05-28 06:49:54.234632+00	2024-06-03 13:42:33.824257+00	t	2024-05-28 06:49:00+00	B	7	45.00	Ledigkeitsbescheinigung	1	1	1	30	5
20	2024-06-06 10:43:43.740593+00	2024-06-07 07:29:10.663496+00	f	2024-06-06 10:43:43.736906+00	P	6	110.00	Anlage zu Diplom	1	1	1	42	5
38	2024-06-17 08:07:00.110876+00	2024-06-18 11:53:36.822724+00	t	2024-06-17 08:07:00+00	B	30	75.00	Einverständniserklärung für Minderjährige	1	1	1	67	5
19	2024-06-06 10:37:49.418154+00	2024-06-07 07:29:28.024233+00	t	2024-06-06 10:37:49.414904+00	B	14	175.00	Anlage zu Diplom	1	1	1	41	5
1	2024-05-23 08:13:31.267949+00	2024-05-29 06:27:44.948134+00	t	2024-05-30 12:13:00+00	B	1	75.00	Vollmacht - Verkauf des Autos	1	1	1	1	5
10	2024-05-28 08:24:56.094284+00	2024-06-03 13:42:54.616582+00	f	2024-05-28 08:24:00+00	P	3	15.00	Ledigkeitsbescheinigung	1	1	1	24	5
33	2024-06-13 14:48:06.455012+00	2024-06-18 13:39:24.334365+00	t	2024-06-13 14:48:00+00	B	26	100.00	2 Geburtsurkunden	1	1	1	23	5
28	2024-06-10 13:19:05.494141+00	2024-06-18 13:40:51.50485+00	f	2024-06-10 13:19:00+00	P	7	90.00	5 Geburtsurkunden und 1 Heiratsurkunde	1	1	1	24	5
37	2024-06-17 07:49:41.45367+00	2024-06-19 06:49:06.083397+00	t	2024-06-17 07:49:00+00	B	29	75.00	Einverständniserklärung für Minderjährige	1	1	1	66	5
105	2024-08-06 09:00:45.566108+00	2024-08-06 15:13:04.78373+00	t	2024-08-06 11:00:00+00	B	83	55.00	Einverständniserklärung für Minderjährige	1	1	1	143	5
6	2024-05-27 10:19:10.427717+00	2024-05-29 12:04:38.335677+00	f	2024-05-27 20:30:00+00	P	1	30.00	Certificate Alexa si Timofte - colationare	1	1	1	24	5
32	2024-06-13 11:07:20.859281+00	2024-07-12 09:50:41.564058+00	t	2024-06-13 11:07:00+00	B	25	40.00	Urteil - Auzug	1	1	1	61	5
8	2024-05-27 12:20:16.902559+00	2024-05-29 12:05:39.29427+00	f	2024-05-28 12:20:00+00	P	2	15.00	Certificat Aostacioae - colationare	1	1	1	24	5
25	2024-06-07 13:36:57.232706+00	2024-06-24 05:21:47.576274+00	t	2024-06-07 13:36:00+00	B	19	210.00	2 Protokolle	1	1	1	47	5
14	2024-06-03 07:35:24.062323+00	2024-06-24 05:22:16.307584+00	t	2024-06-10 08:00:00+00	B	10	185.00	Urteil	1	1	1	36	5
27	2024-06-10 13:17:28.403049+00	2024-06-24 05:29:54.068694+00	t	2024-06-10 13:17:00+00	B	21	270.00	5 Geburtsurkunden und 1 Heiratsurkunde	1	1	1	53	5
4	2024-05-25 09:38:25.891155+00	2024-05-27 08:51:18.899165+00	t	2024-05-30 09:40:00+00	B	4	70.50	Vollmacht - Anwalt	1	1	1	16	5
2	2024-05-23 10:17:31.908629+00	2024-05-27 08:51:34.857672+00	t	2024-05-30 14:17:00+00	B	2	75.00		1	1	1	8	5
16	2024-06-05 12:00:37.541394+00	2024-06-11 16:22:21.308919+00	f	2024-06-05 12:00:00+00	P	5	190.00	Urteil, Diplom mit Anlage zum Diplom	1	1	1	24	5
23	2024-06-06 11:11:51.676478+00	2024-06-11 16:25:16.695867+00	t	2024-06-06 11:11:00+00	B	17	0.00	Vollmacht - Ausweis und Reisepass	1	1	1	45	6
5	2024-05-27 09:35:45.966838+00	2024-05-30 06:04:38.906579+00	t	2024-05-28 07:30:00+00	B	5	100.00	2 Geburtsurkunden	1	1	1	23	5
18	2024-06-06 09:09:32.242364+00	2024-06-10 10:26:25.98003+00	t	2024-06-14 09:09:00+00	B	13	125.00	Erklärung und Vollmacht - Pässe	1	1	1	40	5
17	2024-06-06 05:01:29.706774+00	2024-06-10 10:48:18.018457+00	t	2024-06-06 05:01:00+00	B	12	75.00	Vollmacht -  Einschulung	1	1	1	39	5
7	2024-05-27 10:44:09.345975+00	2024-05-30 06:04:53.891901+00	t	2024-05-28 10:44:00+00	B	6	40.00		1	1	1	25	5
45	2024-06-25 05:54:49.848294+00	2024-06-26 07:38:35.562324+00	t	2024-06-25 05:54:00+00	B	37	75.00	Einverständniserklärung für Minderjährige	1	1	1	81	5
21	2024-06-06 10:55:58.394973+00	2024-06-10 11:11:07.400018+00	t	2024-06-06 10:55:00+00	B	15	60.00	Erklärung	1	1	1	43	5
46	2024-06-25 15:42:15.555282+00	2024-06-26 07:47:12.60917+00	t	2024-06-25 15:42:00+00	B	38	100.00	Vollmacht Kennzeichnen	1	1	1	82	5
44	2024-06-24 13:45:52.671747+00	2024-06-27 03:20:13.344673+00	t	2024-06-24 13:45:00+00	B	36	75.00	Einverständniserklärung für Minderjährige	1	1	1	80	5
22	2024-06-06 11:06:22.885915+00	2024-06-10 11:55:52.580903+00	t	2024-06-06 11:06:00+00	B	16	75.00	Vollmacht - Vertretung	1	1	1	44	5
42	2024-06-24 05:18:52.627342+00	2024-06-27 03:20:43.454178+00	t	2024-06-24 05:18:00+00	B	34	58.00	Geburtsurkunde	1	1	1	78	5
3	2024-05-24 07:52:17.612736+00	2024-05-30 06:15:29.175952+00	t	2024-05-30 13:50:00+00	B	3	75.00		1	1	1	14	5
30	2024-06-11 07:57:36.256718+00	2024-06-13 06:32:22.008703+00	t	2024-06-11 07:57:00+00	B	23	110.00	Vollmacht zur Vertretung bei der Scheidung	1	1	1	55	5
31	2024-06-12 06:44:05.801457+00	2024-06-13 06:32:52.377936+00	t	2024-06-12 06:44:00+00	B	24	115.00	2 Einverständniserklärungen für Minderjährige	1	1	1	57	5
12	2024-05-30 06:02:38.307496+00	2024-05-31 04:55:24.300171+00	t	2024-05-30 12:30:00+00	B	9	50.00	Bankkarte beantragen	1	1	1	35	5
13	2024-05-30 06:16:35.01371+00	2024-05-31 04:55:33.387982+00	f	2024-05-30 12:30:00+00	P	4	50.00	Bankkarte beantragen	1	1	1	31	5
11	2024-05-29 20:44:23.2786+00	2024-05-31 04:56:32.013103+00	t	2024-05-30 07:00:00+00	B	8	0.00	Einverständniserklärung für Minderjährige	1	1	1	34	6
49	2024-06-27 12:11:49.949364+00	2024-07-01 05:43:08.827406+00	t	2024-06-27 12:11:00+00	B	41	185.00	Begründung	1	1	1	88	5
29	2024-06-11 07:53:34.100196+00	2024-06-13 09:03:12.259722+00	t	2024-06-11 07:53:00+00	B	22	70.00	Vollmacht zur Vertretung in der Erbfolge	1	1	1	54	5
15	2024-06-03 13:39:43.472904+00	2024-06-11 13:56:12.312081+00	t	2024-06-03 13:39:00+00	B	11	220.00	Diplom und Anlage zum Diplom	1	1	1	37	5
26	2024-06-07 13:49:40.887871+00	2024-06-11 13:56:37.447573+00	t	2024-06-07 13:49:00+00	B	20	55.00	Führungszeugnis	1	1	1	48	5
24	2024-06-07 13:32:42.592406+00	2024-06-11 14:07:31.763896+00	t	2024-06-07 13:32:00+00	B	18	90.00	2 Geburtsurkunden	1	1	1	46	5
35	2024-06-14 06:04:27.565853+00	2024-06-14 10:31:55.814884+00	t	2024-06-18 06:04:00+00	B	27	100.00	Urteil - Auzug	1	1	1	63	5
51	2024-07-01 06:57:00.187088+00	2024-07-01 13:00:11.9521+00	t	2024-07-01 06:57:00+00	B	43	75.00	Einverständniserklärung für Minderjährige	1	1	1	92	5
47	2024-06-27 11:00:18.554037+00	2024-07-01 15:46:53.095366+00	t	2024-06-27 11:00:00+00	B	39	75.00	Einverständniserklärung für Minderjährige	1	1	1	86	5
50	2024-07-01 06:43:42.066708+00	2024-07-01 15:47:47.772205+00	t	2024-07-01 06:43:00+00	B	42	75.00	Einverständniserklärung für Minderjährige	1	1	1	91	5
52	2024-07-02 10:35:46.834648+00	2024-07-02 10:36:47.40407+00	f	2024-07-02 10:35:00+00	P	9	17.85	Empfehlungsschreiben	1	1	1	89	5
48	2024-06-27 11:34:11.659224+00	2024-07-06 05:43:58.163106+00	t	2024-06-27 11:34:00+00	B	40	70.00	Empfehlungsschreiben	1	1	1	87	5
109	2024-08-08 11:37:21.360167+00	2024-08-12 10:38:30.41859+00	t	2024-08-15 11:37:00+00	B	87	50.00	Geburtsurkunde	1	1	1	147	5
61	2024-07-09 10:41:39.495363+00	2024-07-10 06:30:13.707731+00	t	2024-07-09 10:41:00+00	B	49	0.00	Vollmacht - Anwalt	1	1	1	99	6
59	2024-07-09 08:44:15.543113+00	2024-07-17 08:08:05.812307+00	t	2024-07-09 08:44:00+00	B	48	125.00	Geburtsurkunde	1	1	1	100	5
57	2024-07-06 07:20:58.719548+00	2024-07-17 08:08:18.763525+00	t	2024-07-06 07:20:00+00	B	47	50.00	Geburtsurkunde	1	1	1	98	5
104	2024-08-05 08:25:37.335174+00	2024-08-07 17:06:56.699308+00	f	2024-08-08 08:25:00+00	P	22	15.00	Führerschein - Melnic	1	1	1	24	5
62	2024-07-10 06:33:18.925472+00	2024-07-10 11:17:09.677613+00	t	2024-07-10 06:33:00+00	B	50	70.00	Einverständniserklärung für Minderjährige	1	1	1	101	5
58	2024-07-06 07:22:11.930351+00	2024-07-25 06:36:44.926628+00	f	2024-07-06 07:22:00+00	P	11	15.00	Geburtsurkunde	1	1	1	24	5
102	2024-08-04 18:13:21.973936+00	2024-08-05 11:03:39.611721+00	t	2024-08-06 18:13:00+00	B	81	180.00	1 Diplom, 1 Anlage zum Diplom	1	1	1	140	5
60	2024-07-09 08:49:18.417406+00	2024-07-25 06:37:10.426766+00	f	2024-07-09 08:49:00+00	P	12	15.00	Geburtsurkunde	1	1	1	24	5
55	2024-07-03 05:19:57.323518+00	2024-07-03 10:39:22.655024+00	t	2024-07-03 08:19:00+00	B	45	40.00	Vollmacht - Verkauf des Autos	1	1	1	97	5
99	2024-08-04 16:40:14.765365+00	2024-08-05 11:11:07.698177+00	t	2024-08-05 16:40:00+00	B	78	65.00	Medizinische Zertifikat	1	1	1	137	5
100	2024-08-04 17:07:47.213823+00	2024-08-19 11:33:32.333673+00	t	2024-08-12 17:07:00+00	B	79	100.00	Einverständniserklärung für Minderjährige	1	1	1	138	5
54	2024-07-02 10:45:29.998695+00	2024-07-06 05:49:03.300239+00	f	2024-07-02 10:45:00+00	P	10	172.55	3 Zertifikate	1	1	1	94	5
53	2024-07-02 10:43:03.813289+00	2024-07-06 05:49:32.840108+00	t	2024-07-02 10:43:00+00	B	44	315.00	3 Zertifikate	1	1	1	96	5
65	2024-07-11 07:52:41.557154+00	2024-07-12 08:45:13.780376+00	t	2024-07-11 07:52:00+00	B	52	50.00	Einverständniserklärung für Minderjährige	1	1	1	103	5
122	2024-08-16 11:49:32.866901+00	2024-08-20 08:11:09.14925+00	t	2024-08-17 11:49:00+00	B	97	40.00	Zertifikat	1	1	1	165	5
43	2024-06-24 06:01:33.7602+00	2024-09-19 07:04:47.624766+00	t	2024-06-24 06:01:00+00	B	35	0.00	1 Geburtsurkunde und 1 Heiratsurkunde	1	1	1	79	6
66	2024-07-12 09:26:50.57345+00	2024-07-12 09:27:36.59156+00	t	2024-07-12 09:26:00+00	B	53	70.00	Vollmacht - Geburtsurkunde	1	1	1	104	5
56	2024-07-03 13:34:21.477559+00	2024-09-09 11:11:42.741922+00	t	2024-07-03 13:34:00+00	B	46	150.00	Einverständniserklärung für Minderjährige	1	1	1	55	5
71	2024-07-18 07:25:16.906084+00	2024-07-22 09:11:22.513093+00	t	2024-07-18 07:25:00+00	B	57	80.00	Einverständniserklärung für Minderjährige	1	1	1	109	5
101	2024-08-04 17:08:47.593555+00	2024-08-12 09:25:07.036626+00	t	2024-08-04 17:08:00+00	B	80	50.00	Führerschein	1	1	1	139	5
94	2024-07-29 12:36:23.499146+00	2024-08-12 09:38:58.67656+00	t	2024-07-31 12:36:00+00	B	73	465.00	2 Urteile	1	1	1	119	5
79	2024-07-23 06:43:56.631797+00	2024-07-25 11:12:28.369229+00	f	2024-07-23 06:43:00+00	P	18	80.00	Urteil - Alexa	1	1	1	24	5
83	2024-07-24 08:29:09.559561+00	2024-08-12 09:39:09.508674+00	t	2024-07-30 08:29:00+00	B	65	55.00	Geburtsurkunde	1	1	1	119	5
78	2024-07-23 06:42:51.758805+00	2024-07-25 11:12:41.877676+00	t	2024-07-26 06:42:00+00	B	61	240.00	Urteil	1	1	1	114	5
63	2024-07-11 07:19:34.977933+00	2024-07-16 06:28:43.126807+00	t	2024-07-11 07:19:00+00	B	51	50.00	Führerschein	1	1	1	102	5
64	2024-07-11 07:22:33.999305+00	2024-07-16 06:28:53.346242+00	f	2024-07-11 07:22:00+00	P	13	15.00	Führerschein	1	1	1	24	5
103	2024-08-05 08:12:39.571036+00	2024-09-11 07:51:41.432311+00	t	2024-08-05 08:12:00+00	B	82	610.00	Intermediere adeverina celibat	1	1	1	141	5
123	2024-08-22 09:31:26.911294+00	2024-08-27 09:28:42.88454+00	t	2024-08-30 09:30:00+00	B	98	195.00	2 Vollmachten - Vertretung	1	1	1	72	5
86	2024-07-24 13:24:54.786268+00	2024-07-26 10:36:58.477114+00	t	2024-07-29 13:24:00+00	B	67	55.00	Geburtsurkunde	1	1	1	121	5
69	2024-07-16 10:09:22.199014+00	2024-07-19 05:36:04.603402+00	t	2024-07-16 10:09:00+00	B	56	140.00	1 Heiratsurkunde und 2 Geburtsurkunden	1	1	1	107	5
88	2024-07-25 06:51:18.160797+00	2024-07-26 10:37:13.197421+00	t	2024-07-31 06:51:00+00	B	69	55.00	Steuerbescheinigung	1	1	1	123	5
84	2024-07-24 09:54:55.751276+00	2024-07-25 12:59:01.512798+00	f	2024-07-29 09:54:00+00	P	19	15.00	Geburtsurkunde - Matraș	1	1	1	24	5
70	2024-07-16 10:24:46.697726+00	2024-07-19 05:36:13.712678+00	f	2024-07-16 10:24:00+00	P	14	45.00	1 Heiratsurkunde und 2 Geburtsurkunden - Varga	1	1	1	24	5
81	2024-07-23 08:34:45.097517+00	2024-07-25 12:59:19.677813+00	t	2024-07-26 08:34:00+00	B	63	85.00	Vollmacht - Vertretung	1	1	1	116	5
73	2024-07-19 05:34:53.970141+00	2024-07-20 07:41:36.207281+00	f	2024-07-19 05:34:00+00	P	15	25.00	Geburtsurkunde Kruzalski	1	1	1	42	5
72	2024-07-18 09:52:23.088108+00	2024-07-20 07:41:43.51368+00	t	2024-07-18 09:52:00+00	B	58	45.00	Geburtsurkunde	1	1	1	110	5
89	2024-07-25 12:10:14.769284+00	2024-07-26 10:37:21.221706+00	f	2024-07-31 12:10:00+00	P	20	15.00	Steuerbescheinigung - Savuț	1	1	1	24	5
90	2024-07-25 12:51:09.440138+00	2024-07-26 10:37:27.261654+00	f	2024-07-31 12:51:00+00	P	21	15.00	Geburtsurkunde - Chetrari	1	1	1	24	5
80	2024-07-23 08:29:26.458996+00	2024-07-26 10:40:53.371724+00	t	2024-07-26 08:29:00+00	B	62	75.00	Einverständniserklärung für Minderjährige	1	1	1	115	5
92	2024-07-26 09:18:14.010642+00	2024-07-31 08:35:29.190448+00	t	2024-07-31 09:18:00+00	B	71	170.00	Vollmacht - Geburtsurkunde / Vollmacht - Ledigkeitsbescheingung	1	1	1	127	5
93	2024-07-29 11:05:58.067916+00	2024-08-01 06:38:58.215019+00	t	2024-07-31 11:05:00+00	B	72	55.00	Einverständniserklärung für Minderjährige	1	1	1	130	5
85	2024-07-24 11:54:54.936504+00	2024-07-31 05:31:20.100303+00	t	2024-07-31 11:54:00+00	B	66	70.00	Medizinische Zertifikat	1	1	1	120	5
76	2024-07-20 07:59:18.240396+00	2024-07-24 06:15:08.334052+00	t	2024-07-25 07:59:00+00	B	60	150.00	Urteil und Heiratsurkunde	1	1	1	112	5
77	2024-07-22 06:08:52.172574+00	2024-07-24 06:15:17.288722+00	f	2024-07-22 06:08:00+00	P	17	75.00	Urteil und Heiratsurkunde - Zaharia	1	1	1	24	5
67	2024-07-16 06:24:50.265424+00	2024-07-23 08:36:54.896969+00	t	2024-07-16 06:24:00+00	B	54	150.00	Einverständniserklärung für Minderjährige und Vollmacht für Pass	1	1	1	105	5
74	2024-07-20 07:18:43.498663+00	2024-07-24 06:15:26.646368+00	t	2024-07-26 07:18:00+00	B	59	150.00	Medizinische Zertifikate	1	1	1	111	5
75	2024-07-20 07:49:45.331912+00	2024-07-24 06:15:33.923364+00	f	2024-07-20 07:49:00+00	P	16	60.00	Medizinische Zertifikate - Bamboi	1	1	1	24	5
82	2024-07-23 10:38:14.078161+00	2024-07-24 07:57:12.658711+00	t	2024-07-26 10:38:00+00	B	64	75.00	Einverständniserklärung für Minderjährige	1	1	1	117	5
91	2024-07-26 06:10:01.079802+00	2024-07-31 09:24:26.174358+00	t	2024-07-31 06:10:00+00	B	70	150.00	2 Vollmacht - Vertretung	1	1	1	124	5
96	2024-07-31 05:29:31.346982+00	2024-07-31 10:49:11.898672+00	t	2024-08-02 05:29:00+00	B	75	55.00	Einverständniserklärung für Minderjährige	1	1	1	132	5
95	2024-07-29 14:23:38.59108+00	2024-08-01 08:45:10.181883+00	t	2024-07-29 14:23:00+00	B	74	230.00	6 x Entgeltabrechnung	1	1	1	131	5
97	2024-08-01 06:48:27.342843+00	2024-08-01 12:38:13.213289+00	t	2024-08-02 06:48:00+00	B	76	65.00	Einverständniserklärung für Minderjährige	1	1	1	135	5
134	2024-09-02 07:43:25.337959+00	2024-09-03 06:43:24.348074+00	t	2024-09-02 11:43:00+00	B	107	60.00	Vollmacht - Geburtsurkunde	1	1	1	179	5
177	2024-09-18 15:05:07.657908+00	2024-09-18 15:05:59.984892+00	f	2024-09-18 15:04:00+00	P	45	26.34	Abo / 16.09.2024 - 16.10.2024	1	1	1	216	5
139	2024-09-03 08:06:32.0277+00	2024-09-04 10:30:01.062509+00	t	2024-09-06 08:06:00+00	B	112	75.00	Einverständniserklärung für Minderjährige	1	1	1	183	5
118	2024-08-14 05:52:56.807456+00	2024-08-16 07:17:57.844386+00	t	2024-08-23 05:52:00+00	B	94	90.00	Vollmacht - Vertretung Bank	1	1	1	160	5
116	2024-08-13 12:08:16.384685+00	2024-08-16 08:16:43.723479+00	t	2024-08-16 12:08:00+00	B	92	90.00	Vollmacht - Vertretung	1	1	1	157	5
68	2024-07-16 09:38:01.875204+00	2024-08-16 15:54:37.693806+00	t	2024-07-16 09:38:00+00	B	55	0.00	Einverständniserklärung für Minderjährige	1	1	1	106	6
183	2024-09-19 10:30:57.32786+00	2024-09-19 10:40:11.743685+00	t	2024-09-25 10:30:00+00	B	135	100.00	Polizei - Berichte	1	1	1	221	3
153	2024-09-10 06:59:36.137859+00	2024-09-13 12:22:26.524841+00	t	2024-09-13 06:59:00+00	B	122	50.00	Suspendare alocatie	1	1	1	197	5
167	2024-09-16 16:22:13.436293+00	2024-09-17 07:04:06.973585+00	t	2024-09-17 16:22:00+00	B	128	85.00	Einverständniserklärung für Minderjährige	1	1	1	208	5
143	2024-09-04 14:08:12.646485+00	2024-09-04 14:08:56.487948+00	f	2024-09-04 14:07:00+00	P	28	23.80	Führerschein - Takou	1	1	1	185	5
120	2024-08-15 12:52:07.500342+00	2024-08-26 09:56:26.469707+00	f	2024-08-19 12:51:00+00	P	25	47.60	2 Geburtsurkunde - Zhulanova	1	1	1	162	5
141	2024-09-04 08:30:40.985891+00	2024-09-05 05:51:55.19884+00	t	2024-09-06 08:30:00+00	B	114	45.00	Führerschein	1	1	1	187	5
138	2024-09-03 06:42:02.256433+00	2024-09-05 10:21:06.821809+00	t	2024-09-11 06:41:00+00	B	111	100.00	Vollmacht - Auto	1	1	1	182	5
145	2024-09-05 11:14:45.211586+00	2024-09-05 11:14:58.148539+00	f	2024-09-05 11:14:00+00	P	30	15.00	Heiratsurkunde - Matifălean	1	1	1	24	5
128	2024-08-26 11:05:59.58304+00	2024-08-27 09:37:23.358028+00	f	2024-08-30 11:05:00+00	P	27	45.00	3 Zertifikate - Mahu	1	1	1	24	5
106	2024-08-07 09:03:52.350961+00	2024-08-09 06:21:11.60356+00	t	2024-08-12 09:03:00+00	B	84	100.00	Vollmacht - Geburtsurkunde	1	1	1	144	5
108	2024-08-07 17:22:30.209396+00	2024-08-12 08:53:07.61398+00	t	2024-08-16 17:22:00+00	B	86	130.00	Vollmacht Reisepass, Einverständniserklärung für Minderjährige	1	1	1	146	5
107	2024-08-07 17:15:51.42436+00	2024-08-12 08:54:37.423941+00	t	2024-08-08 17:15:00+00	B	85	55.00	Vollmacht - Reisepass	1	1	1	145	5
130	2024-08-27 09:32:52.757862+00	2024-08-27 12:39:36.93529+00	t	2024-08-27 09:32:00+00	B	103	50.00	Vollmacht - Vertretung	1	1	1	173	5
126	2024-08-26 08:48:37.764213+00	2024-08-27 12:42:59.83141+00	f	2024-08-30 08:48:00+00	P	26	45.00	3 Zertifikate - Simonyak	1	1	1	24	5
171	2024-09-17 07:10:35.493975+00	2024-09-17 07:17:42.597526+00	f	2024-09-17 07:10:00+00	P	41	8.99	Abo - E-Plus	1	1	1	212	5
136	2024-09-02 16:34:30.824482+00	2024-09-05 13:16:02.312074+00	t	2024-09-13 16:34:00+00	B	109	90.00	Vollmacht - Vertretung	1	1	1	181	5
132	2024-08-27 13:07:33.034389+00	2024-08-28 12:25:16.810743+00	t	2024-08-30 13:07:00+00	B	105	100.00	Vollmacht - Reisepass	1	1	1	175	5
161	2024-09-15 09:13:55.6353+00	2024-09-15 09:14:42.04761+00	f	2024-09-12 09:13:00+00	P	34	25.00	Apostille - Vertrag	1	1	1	62	5
179	2024-09-18 15:52:20.367576+00	2024-09-19 13:37:20.994619+00	t	2024-09-20 15:50:00+00	B	133	70.00	Vollmacht - Erbfolge	1	1	1	218	5
163	2024-09-15 09:23:53.642831+00	2024-09-15 09:24:21.101537+00	f	2024-09-11 09:23:00+00	P	36	11.90	Beglaubigung - Kopie	1	1	1	108	5
175	2024-09-18 14:48:55.28423+00	2024-09-19 06:31:32.418494+00	t	2024-09-18 14:48:00+00	B	132	95.00	Arbeitgeberbescheinigung	1	1	1	215	5
151	2024-09-09 10:29:41.127462+00	2024-09-19 07:10:31.467125+00	t	2024-09-20 10:28:00+00	B	120	299.00	Arbeitsvertrag und Bestätigung	1	1	1	194	5
149	2024-09-06 10:11:39.365386+00	2024-09-09 10:54:02.091565+00	t	2024-09-06 10:11:00+00	B	119	308.00	2 Schulbescheinigungen und 1 Abmeldung	1	1	1	55	5
165	2024-09-15 09:42:16.239118+00	2024-09-15 09:42:57.581444+00	f	2024-09-10 09:41:00+00	P	38	30.00	Lycamobile	1	1	1	207	5
155	2024-09-11 07:17:54.60212+00	2024-09-16 06:29:52.247964+00	t	2024-09-13 07:17:00+00	B	123	350.00	Jahreszeugnis	1	1	1	200	5
181	2024-09-19 08:19:39.089276+00	2024-09-19 08:20:10.853729+00	f	2024-09-19 08:19:00+00	P	47	9.90	Lieferung	1	1	1	210	5
173	2024-09-18 06:13:27.952851+00	2024-09-20 07:41:13.438622+00	t	2024-09-18 06:12:00+00	B	131	60.00	Impfausweis	1	1	1	214	4
169	2024-09-16 17:57:34.563613+00	2024-09-20 07:41:44.60889+00	t	2024-09-20 17:57:00+00	B	130	100.00	Ledigkeitsbescheinigung	1	1	1	127	4
159	2024-09-13 12:01:20.431908+00	2024-09-20 07:42:17.18795+00	t	2024-09-18 12:01:00+00	B	127	45.00	Führerschein	1	1	1	204	4
185	2024-09-19 17:25:00.765556+00	2024-09-20 07:45:32.896991+00	t	2024-10-04 17:24:00+00	B	137	385.00	Vollmacht - Ledigkeitsbescheinigung	1	1	1	224	3
147	2024-09-05 11:24:46.311047+00	2024-09-20 10:07:18.211718+00	t	2024-09-27 11:24:00+00	B	117	100.00	Vollmacht - Rente	1	1	1	192	5
124	2024-08-23 09:48:35.292526+00	2024-09-12 11:24:54.332875+00	t	2024-08-23 09:47:00+00	B	99	45.00	Visitenkarten	1	1	1	167	5
157	2024-09-12 07:00:40.671238+00	2024-09-12 12:58:59.066598+00	t	2024-09-13 07:00:00+00	B	125	100.00		1	1	1	202	5
110	2024-08-08 11:39:59.234806+00	2024-08-12 10:38:15.879225+00	t	2024-08-08 11:39:00+00	B	88	50.00	Bescheinigung	1	1	1	148	5
114	2024-08-09 15:40:37.161016+00	2024-08-12 13:22:17.577377+00	t	2024-08-14 15:40:00+00	B	90	75.00	Einverständniserklärung für Minderjährige	1	1	1	152	5
125	2024-08-26 08:46:37.491464+00	2024-08-27 12:42:51.79775+00	t	2024-08-30 08:45:00+00	B	100	210.00	3 Zertifikate	1	1	1	168	5
140	2024-09-04 04:40:48.135552+00	2024-09-04 04:42:57.934029+00	t	2024-09-04 04:40:00+00	B	113	410.00	Sterbeurkunden	1	1	1	184	5
156	2024-09-11 14:09:31.628747+00	2024-09-12 12:59:07.396595+00	t	2024-09-12 14:09:00+00	B	124	60.00	Erklärung Name	1	1	1	122	5
144	2024-09-05 10:03:04.140092+00	2024-09-05 10:06:43.012951+00	f	2024-09-05 10:02:00+00	P	29	25.00	Apostille - Jahreszeugnis	1	1	1	62	5
178	2024-09-18 15:12:29.659017+00	2024-09-18 15:14:00.651243+00	f	2024-09-18 15:12:00+00	P	46	18.47		1	1	1	217	5
131	2024-08-27 12:45:01.754203+00	2024-08-28 12:25:07.009789+00	t	2024-08-30 12:44:00+00	B	104	55.00	Bescheinigung über den Verzicht auf Kindergeld	1	1	1	174	5
146	2024-09-05 11:17:13.54736+00	2024-09-05 11:19:21.810276+00	t	2024-09-05 11:16:00+00	B	116	60.00	Heiratsurkunde	1	1	1	191	5
170	2024-09-16 18:30:32.305805+00	2024-09-17 07:04:36.528362+00	f	2024-09-05 18:30:00+00	P	40	7.80	Lieferung	1	1	1	210	5
133	2024-08-29 09:35:01.702802+00	2024-08-29 09:35:17.224215+00	t	2024-08-29 09:34:00+00	B	106	45.00	Vollmacht - Vertretung	1	1	1	177	5
160	2024-09-14 06:35:45.353181+00	2024-09-17 08:33:34.029377+00	f	2024-09-14 06:35:00+00	P	33	15.00	Führerschein - Andriuta	1	1	1	24	4
117	2024-08-14 05:49:56.370802+00	2024-08-16 08:17:08.0895+00	t	2024-08-14 14:48:00+00	B	93	60.00	Vollmacht - Rücknahme der Schulakte	1	1	1	158	5
111	2024-08-08 12:46:28.756819+00	2024-08-16 12:00:16.409488+00	t	2024-08-08 12:46:00+00	B	89	68.00	Medizinische Zertifikat	1	1	1	149	5
115	2024-08-10 07:07:10.913086+00	2024-08-19 11:33:18.27961+00	t	2024-08-14 07:06:00+00	B	91	75.00	Einverständniserklärung für Minderjährige	1	1	1	153	5
121	2024-08-16 07:16:42.541549+00	2024-08-20 09:33:13.589181+00	t	2024-08-23 07:16:00+00	B	96	100.00	Vollmacht - Vertretung Gymnasium	1	1	1	163	5
87	2024-07-25 06:09:41.09368+00	2024-08-12 09:39:37.585132+00	t	2024-08-16 06:09:00+00	B	68	100.00	Vollmacht - Seidungsurkunde	1	1	1	122	5
113	2024-08-09 10:35:02.998997+00	2024-08-12 10:37:54.020602+00	f	2024-08-16 10:35:00+00	P	24	15.00	Bescheinigung - Dontu	1	1	1	24	5
112	2024-08-09 10:34:04.861862+00	2024-08-12 10:38:03.680781+00	f	2024-08-15 10:34:00+00	P	23	15.00	Geburtsurkunde - Matvei	1	1	1	24	5
154	2024-09-10 07:00:27.929472+00	2024-09-13 12:22:12.276715+00	f	2024-09-13 07:00:00+00	P	32	15.00	Adeverinta alocatie - Lazar	1	1	1	24	5
142	2024-09-04 08:55:28.083147+00	2024-09-06 06:35:16.918652+00	t	2024-09-04 08:55:00+00	B	115	40.00	Lebenslauf	1	1	1	188	5
176	2024-09-18 14:50:37.315475+00	2024-09-19 06:31:46.367419+00	f	2024-09-18 14:50:00+00	P	44	41.60	Arbeitgeberbescheinigung - Yeshchenko	1	1	1	42	5
119	2024-08-14 06:30:08.078322+00	2024-08-26 09:56:18.682883+00	t	2024-08-20 06:29:00+00	B	95	90.00	2 Geburtsurkunde	1	1	1	161	5
137	2024-09-03 06:21:39.684492+00	2024-09-03 06:21:56.125765+00	t	2024-09-06 06:20:00+00	B	110	240.00	Anträge zum ausfüllen	1	1	1	178	2
150	2024-09-09 09:31:13.715307+00	2024-09-09 09:36:05.328371+00	f	2024-09-09 09:31:00+00	P	31	30.00	Geburtsurkunde - Yusupov	1	1	1	42	5
162	2024-09-15 09:19:48.580853+00	2024-09-15 09:20:34.77186+00	f	2024-09-05 09:19:00+00	P	35	11.90	Beglaubigung - Kopie	1	1	1	108	5
152	2024-09-09 17:33:11.491839+00	2024-09-19 07:04:02.389579+00	t	2024-09-09 17:33:00+00	B	121	185.00		1	1	1	196	5
166	2024-09-16 06:32:33.329368+00	2024-09-19 07:04:11.294684+00	f	2024-09-16 06:31:00+00	P	39	80.00	Übersetzung - Kysilov	1	1	1	162	5
129	2024-08-26 11:45:25.770064+00	2024-08-27 09:28:31.534051+00	t	2024-08-30 11:45:00+00	B	102	100.00	Vollmacht - Vertretung	1	1	1	170	5
127	2024-08-26 11:04:43.174472+00	2024-08-27 09:37:09.172661+00	t	2024-08-30 11:04:00+00	B	101	180.00	3 Zertifikate	1	1	1	169	5
158	2024-09-13 11:26:40.297913+00	2024-09-19 07:06:29.259528+00	t	2024-09-13 11:26:00+00	B	126	40.00	Redactionservice	1	1	1	158	5
148	2024-09-05 16:51:49.035756+00	2024-09-11 09:44:55.190265+00	t	2024-09-13 16:51:00+00	B	118	100.00	Vollmacht - Vormund	1	1	1	193	5
168	2024-09-16 17:54:23.242487+00	2024-09-19 14:10:31.717376+00	t	2024-09-20 17:54:00+00	B	129	70.00	Vollmacht - Auto	1	1	1	209	5
182	2024-09-19 08:24:01.141003+00	2024-09-19 08:24:59.646085+00	f	2024-09-18 08:23:00+00	P	48	4.61	Sonstiges	1	1	1	220	5
164	2024-09-15 09:34:03.559786+00	2024-09-15 09:39:02.203078+00	f	2024-09-04 09:33:00+00	P	37	10.00	Ablagekorb	1	1	1	206	5
180	2024-09-19 06:51:54.428757+00	2024-09-19 12:34:48.124654+00	t	2024-09-26 06:51:00+00	B	134	85.00	Einverständniserklärung für Minderjährige	1	1	1	219	4
135	2024-09-02 11:56:24.981093+00	2024-09-19 14:16:52.975851+00	t	2024-09-30 11:55:00+00	B	108	610.00	Vermittlung - Scheidungsurkunde (astept procura de trimis la apostila)	1	1	1	180	3
174	2024-09-18 12:39:52.475246+00	2024-09-20 07:41:28.507229+00	f	2024-09-20 12:39:00+00	P	43	15.00	Impfausweis - Tudor	1	1	1	24	4
172	2024-09-17 11:53:26.233364+00	2024-09-20 07:41:55.477289+00	f	2024-09-17 11:53:00+00	P	42	30.00	Ledigkeitsbescheinigung - Florea	1	1	1	24	4
186	2024-09-20 07:42:59.29074+00	2024-09-20 07:45:55.164387+00	f	2024-09-25 07:42:00+00	P	49	30.00	Polizei - Berichte - Dondos	1	1	1	24	3
184	2024-09-19 13:58:29.94383+00	2024-09-20 09:52:59.32266+00	t	2024-09-27 13:58:00+00	B	136	100.00	Vollmacht - Erbfolge	1	1	1	222	4
\.


--
-- Data for Name: orders_orderelement; Type: TABLE DATA; Schema: public; Owner: postgres
--

COPY public.orders_orderelement (id, description, quantity, price, order_id, service_id, status_id, um_id) FROM stdin;
4	Vollmacht - Ledigkeitsbescheinigung	1	25.00	2	2	5	1
5	Rumänisch-Deutsch	1	30.00	2	1	5	1
55	Rumänisch-Deutsch	1	40.00	32	1	5	1
48	Vollmacht zur Vertretung in der Erbfolge	1	40.00	29	2	5	1
49	Beglaubigung der Unterschrift	1	30.00	29	3	5	1
79	Rumänisch-Deutsch	1	50.00	43	1	6	1
35		1	30.00	21	3	5	1
57	Lohnsteuerbescheinigung	1	25.00	34	4	5	1
10	Vollmacht - Anwalt	1	40.50	4	2	5	1
33	Englisch-Deutsch	1	110.00	20	1	5	1
7	Einverständniserklärung für Minderjährige	1	25.00	3	2	5	1
8	Rumänisch-Deutsch	1	30.00	3	1	5	1
32	Englisch-Deutsch	1	175.00	19	1	5	1
11		1	30.00	4	3	5	1
6		1	20.00	2	3	5	1
58	Rumänisch-Deutsch	1	100.00	35	1	5	1
1	Vollmacht - Verkauf des Autos	1	25.00	1	2	5	1
2	Rumänisch-Deutsch	1	30.00	1	1	5	1
3		1	20.00	1	3	5	1
39	Vollmacht - Ausweis	1	25.00	23	2	6	1
13	Rumänisch-Deutsch	2	15.00	6	1	5	1
15	Rumänisch-Deutsch	1	15.00	8	1	5	1
36	Vollmacht - Vertretung	1	25.00	22	2	5	1
29	Vollmacht - Pässe	1	55.00	18	2	5	1
30	Erklärung	1	50.00	18	2	5	1
31		1	20.00	18	3	5	1
12	Rumänisch-Deutsch	2	50.00	5	1	5	1
14	Rumänisch-Deutsch	1	40.00	7	1	5	1
26	Vollmacht -  Einschulung	1	25.00	17	2	5	1
9		1	20.00	3	3	5	1
27	Rumänisch-Deutsch	1	30.00	17	1	5	1
28		1	20.00	17	3	5	1
34	Erklärung	1	30.00	21	2	5	1
20	Bankkarte beantragen	1	50.00	12	6	5	1
21	Bankkarte beantragen	1	50.00	13	6	5	1
18	Einverständniserklärung für Minderjährige	1	45.00	11	2	6	1
19	Rumänisch-Deutsch	1	55.00	11	1	6	1
37	Rumänisch-Deutsch	1	30.00	22	1	5	1
38		1	20.00	22	3	5	1
40	Vollmacht - Reisepass	1	25.00	23	2	6	1
16	Rumänisch-Deutsch	1	45.00	9	1	5	1
17	Rumänisch-Deutsch	1	15.00	10	1	5	1
41	Rumänisch-Deutsch	2	30.00	23	1	6	1
59	Einverständniserklärung für Minderjährige	1	25.00	36	2	5	1
60	Rumänisch-Deutsch	1	30.00	36	1	5	1
61		1	20.00	36	3	5	1
42		1	20.00	23	3	6	1
68	Vollmacht - Auto	1	25.00	39	2	5	1
69	Rumänisch-Deutsch	1	30.00	39	1	5	1
70		1	20.00	39	3	5	1
23	Rumänisch-Deutsch	1	220.00	15	1	5	1
45	Rumänisch-Deutsch	1	55.00	26	1	5	1
43	Rumänisch-Deutsch	2	45.00	24	1	5	1
24	Deutsch-Rumänisch	1	80.00	16	1	5	1
25	Deutsch-Rumänisch	1	110.00	16	1	5	1
65	Einverständniserklärung für Minderjährige	1	25.00	38	2	5	1
66	Rumänisch-Deutsch	1	30.00	38	1	5	1
67		1	20.00	38	3	5	1
56	Rumänisch-Deutsch	2	50.00	33	1	5	1
47	Rumänisch-Deutsch	6	15.00	28	1	5	1
50	Vollmacht zur Vertretung bei der Scheidung	1	80.00	30	2	5	1
51	Beurkundung	1	30.00	30	3	5	1
52	Einverständniserklärung für Minderjährige	2	30.00	31	2	5	1
53	Rumänisch-Deutsch	1	35.00	31	1	5	1
54		1	20.00	31	3	5	1
62	Einverständniserklärung für Minderjährige	1	25.00	37	2	5	1
63	Rumänisch-Deutsch	1	30.00	37	1	5	1
64		1	20.00	37	3	5	1
72	Rumänisch-Deutsch	1	30.00	40	1	5	1
73		1	20.00	40	3	5	1
71	Vollmacht - Geburtsurkunde	1	25.00	40	2	5	1
74	Vollmacht - Reisetitel	1	25.00	41	2	5	1
75	Vollmacht - Pässe und Geburtsurkunden	1	25.00	41	2	5	1
76	Rumänisch-Deutsch	2	30.00	41	1	5	1
77		1	30.00	41	3	5	1
44	Rumänisch-Deutsch	2	105.00	25	1	5	1
22	Deutsch-Rumänisch	1	185.00	14	1	5	1
46	Rumänisch-Deutsch	6	45.00	27	1	5	1
327		1	9.90	181	7	5	1
84	Einverständniserklärung für Minderjährige	1	25.00	45	2	5	1
85	Rumänisch-Deutsch	1	30.00	45	1	5	1
86		1	20.00	45	3	5	1
87	Vollmacht Kennzeichnen	1	70.00	46	2	5	1
88		1	30.00	46	3	5	1
81	Einverständniserklärung für Minderjährige	1	25.00	44	2	5	1
152	Vollmacht - Vertretung	1	30.00	81	2	5	1
153	Rumänisch-Deutsch	1	30.00	81	1	5	1
154		1	25.00	81	3	5	1
82	Rumänisch-Deutsch	1	30.00	44	1	5	1
83		1	20.00	44	3	5	1
78	Rumänisch-Deutsch	1	58.00	42	1	5	1
110	Rumänisch-Deutsch	1	60.00	59	1	5	1
111	Englisch-Deutsch	1	60.00	59	1	5	1
112		1	5.00	59	7	5	1
108	Rumänisch-Deutsch	1	50.00	57	1	5	1
149	Einverständniserklärung für Minderjährige	1	25.00	80	2	5	1
150	Rumänisch-Deutsch	1	30.00	80	1	5	1
151		1	20.00	80	3	5	1
129	Einverständniserklärung für Minderjährige	1	30.00	68	2	6	1
130	Rumänisch-Deutsch	1	40.00	68	1	6	1
131		1	30.00	68	3	6	1
233	Visitenkarten	1	45.00	124	2	5	1
106	Rumänisch-Deutsch	2	30.00	56	1	5	1
93	Rumänisch-Deutsch	1	185.00	49	1	5	1
107		2	20.00	56	3	5	1
286		1	100.00	155	4	5	1
80	Rumänisch-Deutsch	1	60.00	43	1	6	1
132	Rumänisch-Deutsch	1	45.00	69	1	5	1
133	Rumänisch-Deutsch	2	45.00	69	1	5	1
134		1	5.00	69	7	5	1
135	Rumänisch-Deutsch	3	15.00	70	1	5	1
97	Einverständniserklärung für Minderjährige	1	25.00	51	2	5	1
98	Rumänisch-Deutsch	1	30.00	51	1	5	1
99		1	20.00	51	3	5	1
89	Einverständniserklärung für Minderjährige	1	25.00	47	2	5	1
90	Rumänisch-Deutsch	1	30.00	47	1	5	1
91		1	20.00	47	3	5	1
94	Einverständniserklärung für Minderjährige	1	25.00	50	2	5	1
95	Rumänisch-Deutsch	1	30.00	50	1	5	1
96		1	20.00	50	3	5	1
141	Russisch-Deutsch	1	25.00	73	1	5	1
139	Russisch-Deutsch	1	40.00	72	1	5	1
100	Spanisch-Deutsch	1	17.85	52	1	5	1
140		1	5.00	72	7	5	1
101	Tschechisch-Deutsch	1	315.00	53	1	5	1
143	Rumänisch-Deutsch	1	60.00	75	1	5	1
156	Rumänisch-Deutsch	1	30.00	82	1	5	1
103	Vollmacht - Verkauf des Autos	1	40.00	55	2	5	1
136	Einverständniserklärung für Minderjährige	1	30.00	71	2	5	1
92	Spanisch-Deutsch	1	70.00	48	1	5	1
102	Tschechisch-Deutsch	1	172.55	54	1	5	1
137	Rumänisch-Deutsch	1	30.00	71	1	5	1
138		1	20.00	71	3	5	1
114	Vollmacht - Anwalt	1	30.00	61	2	6	1
115	Rumänisch-Deutsch	1	40.00	61	1	6	1
116		1	30.00	61	3	6	1
117	Einverständniserklärung für Minderjährige	1	30.00	62	2	5	1
118	Rumänisch-Deutsch	1	40.00	62	1	5	1
125	Einverständniserklärung für Minderjährige	1	25.00	67	2	5	1
121	Einverständniserklärung für Minderjährige	1	20.00	65	2	5	1
122	Rumänisch-Deutsch	1	30.00	65	1	5	1
126	Vollmacht - Pässe	1	25.00	67	2	5	1
127	Rumänisch-Deutsch	2	30.00	67	1	5	1
123	Vollmacht - Geburtsurkunde	1	30.00	66	2	5	1
124	Rumänisch-Deutsch	1	40.00	66	1	5	1
128		2	20.00	67	3	5	1
119	Rumänisch-Deutsch	1	50.00	63	1	5	1
120	Rumänisch-Deutsch	1	15.00	64	1	5	1
145		1	5.00	76	7	5	1
146	Rumänisch-Deutsch	1	75.00	77	1	5	1
144	Rumänisch-Deutsch	1	145.00	76	1	5	1
142	Rumänisch-Deutsch	1	150.00	74	1	5	1
157		1	20.00	82	3	5	1
109	Rumänisch-Deutsch	1	15.00	58	1	5	1
113	Rumänisch-Deutsch	1	15.00	60	1	5	1
148	Rumänisch-Deutsch	1	80.00	79	1	5	1
147	Rumänisch-Deutsch	1	240.00	78	1	5	1
225	Rumänisch-Deutsch	1	40.00	121	1	5	1
155	Einverständniserklärung für Minderjährige	1	25.00	82	2	5	1
308	Rumänisch-Deutsch	1	30.00	168	1	5	1
270		1	30.00	147	3	5	1
258	Einverständniserklärung für Minderjährige	1	25.00	139	2	5	1
260		1	20.00	139	3	5	1
315	Rumänisch-Deutsch	1	60.00	173	1	4	1
195	Vollmacht - Geburtsurkunde	1	35.00	106	2	5	1
196	Rumänisch-Deutsch	1	35.00	106	1	5	1
172	Vollmacht - Ledigkeitsbescheinigung	1	35.00	92	2	5	1
174		1	30.00	92	3	5	1
170		1	50.00	91	3	5	1
272	Rumänisch-Deutsch	1	35.00	148	1	5	1
179	Einverständniserklärung für Minderjährige	1	25.00	96	2	5	1
175	Einverständniserklärung für Minderjährige	1	25.00	93	2	5	1
223	Ukrainisch - Deutsch	1	47.60	120	1	5	1
316	Rumänisch-Deutsch	1	15.00	174	1	4	1
191		1	250.00	103	3	5	1
181	Einverständniserklärung für Minderjährige	1	30.00	97	2	5	1
290	Rumänisch-Deutsch	1	190.00	103	1	5	1
240		1	30.00	129	3	5	1
229	Rumänisch-Deutsch	1	50.00	123	1	5	1
230		1	20.00	123	3	5	1
232	Rumänisch-Deutsch	1	35.00	123	1	5	1
201	Einverständniserklärung für Minderjährige	1	25.00	108	2	5	1
203		1	20.00	108	3	5	1
199	Rumänisch-Deutsch	1	30.00	107	1	5	1
237	Rumänisch-Deutsch	1	45.00	128	1	5	1
177	Rumänisch-Deutsch	1	465.00	94	1	5	1
235	Rumänisch-Deutsch	1	45.00	126	1	5	1
310	Rumänisch-Deutsch	1	100.00	169	1	4	1
189	Ukrainisch - Deutsch	1	180.00	102	1	5	1
208	Rumänisch-Deutsch	1	15.00	113	1	5	1
207	Rumänisch-Deutsch	1	15.00	112	1	5	1
205	Rumänisch-Deutsch	1	50.00	110	1	5	1
210	Rumänisch-Deutsch	1	30.00	114	1	5	1
193	Einverständniserklärung für Minderjährige	1	25.00	105	2	5	1
314	Rumänisch-Deutsch	1	30.00	172	1	4	1
296	Rumänisch-Deutsch	1	45.00	159	1	4	1
268	Vollmacht - Rente	1	35.00	147	2	5	1
242	Rumänisch-Deutsch	1	55.00	131	1	5	1
245		1	30.00	132	3	5	1
246	Vollmacht - Vertretung	1	45.00	133	2	5	1
219	Vollmacht - Vertretung Bank	1	30.00	118	2	5	1
221		1	25.00	118	3	5	1
215	Rumänisch-Deutsch	1	35.00	116	1	5	1
217	Vollmacht - Rücknahme der Schulakte	1	30.00	117	2	5	1
248	Rumänisch-Deutsch	1	30.00	134	1	5	1
212	Einverständniserklärung für Minderjährige	1	35.00	115	2	5	1
187	In Romania din 12 august	1	100.00	100	3	5	1
227	Rumänisch-Deutsch	1	40.00	122	1	5	1
294		1	40.00	157	3	5	1
291	Erklärung Name	1	30.00	156	2	5	1
284	Rumänisch-Deutsch	1	15.00	154	1	5	1
283	Rumänisch-Deutsch	1	50.00	153	1	5	1
298	Apostille - Vertrag	1	25.00	161	4	5	1
264	Französisch-Deutsch	1	23.80	143	1	5	1
262	Französisch-Deutsch	1	45.00	141	1	5	1
256	Deutsch-Rumänisch	1	35.00	138	1	5	1
266	Rumänisch-Deutsch	1	15.00	145	1	5	1
300	Beglaubigung - Kopie	1	11.90	163	3	5	1
252	Rumänisch-Deutsch	1	35.00	136	1	5	1
253		1	20.00	136	3	5	1
302	Lycamobile 10	3	10.00	165	9	5	1
287	Deutsch-Rumänisch	1	120.00	155	1	5	1
274	Rumänisch-Deutsch	1	165.00	149	1	5	1
276	Rumänisch-Deutsch	1	48.00	149	1	5	1
105	Einverständniserklärung für Minderjährige	2	25.00	56	2	5	1
306		1	35.00	167	3	5	1
312		1	3.55	170	7	5	1
304	Einverständniserklärung für Minderjährige	1	25.00	167	2	5	1
313	Abo E-Plus	1	8.99	171	9	5	1
317	Deutsch-Englisch	1	95.00	175	1	5	1
320	Abo / 16.09.2024 - 16.10.2024	1	26.34	177	9	5	1
319		1	1.60	176	7	5	1
278	Arbeitsvertrag und Bestätigung	1	44.00	151	3	5	1
280	Deutsch-Rumänisch	1	120.00	151	1	5	1
159	Rumänisch-Deutsch	1	15.00	84	1	5	1
224	Vollmacht - Vertretung Gymnasium	1	30.00	121	2	5	1
211		1	20.00	114	3	5	1
226		1	30.00	121	3	5	1
328		1	4.61	182	9	5	1
192	Rumänisch-Deutsch	1	15.00	104	1	5	1
243	Vollmacht - Reisepass	1	35.00	132	2	5	1
244	Rumänisch-Deutsch	1	35.00	132	1	5	1
309		1	20.00	168	3	5	1
249	Vollmacht - Seidungsurkunde	1	300.00	135	3	3	1
254	Anträge zum ausfüllen	1	240.00	137	2	2	1
190		1	70.00	103	2	5	1
222	Ukrainisch - Deutsch	1	90.00	119	1	5	1
289		1	100.00	103	4	5	1
161	Rumänisch-Deutsch	1	55.00	86	1	5	1
165	Rumänisch-Deutsch	1	55.00	88	1	5	1
166	Rumänisch-Deutsch	1	15.00	89	1	5	1
167	Rumänisch-Deutsch	1	15.00	90	1	5	1
271	Vollmacht - Vormund	1	35.00	148	2	5	1
197		1	30.00	106	3	5	1
273		1	30.00	148	3	5	1
238	Vollmacht - Vertretung	1	70.00	129	2	5	1
228	Vollmacht - Vertretung Minderjähriger	1	50.00	123	2	5	1
231	Vollmacht - Vertretung Erwachsener	1	40.00	123	2	5	1
236	Rumänisch-Deutsch	1	180.00	127	1	5	1
241	Vollmacht - Vertretung	1	50.00	130	2	5	1
160	Rumänisch-Deutsch	1	70.00	85	1	5	1
234	Rumänisch-Deutsch	1	210.00	125	1	5	1
171	Vollmacht - Geburtsurkunde	1	35.00	92	2	5	1
173	Rumänisch-Deutsch	2	35.00	92	1	5	1
168	Vollmacht - Vertretung	2	30.00	91	2	5	1
169	Rumänisch-Deutsch	2	20.00	91	1	5	1
180	Rumänisch-Deutsch	1	30.00	96	1	5	1
176	Rumänisch-Deutsch	1	30.00	93	1	5	1
178	Rumänisch-Deutsch	1	230.00	95	1	5	1
182	Rumänisch-Deutsch	1	35.00	97	1	5	1
293	Erklärung	1	60.00	157	2	5	1
292	Rumänisch-Deutsch	1	30.00	156	1	5	1
247	Vollmacht - Geburtsurkunde	1	30.00	134	2	5	1
200	Vollmacht Reisepass	1	25.00	108	2	5	1
202	Rumänisch-Deutsch	2	30.00	108	1	5	1
198	Vollmacht - Reisepass	1	25.00	107	2	5	1
299	Beglaubigung - Kopie	1	11.90	162	3	5	1
261	Beglaubigung, Apostille und Übersetzungen	1	410.00	140	8	5	1
188	Rumänisch-Deutsch	1	50.00	101	1	5	1
158	Rumänisch-Deutsch	1	55.00	83	1	5	1
301	Ablagekorb	4	2.50	164	9	5	1
186	Rumänisch-Deutsch	1	65.00	99	1	5	1
162	Vollmacht - Seidungsurkunde	1	30.00	87	2	5	1
163	Rumänisch-Deutsch	1	40.00	87	1	5	1
164		1	30.00	87	3	5	1
204	Rumänisch-Deutsch	1	50.00	109	1	5	1
194	Rumänisch-Deutsch	1	30.00	105	1	5	1
209	Einverständniserklärung für Minderjährige	1	25.00	114	2	5	1
285		1	80.00	155	3	5	1
259	Rumänisch-Deutsch	1	30.00	139	1	5	1
288		1	50.00	155	7	5	1
265	Apostille - Jahreszeugnis	1	25.00	144	4	5	1
255	Vollmacht - Auto	1	35.00	138	2	5	1
257		1	30.00	138	3	5	1
220	Rumänisch-Deutsch	1	35.00	118	1	5	1
214	Vollmacht - Vertretung	1	30.00	116	2	5	1
216		1	25.00	116	3	5	1
218	Rumänisch-Deutsch	1	30.00	117	1	5	1
206	Rumänisch-Deutsch	1	68.00	111	1	5	1
213	Rumänisch-Englisch	1	40.00	115	1	5	1
267	Rumänisch-Deutsch	1	60.00	146	1	5	1
251	Vollmacht - Vertretung	1	35.00	136	2	5	1
263	Lebenslauf	1	40.00	142	2	5	1
311		1	4.25	170	7	5	1
277	Russisch-Deutsch	1	30.00	150	1	5	1
275	Rumänisch-Deutsch	1	95.00	149	1	5	1
305	Rumänisch-Deutsch	1	25.00	167	1	5	1
297	Rumänisch-Deutsch	1	15.00	160	1	4	1
282	Ukrainisch - Deutsch (Diplom und Anhang)	1	185.00	152	1	5	1
303	Ukrainisch - Deutsch	1	80.00	166	1	5	1
295	Vollmacht	1	40.00	158	2	5	1
279	Arbeitsvertrag	1	100.00	151	4	5	1
281		1	35.00	151	7	5	1
321	Buchhaltung - September 2024	1	18.47	178	9	5	1
329	Deutsch-Rumänisch	1	100.00	183	1	3	1
324	Einverständniserklärung für Minderjährige	1	30.00	180	2	4	1
325	Rumänisch-Deutsch	1	30.00	180	1	4	1
326		1	25.00	180	3	4	1
318	Deutsch-Englisch	1	40.00	176	1	5	1
322	Vollmacht - Erbfolge	1	35.00	179	2	5	1
323	Rumänisch-Deutsch	1	35.00	179	1	5	1
307	Vollmacht - Auto	1	20.00	168	2	5	1
250	Beschaffung und Zustellung von Dokumenten	1	310.00	135	8	3	1
333	Vollmacht - Ledigkeitsbescheinigung	1	385.00	185	8	3	1
338	Deutsch-Rumänisch	1	30.00	186	1	3	1
330	Vollmach - Erbfolge	1	35.00	184	2	4	1
331	Rumänisch-Deutsch	1	35.00	184	1	4	1
332		1	30.00	184	3	4	1
269	Rumänisch-Deutsch	1	35.00	147	1	5	1
\.


--
-- Data for Name: payments_payment; Type: TABLE DATA; Schema: public; Owner: postgres
--

COPY public.payments_payment (id, created_at, modified_at, type, is_client, serial, number, value, payment_date, description, created_by_id, currency_id, modified_by_id, person_id) FROM stdin;
40	2024-09-13 12:21:46.382325+00	2024-09-13 12:21:46.382373+00	bank	t			45.00	2024-09-13		1	1	1	204
20	2024-09-03 06:31:39.652779+00	2024-09-03 06:31:39.652823+00	bank	t			60.00	2024-09-03	Vollmacht - Geburtsurkunde	1	1	1	179
53	2024-09-19 06:33:13.702301+00	2024-09-19 06:33:13.702351+00	bank	t			95.00	2024-09-19		1	1	1	215
21	2024-09-03 06:45:04.419658+00	2024-09-03 06:45:04.41972+00	bank	t			100.00	2024-09-03	Vollmacht - Auto	1	1	1	182
41	2024-09-15 09:17:10.231861+00	2024-09-15 09:17:10.231902+00	bank	f			25.00	2024-09-14		1	1	1	62
22	2024-09-04 04:45:17.715468+00	2024-09-04 04:45:17.715525+00	cash	t	BE	1	410.00	2024-09-04		1	1	1	184
23	2024-09-04 07:35:23.139127+00	2024-09-04 07:35:23.139183+00	bank	t			90.00	2024-09-04		1	1	1	181
24	2024-09-04 07:38:20.746549+00	2024-09-04 07:38:20.746592+00	bank	t			240.00	2024-09-04		1	1	1	178
42	2024-09-15 09:22:42.846428+00	2024-09-15 09:22:42.846475+00	cash	f	-	-	11.90	2024-09-05		1	1	1	108
25	2024-09-04 14:10:49.040138+00	2024-09-04 14:10:49.040189+00	bank	f			23.80	2024-09-04		1	1	1	185
26	2024-09-05 10:06:09.136975+00	2024-09-05 10:06:09.137021+00	bank	f			25.00	2024-09-05		1	1	1	62
54	2024-09-19 06:53:22.658675+00	2024-09-19 06:53:22.658717+00	bank	t			70.00	2024-09-19		1	1	1	218
43	2024-09-15 09:27:44.016716+00	2024-09-15 09:28:09.970766+00	cash	f	-	-	11.90	2024-09-11		1	1	1	108
27	2024-09-05 11:27:29.754855+00	2024-09-05 11:29:36.340496+00	bank	t			100.00	2024-09-04	Kostenträger: Cosmin-Beniamin Lingurar	1	1	1	192
28	2024-09-05 11:31:05.927969+00	2024-09-05 11:31:05.928012+00	bank	t			300.00	2024-09-05		1	1	1	180
29	2024-09-05 11:31:55.047116+00	2024-09-05 11:31:55.047158+00	bank	t			60.00	2024-09-05		1	1	1	191
44	2024-09-15 09:40:15.885646+00	2024-09-15 09:40:15.885691+00	bank	f			10.00	2024-09-04		1	1	1	206
30	2024-09-06 06:36:27.125805+00	2024-09-06 06:36:27.125852+00	bank	t			40.00	2024-09-06		1	1	1	188
31	2024-09-09 10:47:22.85909+00	2024-09-09 10:47:22.859133+00	bank	f			30.00	2024-09-09		1	1	1	42
32	2024-09-09 10:54:49.094426+00	2024-09-09 10:54:49.094477+00	bank	t			308.00	2024-09-09		1	1	1	55
45	2024-09-15 09:43:50.537259+00	2024-09-15 09:43:50.537314+00	bank	f			30.00	2024-09-10		1	1	1	207
33	2024-09-09 17:57:16.811012+00	2024-09-09 17:57:16.811069+00	bank	t			100.00	2024-09-09		1	1	1	193
34	2024-09-11 07:14:46.304549+00	2024-09-11 07:14:46.304592+00	bank	t			299.00	2024-09-10		1	1	1	194
35	2024-09-11 10:38:16.315654+00	2024-09-11 10:38:16.315708+00	bank	t			350.00	2024-09-10		1	1	1	200
36	2024-09-11 10:39:04.153254+00	2024-09-11 10:39:04.153305+00	bank	t			185.00	2024-09-11		1	1	1	196
55	2024-09-19 08:21:18.436087+00	2024-09-19 08:22:27.626214+00	cash	f	-	83111949	9.90	2024-09-11		1	1	1	210
37	2024-09-12 07:35:47.283346+00	2024-09-12 07:35:47.283388+00	bank	t			60.00	2024-09-12		1	1	1	122
38	2024-09-12 12:09:04.739624+00	2024-09-12 12:09:04.739669+00	bank	t			100.00	2024-09-12		1	1	1	202
39	2024-09-13 11:29:14.842066+00	2024-09-13 11:29:14.842114+00	bank	t			40.00	2024-09-13		1	1	1	158
56	2024-09-19 10:19:23.985789+00	2024-09-19 10:19:23.985836+00	bank	f			18.47	2024-09-18		1	1	1	217
46	2024-09-16 18:35:35.025064+00	2024-09-16 18:36:33.159132+00	cash	f			3.55	2024-09-04		1	1	1	210
47	2024-09-16 18:36:57.446726+00	2024-09-16 18:37:01.908921+00	cash	f			4.25	2024-09-05		1	1	1	210
57	2024-09-19 10:42:27.436983+00	2024-09-19 10:42:27.43703+00	bank	f			41.60	2024-09-19		1	1	1	42
48	2024-09-17 07:08:44.22339+00	2024-09-17 07:08:44.223442+00	bank	t			100.00	2024-09-16		1	1	1	127
49	2024-09-17 07:11:55.618059+00	2024-09-17 07:11:55.618102+00	bank	f			8.99	2024-09-17		1	1	1	212
50	2024-09-17 07:13:24.441386+00	2024-09-17 07:13:24.441431+00	bank	t			85.00	2024-09-17		1	1	1	208
58	2024-09-19 10:42:34.520297+00	2024-09-19 10:42:34.520337+00	bank	t			100.00	2024-09-19		1	1	1	221
51	2024-09-18 15:00:48.666457+00	2024-09-18 15:00:48.666509+00	bank	t			70.00	2024-09-17		1	1	1	209
52	2024-09-18 15:06:57.44481+00	2024-09-18 15:06:57.444858+00	bank	f			26.34	2024-09-18		1	1	1	216
59	2024-09-19 14:18:38.055957+00	2024-09-19 14:18:38.056001+00	bank	t			85.00	2024-09-18		1	1	1	219
60	2024-09-19 17:27:49.510573+00	2024-09-19 17:27:49.510618+00	bank	t			385.00	2024-09-19		1	1	1	224
61	2024-09-20 09:13:09.246069+00	2024-09-20 09:13:09.246117+00	bank	t			100.00	2024-09-19		1	1	1	222
\.


--
-- Data for Name: payments_paymentelement; Type: TABLE DATA; Schema: public; Owner: postgres
--

COPY public.payments_paymentelement (id, invoice_id, payment_id) FROM stdin;
20	21	20
21	22	21
22	23	22
23	24	23
24	25	24
25	26	25
26	27	26
27	28	27
28	29	28
29	30	29
30	31	30
31	33	31
32	34	32
33	36	33
34	38	34
35	39	35
36	37	36
37	40	37
38	41	38
39	42	39
40	43	40
41	44	41
42	45	42
43	46	43
44	47	44
45	48	45
46	50	46
47	50	47
48	49	48
49	51	49
50	52	50
51	53	51
52	54	52
53	55	53
54	56	54
55	57	55
56	59	56
57	58	57
58	60	58
59	61	59
60	62	60
61	63	61
\.


--
-- Data for Name: persons_person; Type: TABLE DATA; Schema: public; Owner: postgres
--

COPY public.persons_person (id, created_at, modified_at, entity, gender, firstname, lastname, identity_card, company_name, company_tax_code, company_iban, phone, email, address, services, created_by_id, modified_by_id) FROM stdin;
1	2024-05-23 08:11:05.9045+00	2024-05-23 08:11:05.9045+00	pi	ma	Daniel	Decher					004917663454681		Holunderweg 2, 72218 Wildberg		1	1
2	2024-05-23 08:20:35.554331+00	2024-05-23 08:20:59.558171+00	co	ma	Joel	Straub		Notar Dr. Joel Straub			004970517943710	kanzlei@notar-straub.de	Lederstraße 39, 75365 Calw	Notar	1	1
3	2024-05-23 08:22:45.400594+00	2024-05-23 08:25:06.21307+00	co	ma	Dr. 	Lohrer		Notar Dr. Lohrer			004970329183240	info@notar-lohrer.de	Daimlerstraße 12, 71083 Herrenberg	Notar	1	1
4	2024-05-23 08:24:46.490669+00	2024-05-23 08:25:16.413562+00	co	ma	Jean-Philip	Möllmann		Notar Jean-Philip Möllmann			004970327847476	kanzlei@notar-jm.de	Seeländerpl. 2, 71083 Herrenberg	Notar	1	1
5	2024-05-23 09:00:03.740521+00	2024-05-23 09:02:23.829741+00	co	ma	Carl Philipp	Schaubele		Notar Carl Philipp Schaubele			004970329561980	kanzlei@notar-schaubele.de	Reinhold-Schick-Platz 4, 71083 Herrenberg	Notar	1	1
6	2024-05-23 09:01:02.744161+00	2024-05-23 09:02:32.933757+00	co	ma	Thorsten	Glombik		Notar Thorsten Glombik			004974527904940	info@notar-gl.de	Hirschstraße 6, 72202 Nagold	Notar	1	1
7	2024-05-23 09:01:44.586377+00	2024-05-23 09:02:53.542711+00	co	ma	Timm	Läpple		Notar Timm Läpple			00497452883960	Kanzlei@Notar-Laepple.de	Schillerstraße 13, 72202 Nagold	Notar	1	1
8	2024-05-23 10:16:18.988387+00	2024-05-23 10:16:51.500046+00	pi	ma	Marian	Ifrim					004915145635586		Breitenbichl 12, 82256 Fürstenfeldbruck		1	1
10	2024-05-23 12:13:03.622112+00	2024-05-23 12:13:03.622112+00	pi	ma	Claudius	Korch		Notar Dr. Claudius Korch			00497221944730	kanzlei@notar-korch.de	Pariser Platz, Pariser Ring 1, 76532 Baden-Baden	Notar	1	1
9	2024-05-23 12:11:51.185637+00	2024-05-23 13:55:09.027005+00	pi	ma	Florin	Sima					00491722573474		Luisen Str.8,  76571 Gaggenau		1	1
11	2024-05-24 07:13:59.61681+00	2024-05-24 07:13:59.61681+00	co	ma	Hubert	Krebs		Notare Hubert Krebs und Stefan Ackermann			004981411388	kanzlei@notare-krebs-ackermann.de	Pucher Str. 3, 82256 Fürstenfeldbruck	Notar	1	1
13	2024-05-24 07:17:07.731575+00	2024-05-24 07:25:52.084386+00	co	ma	Nikolaus	Buchta		Notare Nikolaus Buchta & Martin Jung			00498141401630	mail@notare-bju.de	Oskar-von-Miller-Straße 4d, 82256 Fürstenfeldbruck	Notar	1	1
12	2024-05-24 07:15:45.386578+00	2024-05-24 07:26:22.321944+00	co	ma	Alexander	Krafka		Notare Alexander Krafka & Thorsten Langnau			004981414041780	krafka.langnau@notarnet.de	Ledererstraße 10, 82256 Fürstenfeldbruck	Notar	1	1
14	2024-05-24 07:49:28.157444+00	2024-05-24 07:49:28.157444+00	pi	wo	Florina-Mădălina	Păunescu					00491772773392		Siedlung 12, 38368 Mariental OT Dorf		1	1
15	2024-05-24 11:28:37.577604+00	2024-05-24 11:28:37.577604+00	sp	wo	Kirsten	Hirche					004939140095470	info@notarin-hirche.de	Olvenstedter Straße 10, 39108 Magdeburg	Notar	1	1
16	2024-05-25 09:37:26.110462+00	2024-05-25 09:54:26.037562+00	pi	wo	Petronela-Florentina	Mușinoiu					0040729509241		Landshuter Str. 35 B, 94315 Straubing		1	1
17	2024-05-27 07:16:05.473828+00	2024-05-27 07:16:05.473828+00	sp	ma	Florian	Hagenbucher					00499421187670	mail@notarhagenbucher.de	Bahnhofpl. 1A, 94315 Straubing	Notar	1	1
18	2024-05-27 07:17:48.571652+00	2024-05-27 07:18:22.740526+00	pi	ma	Andreas	Bosch		Notare Dr. Schreindorfer & Bosch			0049942199050	info@schreindorfer-bosch.de	Mühlsteingasse 7, 94315 Straubing	Notar	1	1
19	2024-05-27 07:19:08.495647+00	2024-05-27 07:19:23.084332+00	sp	ma	Michael	Böhme					004994221227	info@notar-boehme.de	Mussinanstraße 5, 94327 Bogen	Notar	1	1
20	2024-05-27 07:20:19.176214+00	2024-05-27 07:20:19.176214+00	sp	wo	Anja	Schaller					004994821558	info@notarin-schaller.de	Taxisstraße 29, 93086 Wörth an der Donau	Notar	1	1
22	2024-05-27 07:25:52.780343+00	2024-05-27 07:25:52.780343+00	sp	wo	Gundula	Höpner					0049391609330	notarin_gundula.hoepner@t-online.de	Klausenerstraße 37A, 39112 Magdeburg	Notar	1	1
24	2024-05-27 10:05:02.429516+00	2024-05-27 10:05:02.429516+00	sp	ma	Cătălin Dănuț	Moraru					00491745350007	catalindanut@yahoo.de	König Leopold III, Nr. 37 4710 Lontzen, Belgien	Übersetzer Rumänisch	1	1
32	2024-05-29 07:26:10.524115+00	2024-05-29 07:26:10.524115+00	pi	wo	Maria-Ioana	Stoica					004915739819416		Franz-Liszt-Straße 8, 52249 Eschweiler		1	1
33	2024-05-29 07:27:25.708582+00	2024-05-29 07:27:25.708582+00	sp	ma	Martin	Kley		Notar Dr. Kley			004924035027425	mail@eschweiler-notarkley.de	Marienstrasse 37, 52249 Eschweiler	Notar	1	1
25	2024-05-27 10:43:46.455279+00	2024-05-27 12:31:46.557329+00	pi	wo	Adina-Adriana	Aostăcioae					00491632912284		Taschnerstraße 21, 60388 Frankfurt am Main		1	1
27	2024-05-27 12:50:48.182241+00	2024-05-27 12:50:48.182241+00	sp	ma	Christian	Dietrich					004925812397	Dr.Christian-Dietrich@web.de	Splieterstraße 27, 48231 Warendorf	Notar	1	1
26	2024-05-27 12:49:22.548126+00	2024-05-27 12:51:04.460742+00	co	ma	Oliver	Kock		Oliver Kock LL.M. und Marc Leuer			0049258193140	info@klaene.de	Bahnhofstraße 2, 48231 Warendorf	Notar	1	1
28	2024-05-27 12:52:33.015949+00	2024-05-27 12:52:33.015949+00	pi	ma	Alfons	Lentfort		Lentfort - Notar und Anwalt			00492581989200	post@lentfort.de	Zumlohstraße 1A, 48231 Warendorf	Notar	1	1
29	2024-05-27 12:54:48.918364+00	2024-05-27 12:54:48.918364+00	co	ma	Heike	Rensinghoff					004925227081	faber.mareike@anwalt-oelde.de	Bahnhofstraße 22, 59302 Oelde	Notar	1	1
30	2024-05-28 06:49:38.63111+00	2024-05-28 06:49:38.63111+00	pi	wo	Georgeta-Denisa	Ungureanu					004917656803956		Mozartstraße 2, 33775 Versmold		1	1
23	2024-05-27 09:35:10.612343+00	2024-05-28 08:09:27.830543+00	pi	ma	Sandu	Alexa					004915142853918		Str. d. Deutschen Einheit 35, 39326 Wolmirstedt		1	1
34	2024-05-29 20:43:44.844872+00	2024-05-29 20:43:44.844872+00	pi	ma	Ioan-Florin	Urs					0040758194387		Hermannstraße 20 , 42897 Remscheid		1	1
35	2024-05-30 06:01:56.231681+00	2024-05-30 06:01:56.231681+00	pi	ma	Petre	Petre					0040730345602		Magdeburg		1	1
36	2024-06-03 07:33:58.060403+00	2024-06-03 07:33:58.060403+00	pi	wo	Silvia-Viorica	Vladutu					004915738325130		Obertürkheimer Str. 12, 73733 Esslingen am Neckar		1	1
37	2024-06-03 13:25:17.269101+00	2024-06-03 13:25:17.269101+00	pi	ma	Cătălin	Munteanu					004915510702251		Rosenheimer Str. 35, 83059 Kolbermoor (Hotel Heider)		1	1
21	2024-05-27 07:24:14.40201+00	2024-06-03 14:22:20.923931+00	co	ma	Stefan	Kurz		Notare Kurz & Sagmeister			00499915065	info@kurz-sagmeister.de	Pfleggasse 9, 94469 Deggendorf	Notar	1	1
31	2024-05-28 08:46:57.329368+00	2024-06-03 14:22:36.752293+00	sp	ma	Adrian George	Radu		Sprachen Express			00491636299796	adrian.george.radu@gmail.com	Hektorweg 20, 39118, Magdeburg	Dolmetscher Rumänisch	1	1
38	2024-06-04 17:35:34.578709+00	2024-06-04 17:35:34.578709+00	pi	wo	Natalya	Muller							Bonhoeffer Straße 10, 04668 Grimma		1	1
39	2024-06-06 05:00:38.563339+00	2024-06-06 05:00:38.563339+00	pi	wo	Simona	Sava					004917680395937		Elisabeth-Schiemann 5, 59077 Hamm		1	1
41	2024-06-06 10:37:22.484321+00	2024-06-06 10:37:22.484321+00	pi	ma	Oleg	Vlas		Bau Netzwerk OV GmbH			004915141375409		Wehrener Straße 42, 34281 Gudensberg		1	1
42	2024-06-06 10:43:11.920645+00	2024-06-06 10:43:11.920645+00	sp	wo	Swetlana	Donnerstag					004917620611313	swetlana_donnerstag@yahoo.de	Olvenstedter Str. 15, 39108 Magdeburg	Übersetzer Russisch, Englisch	1	1
43	2024-06-06 10:55:15.300623+00	2024-06-06 10:55:15.300623+00	pi	ma	Constantin	Lipan					004915211638184		Groß Sterneberger Straße 46, 21714 Hammah OT Groß Sterneberg		1	1
45	2024-06-06 11:10:46.396323+00	2024-06-06 11:10:46.396323+00	pi	wo	Petronela-Ancuța	Holoșpin					004917671960225		Luise-Hensel-Straße 34, 33161 Hövelhof		1	1
40	2024-06-06 08:46:32.600553+00	2024-06-07 08:05:11.441718+00	pi	ma	Gabriel-Grigore	Lupoae					0040771432425		Poeler Str. 138, 23970 Wismar		1	1
44	2024-06-06 11:05:08.198213+00	2024-06-07 07:49:09.228482+00	pi	ma	Denis-Adrian	Aldea					004915901928595		Seehofstraße 44, 96052 Bamberg		1	1
46	2024-06-07 13:30:18.734185+00	2024-06-07 13:31:38.632783+00	pi	wo	Maria-Lorena	Badea					004915218961646 		Frommeyerstraße 23, 49584 Fürstenau		1	1
48	2024-06-07 13:49:29.072472+00	2024-06-07 13:49:29.072472+00	pi	ma	George	Isopescu					004915223901563	georgeisopescu13@gmail.com	Landsberger Str. 441, 81241 München		1	1
50	2024-06-10 10:44:49.246306+00	2024-06-10 10:44:49.246306+00	sp	wo	Christiane	Streßig					0049238191990	canta@kahlert-padberg.de	Willy-Brandt-Platz 9, 59065 Hamm	Notar	1	1
81	2024-06-25 05:50:04.661804+00	2024-06-25 05:54:27.759326+00	pi	wo	Irina	Szabo					004915214004253		Friedrich-Engels-Str. 13, 07545 Gera		1	1
49	2024-06-10 10:41:33.30059+00	2024-06-10 10:45:23.223475+00	co	ma	Florian	Dallwig		Peter Rösmann, Rechtsanwalt und Notar			04923811608147	fdallwig@grueter.de	Hesslerstraße 40, 59065 Hamm	Notar	1	1
51	2024-06-10 11:12:20.63161+00	2024-06-10 11:12:20.63161+00	sp	ma	Christoph	Ritter					0049962147240	info@notar-ritter.de	Marienstraße 8, 92224 Amberg	Notar	1	1
52	2024-06-10 11:55:31.371067+00	2024-06-10 11:55:31.371067+00	sp	wo	Anja	Gerono					0049951200400	mail@notarin-gerono.de	Luitpoldstraße 51, 96052 Bamberg	Notar	1	1
53	2024-06-10 13:16:27.475047+00	2024-06-10 13:16:27.475047+00	pi	ma	Manuel	Răducanu							Magdeburg		1	1
54	2024-06-11 07:51:09.696649+00	2024-06-11 07:51:09.696649+00	pi	ma	Adrian	Dima					004915234679669		Gneisenaustr. 87, 10961 Berlin		1	1
55	2024-06-11 07:52:08.901677+00	2024-06-11 07:52:08.901677+00	pi	wo	Anca-Flavia	Ciliboaie					004915205242998		Bahnhofstraße 4, 84558 Kirchweidach		1	1
56	2024-06-11 16:04:13.955991+00	2024-06-11 16:04:13.955991+00	pi	ma	Michael	Habel		Notare Michael Habel und Dr. Sabine Keindl			00498671957990	info@notare-altoetting.de	Dr.-Hiemer-Straße 4, 84503 Altötting	Notar	1	1
47	2024-06-07 13:35:42.31277+00	2024-06-12 06:41:32.722013+00	pi	wo	Amalia	Dumbrava					004915128591649		Schloßstrasse 21a, 49356 Diepholz		1	1
57	2024-06-12 06:43:18.578628+00	2024-06-12 06:43:18.578628+00	pi	wo	Lidia	Grosu					0037367564320		Kalugaer Straße 25, 98724 Neuhaus am Rennweg		1	1
58	2024-06-12 09:13:02.298972+00	2024-06-12 09:13:02.298972+00	pi	ma	Georg	Mehler		 MEHLER & DR. HAMBERGER			0049862198760	notare@mehler-hamberger.de	Bayernstraße 8, 83308 Trostberg	Notar	1	1
59	2024-06-12 15:36:18.206134+00	2024-06-12 15:36:18.206134+00	pi	ma	Jochen	Keßler		Keßler | Hardt | Notare			00499261910270	mail@notare-kronach.de	Kulmbacher Str. 20, 96317 Kronach	Notar	1	1
60	2024-06-13 09:01:24.891626+00	2024-06-13 09:01:24.891626+00	co	wo	Ulrike	Henschel		HHW			0049308859670	mail@hhw-berlin.de	Bundesallee 39-40A, 10717 Berlin	Notar	1	1
62	2024-06-13 14:52:57.737064+00	2024-06-13 14:52:57.737064+00	co	ma	Landgericht	Magdeburg					00493916060		Halberstüdter Str. 8, 39112 Magdeburg	Apostille	1	1
61	2024-06-13 11:06:44.83862+00	2024-06-14 05:57:17.864254+00	pi	wo	Ioana-Roxana	Căruță					0040755753078		Fritz-Schubert-Ring 46, 63486 Bruchköbel		1	1
63	2024-06-14 06:03:52.781505+00	2024-06-14 06:03:52.781505+00	pi	ma	Ionuț Cătălin 	Croitoru					004915209702649		Hauptstraße 10, 84558 Kirchweidach		1	1
64	2024-06-14 10:41:17.372786+00	2024-06-14 10:41:17.372786+00	co	ma	Caroline	Reichenauer		Landeshauptstadt Magdeburg, Jugendamt 51.61			00493915403131	Caroline.Reichenauer@jga.magdeburg.de	Wilhelm-Höpfner-Ring 1		1	1
65	2024-06-17 07:35:51.041789+00	2024-06-17 07:35:51.041789+00	pi	ma	Ciprian	Domnica					00491625336020		Köslinerweg 10, 30900 Wedemark		1	1
66	2024-06-17 07:49:13.613307+00	2024-06-17 07:49:13.613307+00	pi	wo	Adela-Daniela	Molnar					004915778408207		Leinwebergasse 2, 60386 Frankfurt am Main		1	1
67	2024-06-17 08:06:45.309916+00	2024-06-17 08:06:45.309916+00	pi	ma	Ciprian	Furtună					004915231421741		Höhenstraße 18, 56203 Höhr-Grenzhausen		1	1
82	2024-06-25 15:41:45.069201+00	2024-06-25 15:41:45.069201+00	pi	wo	Daniela	Voica					0040721994432		Podbielskistraße 185, 30117 Hannover		1	1
68	2024-06-17 08:12:45.757793+00	2024-06-17 09:05:29.066477+00	pi	ma	Valentin-Emanuel	Mertoiu					0040762833085		Thüngersheimer Str. 72, 97261 Güntersleben		1	1
69	2024-06-17 11:49:52.988374+00	2024-06-17 11:49:52.988374+00	pi	wo	Petra	Becke					00495139989520	notariat@versteyl.de	Kokenhorststraße 19, 30938 Burgwedel	Notar	1	1
70	2024-06-17 13:31:08.785021+00	2024-06-17 13:31:08.785021+00	sp	ma	Jens	Neie					00499313590200	mail@notar-neie.de	Domstraße 5, 97070 Würzburg	Notar	1	1
71	2024-06-18 08:00:07.921327+00	2024-06-18 08:00:07.921327+00	sp	ma	Andreas	Lanters					004926176041	info@notariat-lanters.de	Im Teichert 117, 56076 Koblenz	Notar	1	1
72	2024-06-18 11:51:24.187184+00	2024-06-18 13:39:03.872813+00	pi	wo	Ionela-Ramona	Șerban					0040771782171		Ofenerdieker Str. 34, 26125 Oldenburg		1	1
73	2024-06-18 14:30:56.353888+00	2024-06-18 14:30:56.353888+00	sp	ma	Klaus	Hackenbroich					004969888639	info@notar-hackenbroich.de	Luisenstraße 33, 63067 Offenbach am Main	Notar	1	1
74	2024-06-18 14:33:17.973405+00	2024-06-18 14:33:17.973405+00	sp	ma	Norbert	Koch		HaackSchubert Partnerschaftsgesellschaft mbB			004969800735100	info@haackschubert.de	Hafeninsel 11, 63067 Offenbach am Main	Notar	1	1
75	2024-06-19 06:53:19.341224+00	2024-06-19 06:53:19.341224+00	pi	ma	Florin-Ion	Stan					004915510752382	fion43@yahoo.com	Rübezahlplatz 13, 87700 Memmingen		1	1
76	2024-06-19 09:23:09.196452+00	2024-06-19 09:23:09.196452+00	sp	wo	Susanne	Franke		Rechtsanwältin und Notarin			 004944135027236	office@susanne-franke.com	Amalienstraße 22, 26135 Oldenburg	Notar	1	1
77	2024-06-20 08:21:31.877705+00	2024-06-20 08:21:31.877705+00	pi	ma	Arnold	Voran		Kanzlei Memmingen			00498331929000	info@notar-voran.de	Hallhof 6, 87700 Memmingen (/1. Stock)	Notar	1	1
78	2024-06-24 05:18:23.945355+00	2024-06-24 05:18:23.945355+00	pi	wo	Mihaela Amalia	Birsan						birsan.amalia@gmail.com	Feldstr.15, 63329 Egelsbach		1	1
79	2024-06-24 06:00:57.049874+00	2024-06-24 06:00:57.049874+00	pi	ma	Clement-Emil	Cârdan					004915147423707				1	1
80	2024-06-24 13:45:23.416587+00	2024-06-24 13:45:23.416587+00	pi	ma	Răzvan-Daniel	Codre					0040771607900		Am Haselbusch 10, 98617 Meiningen		1	1
83	2024-06-26 07:36:13.194944+00	2024-06-26 07:36:13.194944+00	sp	wo	Janett	Talke					0049365290570	notarin@talke.org	Humboldtstraße 29, 07545 Gera	Notar	1	1
84	2024-06-26 07:49:57.443341+00	2024-06-26 07:49:57.443341+00	co	ma	Gerd	Lange		LANGE Notar & Rechtsanwälte			0049511368840	mail@notarlange.de	Schiffgraben 23, 30159 Hannover	Notar	1	1
85	2024-06-27 03:14:34.099889+00	2024-06-27 03:14:34.099889+00	sp	ma	Tim	Kraus					004997765008	mail@notar-kraus.de	Erfurter Str. 23, 97638 Mellrichstadt	Notar	1	1
86	2024-06-27 11:00:01.118345+00	2024-06-27 11:00:01.118345+00	pi	ma	Ștefăniță-Dănuț	Dorobanțu					0040759586425		Waldstraße 8, 39291 Möckern		1	1
87	2024-06-27 11:20:32.972403+00	2024-06-27 11:20:32.972403+00	pi	ma	Luis Alejandro Ramos	Morán					00491629164480	luisramosmoran7@gmail.com	Friedenstraße 1a  39112, Magdeburg		1	1
89	2024-06-27 18:25:22.791393+00	2024-06-27 18:25:22.791393+00	sp	ma	Jürgen	Schneider					0049391857902	schneider-translation@t-online.de	Erich Kästener Str. 9, 39114 Magdeburg	Übersetzer Spanisch	1	1
88	2024-06-27 12:09:16.659144+00	2024-06-27 14:00:10.46538+00	pi	ma	Alexandru	Panfil					00491756264863	info@panfil-fbh.de	Eichendorff Str. 6 ,  57610 Altenkirchen		1	1
90	2024-06-28 10:11:38.481906+00	2024-06-28 10:11:38.481906+00	sp	wo	Sonja	Krause					00493920162013	info@notarin-krause.de	Bahnhofstraße 37, 39326 Wolmirstedt	Notar	1	1
91	2024-07-01 06:43:20.256405+00	2024-07-01 06:43:20.256405+00	pi	wo	Iulia-Gabriela	Lingurar					004915510330930		Uhlandstr. 4 // 03, 08525 Plauen		1	1
93	2024-07-01 07:02:44.425721+00	2024-07-01 07:02:55.93247+00	sp	ma	Hans	Peller					0049374115130	notar@notar-peller.de	Klosterstraße 1, 08523 Plauen	Notar	1	1
92	2024-07-01 06:56:03.442924+00	2024-07-01 08:38:17.823296+00	pi	ma	Puiu	Niculae					004915222309309		Olvenstedter Scheid 53, 39130 Magdeburg		1	1
94	2024-07-01 10:27:56.810981+00	2024-07-01 10:27:56.810981+00	sp	wo	Dagmar	Hesse					004915150974290	Hesse-Buero@gmx.de	Karl-Marx-Str. 14, D-06484 Ditfurt	Übersetzer Tschechisch	1	1
95	2024-07-01 15:39:48.205175+00	2024-07-01 15:39:48.205175+00	sp	ma	Matthias	Golz					00493923780019	info@notar-golz.de	Alte Brücke 45, 39261 Zerbst/Anhalt	Notar	1	1
96	2024-07-02 10:42:28.943908+00	2024-07-02 10:42:28.943908+00	pi	wo	Inna	Reznikova					00491754141467		Lion-Feuchtwanger-Straße 18, 39120 Magdeburg		1	1
97	2024-07-03 05:19:24.489607+00	2024-07-03 05:19:24.489607+00	pi	ma	Fiodor	Bocancea					0037367372444				1	1
98	2024-07-06 07:20:26.665692+00	2024-07-06 07:23:11.474666+00	pi	ma	Petru	Tulea					0037367233770		Akazienstr. 38, 27751 Delmenhorst		1	1
99	2024-07-09 06:05:06.495384+00	2024-07-09 06:05:16.950713+00	pi	wo	Camelia	Lösch					004917624147647		Richard-Wagner-Str. 20, 89250 Senden		1	1
100	2024-07-09 06:06:38.936204+00	2024-07-09 06:21:10.279239+00	pi	wo	Ana	Alexe					004915256042454 		Suarezstraße 43, 14057 Berlin, Deutschland		1	1
101	2024-07-10 06:32:17.140265+00	2024-07-10 06:32:17.140265+00	pi	ma	Mihai	Sebastian					004915773756179		Köln		1	1
102	2024-07-11 07:18:43.7543+00	2024-07-11 07:18:43.7543+00	pi	wo	Lina	Shaban							Rosenthal str 5a, 39124  Magdeburg		1	1
103	2024-07-11 07:52:26.270249+00	2024-07-11 07:52:26.270249+00	pi	wo	Gheorghița	Popescu					0040724583107		Kurt-Schumacher-Str. 10, 44534 Lünen		1	1
104	2024-07-12 09:26:01.087205+00	2024-07-12 09:26:01.087205+00	pi	wo	Manuela-Florentina	Ostendörfer					004917620605975		Vorwerkstr. 12,  85051 Ingolstadt		1	1
105	2024-07-16 06:24:08.470632+00	2024-07-16 06:27:25.004449+00	pi	wo	Mihaela	Sergheev					0037369048440		Bahnikstraße 13, 39112 Magdeburg		1	1
106	2024-07-16 09:37:33.70917+00	2024-07-16 09:37:33.70917+00	pi	ma	Ioana	Nichifor					0040760080866		Rathausstraße 39, 65203 Wiesbaden Biebrich		1	1
108	2024-07-16 12:19:38.644898+00	2024-07-16 12:19:38.644898+00	sp	ma	Peter	Krolopp					00493916209334	notar-peter-krolopp@notarnet.de	Humboldtstraße 2, 39112 Magdeburg	Notar	1	1
107	2024-07-16 10:08:42.786465+00	2024-07-17 08:02:57.599077+00	pi	ma	Augustin-Nicolae	Varga					0040799318456		Gotthardstraße 118, 80689 München		1	1
109	2024-07-18 07:24:53.106655+00	2024-07-18 07:24:53.106655+00	pi	ma	Mugur-Nicolae	Sidoriuc					004917672966124		Lange Straße 37, 60311 Frankfurt am Main		1	1
110	2024-07-18 09:52:01.706805+00	2024-07-18 09:52:01.706805+00	pi	ma	Sergej	Kruzalski					004917647646712		Heinrich-Rau-Straße 26, 39218 Schönebeck		1	1
111	2024-07-20 07:16:02.08354+00	2024-07-20 07:16:02.08354+00	pi	wo	Gabriela	Bamboi					004915213615256		Grünstraße 14, 39124 Magdeburg		1	1
113	2024-07-22 09:09:59.03604+00	2024-07-22 09:09:59.03604+00	co	ma	Rainer	Werum		Werum.Notare			00496924741550	mail@werum.law	Roßmarkt 14, 60311 Frankfurt am Main	Notar	1	1
125	2024-07-26 06:33:04.067136+00	2024-07-26 06:33:04.067136+00	co	ma	Thomas	Wilcken		Notarkanzlei Dr. Gottschalk, Hienstorfer, Wilcken und Partner			0049432143480	info@ghs-anwaelte.de	Lütjenstraße 12, 24534 Neumünster	Notar	1	1
114	2024-07-23 06:42:29.192508+00	2024-07-23 07:04:06.42702+00	pi	ma	Victor	Alexa					004915758904706	alexavictor96@gmail.com	Mühlenberg 52, 31547 Rehburg-Loccum		1	1
115	2024-07-23 08:08:34.878817+00	2024-07-23 08:08:34.878817+00	pi	wo	Mihaela-Măcinica	Rusu					004915168601558		Am Waldberg 25, 74670 Forchtenberg		1	1
116	2024-07-23 08:34:14.094049+00	2024-07-23 08:34:14.094049+00	pi	ma	Artur	Harcomici					0040723425431		Wasbeker Straße 38A, 24534 Neumünster		1	1
117	2024-07-23 10:37:58.968972+00	2024-07-23 10:37:58.968972+00	pi	wo	Roxana-Silviana	Ciobanu					004915175334029		Rudolf-Elle-Straße 3, 07607 Eisenberg		1	1
112	2024-07-20 07:58:23.124512+00	2024-07-24 06:09:36.331781+00	pi	wo	Andreea	Zaharia					004917626091944	zaharia.valer.iulius@gmail.com	Bahnhofstr. 39,  85591 Vaterstetten		1	1
118	2024-07-24 07:55:59.290189+00	2024-07-24 07:55:59.290189+00	sp	ma	Martin	Seikel					004936691830990	notar.seikel@notarnet.de	Friedrich-Ebert-Straße 29, 07607 Eisenberg	Notar	1	1
126	2024-07-26 06:35:45.82666+00	2024-07-26 06:35:45.82666+00	sp	ma	Jonas	Pfizenmayer					004979416979560	info@notar-veitinger.de	Haagweg 35, 74613 Öhringen	Notar	1	1
127	2024-07-26 09:17:34.446832+00	2024-07-26 09:17:34.446832+00	pi	ma	Madalin	Florea					00491795669658		Josefstaler Str. 24,  83727 Schliersee		1	1
123	2024-07-25 06:50:21.408571+00	2024-07-25 12:11:07.660245+00	pi	ma	Nicolae-Bogdan	Savuț							Wilhelms Heide 8, 49451 Holdorf		1	1
121	2024-07-24 13:24:44.951264+00	2024-07-25 12:36:09.939673+00	pi	ma	Ștefan	Chetrari					00393669071861		Fechenheimer Weg 24, 63477 Maintal		1	1
133	2024-07-31 08:33:46.73839+00	2024-07-31 08:34:14.792835+00	co	ma	Wolfgang	Kleeberger		Dr. Kleeberger und Dr. Schlögel			0049806135080	mail@notare-ksc.de	Maximilianspl. 1, 83043 Bad Aibling	Notar	1	1
120	2024-07-24 11:53:38.911762+00	2024-07-29 06:17:52.080279+00	pi	ma	Daniel Gheorghe	Ciorna					004917666889096	smecheru_daniel2008@yahoo.com	Magdeburg		1	1
128	2024-07-29 09:07:53.00652+00	2024-07-29 09:07:53.00652+00	sp	wo	Patricia	Hăbășescu					004915165677391	patriciahabasescu@gmail.com	10629 Berlin	Übersetzer Rumänisch	1	1
129	2024-07-29 10:08:04.912585+00	2024-07-29 10:08:04.912585+00	pi	ma	Vitali	Godorogea					0037362042809		Leckringhäuser Str. 8A, 34466 Wolfhagen		1	1
131	2024-07-29 14:22:40.684711+00	2024-07-29 14:33:47.395223+00	pi	wo	Alexandra Ioana	Baltaretu					0040741922050		Eybstraße B244, 86633 Neuburg a. d. Donau		1	1
134	2024-07-31 09:26:06.224197+00	2024-07-31 09:26:06.224197+00	sp	ma	Hagen	Wolff					00496214017570	mail@notar-drwolff.de	O3 11-12, 68161 Mannheim	Notar	1	1
119	2024-07-24 08:28:54.616766+00	2024-07-29 15:22:52.071317+00	pi	ma	Lenuta Corina	Matraș					004915738629253	Black_angel_alex24@yahoo.com	Nußdorfer Str. 6, 70435 Stuttgart Zuffenhausen		1	1
132	2024-07-31 05:29:19.017079+00	2024-07-31 05:29:19.017079+00	pi	ma	Marin	Almăjanu					004915217985804		Beethovenstraße 18, 08525 Plauen		1	1
130	2024-07-29 11:03:39.420158+00	2024-07-31 08:17:17.884148+00	pi	wo	Diana	Merjan					004915510802745		Lammgasse 5, 88299 Leutkirch im Allgäu		1	1
124	2024-07-25 13:50:31.063354+00	2024-07-31 09:27:42.918661+00	pi	wo	Victoria	Focht					004917624288060		Am Steingarten 11, 68169 Mannheim		1	1
135	2024-08-01 06:48:14.911649+00	2024-08-01 06:48:14.911649+00	pi	ma	Vladimir	Capcelea					004917661333654		Haydnstr. 3a, 93053 Regensburg		1	1
138	2024-08-04 17:05:57.658881+00	2024-08-04 17:05:57.658881+00	pi	ma	Cosmina-Denisa	Anghel					004915210266746 		Wüstrathstraße 2,  47829 Krefeld		1	1
139	2024-08-04 17:07:24.747242+00	2024-08-04 17:07:24.747242+00	pi	ma	Roman	Melnic					0040739437450		Steinfurther Str. 4a, 61231 Bad Nauheim		1	1
140	2024-08-04 18:12:28.016506+00	2024-08-04 18:12:28.016506+00	pi	ma	Huziev	Dmytro					00491602406144	dmitriy.kharczsk@gmail.com	Unterdorf 10, 82069 Schäftlarn		1	1
137	2024-08-04 16:39:57.853308+00	2024-08-05 11:05:37.624964+00	pi	ma	Verginica	Geiger					004915510156287		Schützenstraße 15, 86830 Schwabmünchen		1	1
122	2024-07-25 06:08:50.168151+00	2024-08-09 07:30:25.175889+00	pi	wo	Cristina	Toderașco					0037368213815		Rathauspl. 2, 78166 Donaueschingen		1	1
191	2024-09-05 11:16:03.279603+00	2024-09-05 11:19:11.376332+00	pi	ma	Robert-Adrian	Matifălean							Heppstr. 81, 72760 Reutlingen		1	1
141	2024-08-05 08:11:48.271232+00	2024-08-05 08:13:31.989989+00	pi	wo	Anastasia	Efimuc					004915167754020		Kaiserstraße  91, 63065 Offenbach am Main		1	1
142	2024-08-05 10:56:23.517615+00	2024-08-05 10:57:09.25703+00	pi	wo	Cornelia	Ghiță					004915175957937				1	1
143	2024-08-06 09:00:10.602277+00	2024-08-06 09:00:10.602277+00	pi	ma	Constantin	Mazilu					004915235858098		Pflanzenländer Weg 3, 63683 Ortenberg		1	1
144	2024-08-07 09:03:29.611184+00	2024-08-07 11:02:57.570694+00	pi	wo	Cristina-Ionelia	Boca					00491795669658		Josefstaler Str. 24, 83727 Schliersee		1	1
145	2024-08-07 17:15:11.326189+00	2024-08-07 17:15:11.326189+00	pi	ma	Dan-Florentin	Iosif					00491639326011		Girbelsratherstraße 46, 52351 Düren		1	1
146	2024-08-07 17:21:36.275162+00	2024-08-07 17:21:36.275162+00	pi	ma	Alex	Boncu					0040727479967		Apenrader Str. 23, 24939 Flensburg		1	1
149	2024-08-08 12:46:17.720422+00	2024-08-08 12:46:17.720422+00	pi	ma	Mihai-Ioan	Bozesan					004915510092663				1	1
177	2024-08-29 09:34:50.125179+00	2024-08-29 09:34:50.125179+00	pi	ma	Dan Dumitru	Mortoiu					004917641506464	dan_mortoiu@yahoo.com	Am Estedeich 4c , 21614 Buxtehude		1	1
150	2024-08-09 09:48:32.297968+00	2024-08-09 09:48:32.297968+00	sp	ma	Dietrich	Schenke					0049461520770	baeuerle@khs-flensburg.de	Stuhrsallee 35, 24937 Flensburg	Notar	1	1
148	2024-08-08 11:39:37.685975+00	2024-08-09 10:28:20.138798+00	pi	ma	Ion	Dontu					004915211483235		St.-Josef-Straße 90, 39130 Magdeburg		1	1
151	2024-08-09 12:25:11.338216+00	2024-08-09 12:25:11.338216+00	sp	ma	Markus	Winterhalter					00497719226930	poststelle@notar-winterhalter.de	Mühlenstraße 20, 78166 Donaueschingen	Notar	1	1
152	2024-08-09 15:40:26.46528+00	2024-08-09 15:40:26.46528+00	pi	ma	Emerik-Iuliu	Sas					004915510213362		Adolf-Todt-Straße 8, 65203 Wiesbaden		1	1
153	2024-08-10 07:06:22.375028+00	2024-08-10 07:06:22.375028+00	pi	ma	Florin	Heveş					0048501833541	hevesflorin14@gmai.com	Schlachthofstraße 16, 44649 Herne		1	1
154	2024-08-12 06:51:57.37006+00	2024-08-12 06:51:57.37006+00	sp	wo	Melanie	Kleine					00496997392150	kleine@kanzlei-kleine.de	Frankfurter Str. 111b, 63067 Offenbach am Main	Notar	1	1
147	2024-08-08 11:37:06.910377+00	2024-08-12 10:38:49.454979+00	pi	ma	Dumitru	Matvei							Weidenhof 5, 14478 Potsdam		1	1
155	2024-08-12 13:21:16.521442+00	2024-08-12 13:21:16.521442+00	sp	ma	Lutz	Hoppe					0049611989190	hoppe@rechtsanwalt-wiesbaden.de	Biebricher Allee 23, 65187 Wiesbaden	Notar	1	1
178	2024-09-02 07:05:32.34593+00	2024-09-02 07:05:32.34593+00	pi	ma	Viorel-Cornel	Mureșan					004917663471644 		Feuerbach Walterstr. 6, 70469 Stutgart		1	1
157	2024-08-13 12:07:50.067243+00	2024-08-13 12:07:50.067243+00	pi	wo	Cristiana-Mădălina	Spătaru					0040724284010		Pestalozzistraße 33, 08523 Plauen		1	1
158	2024-08-14 05:48:56.198096+00	2024-08-14 05:48:56.198096+00	pi	wo	Lucreția	Mureșan					004915213569753		Rendlenstraße 14, 70469 Stuttgart		1	1
161	2024-08-14 06:29:20.643569+00	2024-08-14 06:29:20.643569+00	pi	wo	Tetiana	Zhulanova					00380985520963		Hermann-Böcker-Str. 3, 82140 Olching		1	1
160	2024-08-14 05:52:05.028869+00	2024-08-15 08:36:12.803668+00	pi	ma	Dinu-Gheorghe	Cucerzan					004915751447857		Böblingerstrasse 12, 71139 Ehningen		1	1
162	2024-08-15 12:50:39.587809+00	2024-08-15 12:50:39.587809+00	sp	ma	Hartmut	Rank		Übersetzungsbüro RANK			004915207037600		Eichenstr. 3, 06198 Salzatal OT Schochwitz	Übersetzer Ukrainisch	1	1
163	2024-08-16 07:16:11.592627+00	2024-08-16 07:16:11.592627+00	pi	wo	Andreea-Mădălina	Petre					004915510373594		Gottfried Str. 3, 49584 Fürstenau		1	1
164	2024-08-16 07:20:51.175105+00	2024-08-16 07:20:51.175105+00	pi	ma	Siegfried G.	Schneider		SBI Notare			00497112229250	info@notare-sbi.de	Sporerstraße 15, 70173 Stuttgart	Notar	1	1
165	2024-08-16 11:49:05.352366+00	2024-08-16 11:49:05.352366+00	pi	ma	Nicolae G.	Baciu					004915566634123	abaciu931@gmail.com	Flechtinger Str.  57, 39110 Magdeburg		1	1
156	2024-08-13 06:34:38.547207+00	2024-08-19 10:27:59.923108+00	co	ma	Thorsten	Fischer		Flyeralarm GmbH			0049931465840		Alfred-Nobel-Str. 18, 97080 Würzburg	Design, Druckerei	1	1
166	2024-08-20 09:31:56.734304+00	2024-08-20 09:31:56.734304+00	pi	ma	Klaus	Uthoff		Geers - Overhoff - Uthoff			004959011091	rechtsanwaelte@geers-overhoff.de	Konrad-Adenauer-Straße 15, 49584 Fürstenau	Notar	1	1
167	2024-08-23 09:47:33.986249+00	2024-08-23 09:47:33.986249+00	pi	ma	Sergiu	Stinga		S_G-Bauleistungen			004915775412514		Hauptstraße 9, 39343 Schackensleben	Bauleistungen	1	1
168	2024-08-26 08:45:44.275048+00	2024-08-26 08:45:44.275048+00	pi	ma	Ioan	Simonyak					00491607543815		Kaltbronner Str. 12, 87764 Legau		1	1
170	2024-08-26 11:44:38.77468+00	2024-08-26 11:44:38.77468+00	pi	ma	Constantin-Eugen	Vilău-Hăinaru					0040768606343		Auf d. Klinge 3, 86757 Wallerstein		1	1
169	2024-08-26 11:04:18.016671+00	2024-08-27 06:47:38.318935+00	pi	ma	Galina	Mahu					004917687304442	gruzcovgalina@gmail.com	Morsbacher Str. 30, 52146 Würselen		1	1
171	2024-08-27 08:01:14.574361+00	2024-08-27 08:01:14.574361+00	co	ma	Oliver	Groll		Arens & Groll u. Kollegen			0049441350350	mail@ra-arens.de	Cloppenburger Str. 46, 26135 Oldenburg	Notar	1	1
172	2024-08-27 09:27:21.234272+00	2024-08-27 09:27:21.234272+00	pi	wo	Claudia	Stenzel					004990818050650	info@notarin-stenzel.de	Weinmarkt 8, 86720 Nördlingen	Notar	1	1
173	2024-08-27 09:32:36.644257+00	2024-08-27 09:32:36.644257+00	pi	wo	Samira-Ramona	Dinescu					00491627671191				1	1
175	2024-08-27 13:07:05.385769+00	2024-08-27 13:07:05.385769+00	pi	ma	Ionuț	Călin					004915773718084 		Gerhart-Hauptmann-Hof 1, 56626 Andernach		1	1
176	2024-08-28 09:28:13.93468+00	2024-08-28 09:28:13.93468+00	co	ma	Stephan	Schuck		Dr. Schuck & Dr. Reichert			0049263249770	info@schuck-reichert.de	Rennweg 97, 56626 Andernach	Notar	1	1
174	2024-08-27 12:44:16.581916+00	2024-08-28 12:46:53.415739+00	pi	ma	Mindra	Gabor					0040755424013	pvkonzept@gmail.com	Haverländer Str. 7, 39615 Groß Garz		1	1
179	2024-09-02 07:42:57.253935+00	2024-09-02 08:09:42.324216+00	pi	wo	Vasilica	Moraru					004915218642620		Eickenstraße 38, 58300 Wetter		1	1
180	2024-09-02 11:55:22.002+00	2024-09-02 11:55:22.002+00	pi	wo	Laura	Cobîlaș					004915217534674		Deulstraße 21, 12459 Berlin		1	1
182	2024-09-03 06:39:48.68019+00	2024-09-03 06:39:48.68019+00	pi	ma	Florian-Vasile	Catana					00491629830896		Venhauser Str. 11, 48480 Spelle		1	1
184	2024-09-04 04:40:26.851697+00	2024-09-04 04:43:23.505017+00	pi	wo	Olena	Kaleniuk							Einsteinstraße 26, 39307 Genthin		1	1
181	2024-09-02 16:34:12.493862+00	2024-09-03 07:48:01.294366+00	pi	ma	Valentin	Cotelea					004917660605175		Schmiedstraße 7, 84547 Emmerting		1	1
183	2024-09-03 08:06:07.288425+00	2024-09-03 08:06:07.288425+00	pi	ma	Florin-Gabriel	Crețu					004917642057899		Birkenstraße 8,  56587 Straßenhaus		1	1
187	2024-09-04 08:30:20.473834+00	2024-09-04 08:30:20.473834+00	pi	ma	Olivier	Takou					004917643295155		Magdeburg		1	1
186	2024-09-04 08:28:01.558621+00	2024-09-04 08:28:01.558621+00	sp	ma	Dieter	Mengwasser					00491776218429 / 00493916218429	Dieter.Mengwasser@t-online.de	Otto-Baer-Str. 33, 39118 Magdeburg	Übersetzerin Russisch, Französisch	1	1
188	2024-09-04 08:55:14.803543+00	2024-09-04 08:55:14.803543+00	pi	wo	Roxana	Mocanu					004917663454681	mocanuroxanaroxana28@gmail.com	Goethestraße 5, 72218 Wildberg		1	1
189	2024-09-04 10:29:05.34724+00	2024-09-04 10:29:05.34724+00	pi	ma	Jürgen	Schmidt		Schmidt & Dr. Kögler			0049263198820	info@schmidtkoegler-notare.de	Heddesdorfer Str. 3, 56564 Neuwied	Notar	1	1
190	2024-09-05 10:19:56.205402+00	2024-09-05 10:19:56.205402+00	sp	ma	Christian	Kümpers					0049597116210	christian.kuempers@raekuempers.de	Neuenkirchener Str. 14, 48431 Rheine	Notar	1	1
192	2024-09-05 11:24:01.207227+00	2024-09-05 11:24:21.028813+00	pi	wo	Claudia	Moldovan					004915510330930		Uhlandstr. 4 // 03, 08525 Plauen		1	1
185	2024-09-04 08:24:48.699575+00	2024-09-05 13:03:32.127915+00	sp	wo	Gabriele	Fiebig					004917640157375	GFiebig@gmx.net	Arndtstr.29, 39108 Magdeburg	Übersetzer Englisch, Französisch	1	1
193	2024-09-05 16:51:06.299012+00	2024-09-05 16:51:06.299012+00	pi	wo	Antonia	Gheorghiu					004915756504037		Ohmstr. 24, 45143 Essen		1	1
194	2024-09-09 10:28:30.462715+00	2024-09-09 10:28:30.462715+00	pi	ma	Toma	Stanca					0040765694832		Jakob-Müller-Str. 1, 86825 Bad Wörishofen		1	1
195	2024-09-09 11:21:02.110097+00	2024-09-09 11:21:02.110097+00	pi	wo	Liudmyla	Kamenchuk						ludmilkakamenchuk@gmail.com	W.-I.-Lenin-Straße 13, 19370 Parchim		1	1
196	2024-09-09 17:32:53.276699+00	2024-09-09 17:32:53.276699+00	pi	ma	Renat	Kysilov					00380952402745	renatkiselev9@gmail.com	Bahnhofstraße 15, 82340 Feldafing		1	1
198	2024-09-10 08:39:44.854357+00	2024-09-10 08:39:44.854357+00	pi	wo	Hanna	Mirko							Bebertaler Str. 4, 39124 Magdeburg		1	1
199	2024-09-10 09:11:40.510388+00	2024-09-10 09:11:40.510388+00	pi	ma	Michael	Zachhuber		Zachhuber & Schönrock			00493021458250	buero@kanzlei-zs.de	Bahnhofstraße 33, 12555 Berlin	Notar	1	1
201	2024-09-11 09:43:05.364463+00	2024-09-11 09:43:05.364463+00	pi	ma	Klaus-Peter	Lindow		Heinemann & Partner			004920110956	info@raehp.de	III. Hagen 30, 45127 Essen	Notar	1	1
200	2024-09-11 07:17:19.305836+00	2024-09-11 10:37:14.033887+00	pi	wo	Ana Maria	Pelinar							Str. Alunului 13-13A, 077025 Bragadiru , Rumänien		1	1
202	2024-09-12 07:00:22.194322+00	2024-09-12 07:00:22.194322+00	pi	ma	Vasile-Mircea	Postei					004915758557970		Baustädterstr. 4, 85258 Weichs		1	1
197	2024-09-10 06:59:13.693795+00	2024-09-12 11:19:16.722279+00	pi	wo	Estera	Lazăr					0040799030433		Magdeburg		1	1
203	2024-09-12 12:57:54.036011+00	2024-09-12 12:57:54.036011+00	sp	ma	Felix	Odersky					004981315699180	notare@dachau-sparkassenplatz.de	Sparkassenplatz 9, 85221 Dachau	Notar	1	1
204	2024-09-13 12:00:07.369125+00	2024-09-13 12:00:07.369125+00	pi	ma	 Eugeniu	Andriuta					004917684583824		Jettinger Str. 56, 71126 Gäufelden		1	1
205	2024-09-14 06:43:13.849814+00	2024-09-14 06:43:13.849814+00	pi	ma	Yuliia	Berezovska						lanigera84@gmail.com			1	1
206	2024-09-15 09:33:25.764023+00	2024-09-15 09:33:25.764023+00	pi	ma	-	-		Woolworth					Deutschland	Laden	1	1
207	2024-09-15 09:41:26.544623+00	2024-09-15 09:41:26.544623+00	pi	ma	-	-		CIGO					Deutschland	Laden	1	1
208	2024-09-16 16:21:59.72853+00	2024-09-16 16:21:59.72853+00	pi	ma	Ilie	Vasile					0040767112841		Dessauerstr. 44, 45472 Mülheim		1	1
210	2024-09-16 18:29:55.462252+00	2024-09-16 18:29:55.462252+00	pi	ma	-	-		Deutsche Post					Deutschland	Post	1	1
211	2024-09-17 07:01:15.675939+00	2024-09-17 07:01:15.675939+00	co	ma	Joachim	Gores		KÜMMERLEIN Rechtsanwälte & Notare			00492011756600	nathalie.kutsch@kuemmerlein.de	Messeallee 2, 45131 Essen	Notar	1	1
212	2024-09-17 07:10:06.914739+00	2024-09-17 07:10:06.914739+00	co	ma	-	-		E-Plus Service GmbH						Telefon	1	1
213	2024-09-17 14:03:27.843555+00	2024-09-17 14:03:27.843555+00	sp	wo	Christiane	Stoye-Benk					00497114909930	mail@notare-sbl.de	Maybachstraße 20, 70469 Stuttgart	Notar	1	1
214	2024-09-18 06:12:42.36091+00	2024-09-18 06:12:42.36091+00	pi	wo	Roxana	Tudor					00491634304969		Magdeburg		1	1
215	2024-09-18 14:48:35.824689+00	2024-09-18 14:48:35.824689+00	pi	ma	Serhii	Yeshchenko					004915238301180	serhii_yeshchenko@web.de	Innerer Ring 12a, 77977 Rust		1	1
216	2024-09-18 15:03:51.701559+00	2024-09-18 15:03:51.701559+00	co	ma	-	-		Zervant						Rechnungsprogram	1	1
217	2024-09-18 15:11:08.259604+00	2024-09-18 15:11:08.259604+00	pi	ma	Viorica	Arhirie		A.Z. Consulting GmbH			00493914020582	az-arhirie@planet.ms	Schönebecker Str. 82-84, 39104 Magdeburg	Buchhaltung	1	1
209	2024-09-16 17:53:58.956659+00	2024-09-18 15:18:16.114184+00	pi	ma	Petru-Alexandru	Coca					004915218192747		Kestenweg 1, 54293 Trier		1	1
218	2024-09-18 15:50:51.485674+00	2024-09-18 15:53:48.890647+00	pi	wo	Mirela-Simona	Bader					00491637887431	b.mirela@gmx.de	Feldstraße 37, 28832 Achim		1	1
219	2024-09-19 06:51:34.394033+00	2024-09-19 06:51:34.394033+00	pi	wo	Larisa	Tânjală					004915216687710		Voltastraße 61, D 60486 Frankfurt am Main		1	1
220	2024-09-19 08:23:30.05123+00	2024-09-19 08:23:30.05123+00	pi	ma	-	-		Edeka					Deutschland	Laden	1	1
221	2024-09-19 10:30:27.230615+00	2024-09-19 10:30:27.230615+00	pi	ma	Elena	Dondos					004915776925928		Schäferhof 1b, 31582 Nienburg Weser		1	1
222	2024-09-19 13:58:08.783545+00	2024-09-19 13:58:08.783545+00	pi	wo	Florina	Ciulei					0040766511935		Tecklenburger Str. 41, 49525 Lengerich		1	1
223	2024-09-19 14:08:42.675611+00	2024-09-19 14:08:42.675611+00	sp	ma	Marius	Fries					0049651970790	info@notar-fries.de	Ausoniusstraße 6, 54292 Trier	Notar	1	1
224	2024-09-19 17:24:50.746771+00	2024-09-19 17:24:50.746771+00	pi	wo	Ala	Caraus					00491788868039		Untergasse 7A, 61440 Oberursel (Taunus)		1	1
\.


--
-- Data for Name: services_currency; Type: TABLE DATA; Schema: public; Owner: postgres
--

COPY public.services_currency (id, name, symbol) FROM stdin;
1	Euro	€
2	Dollar	$
3	Leu	ron
\.


--
-- Data for Name: services_serial; Type: TABLE DATA; Schema: public; Owner: postgres
--

COPY public.services_serial (id, offer_serial, offer_number, order_serial, order_number, p_order_serial, p_order_number, proforma_serial, proforma_number, invoice_serial, invoice_number, receipt_serial, receipt_number) FROM stdin;
1	A	4	B	138	P	50	PRO	7	RE	28	BE	2
\.


--
-- Data for Name: services_service; Type: TABLE DATA; Schema: public; Owner: postgres
--

COPY public.services_service (id, name, price_min, price_max, icon, currency_id, um_id) FROM stdin;
1	Übersetzung	30.00	55.00	mdi-google-translate	1	1
2	Redaktionsservice	25.00	35.00	mdi-file-word-box	1	1
5	Untertitel	3.00	6.00	mdi-closed-caption	1	6
6	Dolmetschen	50.00	300.00	mdi-message-text-outline	1	5
7	Versand	5.00	10.00	mdi-truck menu-icon	1	1
8	Vermittlung Services	50.00	100.00	mdi-star-box	1	1
4	Vermittlung Apostille	25.00	50.00	mdi-star-circle	1	1
3	Vermittlung Notar	20.00	60.00	mdi-seal	1	1
9	Sonstiges	1.00	100.00	mdi-shape-outline	1	1
\.


--
-- Data for Name: services_status; Type: TABLE DATA; Schema: public; Owner: postgres
--

COPY public.services_status (id, name, style, percent) FROM stdin;
1	Warten	danger	20
2	Bestätigt	primary	40
3	In Bearbeitung	info	60
4	In Überprüfung	warning	80
5	Geliefert	success	100
6	Abgebrochen	dark	100
\.


--
-- Data for Name: services_um; Type: TABLE DATA; Schema: public; Owner: postgres
--

COPY public.services_um (id, name) FROM stdin;
1	Stk.
2	S.
3	Zl.
4	Tg.
5	Std.
6	Min.
\.


--
-- Data for Name: users_customuser; Type: TABLE DATA; Schema: public; Owner: postgres
--

COPY public.users_customuser (id, password, last_login, is_superuser, username, first_name, last_name, email, is_staff, is_active, date_joined, date_of_birth, profile_picture, phone, address) FROM stdin;
1	pbkdf2_sha256$600000$nKiXFtunEEko7PPjNv1tDO$P5Ag7uJYk0N0pkKMH+NWMOBH0lWatJPVSg1gmZNlcOU=	2024-09-14 15:46:19.465101+00	t	agradu	Adrian George	Radu	adrian.george.radu@gmail.com	t	t	2024-05-23 08:09:33.965503+00	1977-03-11	profile_pictures/my-profile-default_Fub3HUt.jpg	00491636299796	Hektorweg 20, 39118, Magdeburg
\.


--
-- Data for Name: users_customuser_groups; Type: TABLE DATA; Schema: public; Owner: postgres
--

COPY public.users_customuser_groups (id, customuser_id, group_id) FROM stdin;
\.


--
-- Data for Name: users_customuser_user_permissions; Type: TABLE DATA; Schema: public; Owner: postgres
--

COPY public.users_customuser_user_permissions (id, customuser_id, permission_id) FROM stdin;
\.


--
-- Name: appointments_appointment_id_seq; Type: SEQUENCE SET; Schema: public; Owner: postgres
--

SELECT pg_catalog.setval('public.appointments_appointment_id_seq', 59, true);


--
-- Name: auth_group_id_seq; Type: SEQUENCE SET; Schema: public; Owner: postgres
--

SELECT pg_catalog.setval('public.auth_group_id_seq', 1, false);


--
-- Name: auth_group_permissions_id_seq; Type: SEQUENCE SET; Schema: public; Owner: postgres
--

SELECT pg_catalog.setval('public.auth_group_permissions_id_seq', 1, false);


--
-- Name: auth_permission_id_seq; Type: SEQUENCE SET; Schema: public; Owner: postgres
--

SELECT pg_catalog.setval('public.auth_permission_id_seq', 92, true);


--
-- Name: django_admin_log_id_seq; Type: SEQUENCE SET; Schema: public; Owner: postgres
--

SELECT pg_catalog.setval('public.django_admin_log_id_seq', 53, true);


--
-- Name: django_content_type_id_seq; Type: SEQUENCE SET; Schema: public; Owner: postgres
--

SELECT pg_catalog.setval('public.django_content_type_id_seq', 23, true);


--
-- Name: django_migrations_id_seq; Type: SEQUENCE SET; Schema: public; Owner: postgres
--

SELECT pg_catalog.setval('public.django_migrations_id_seq', 11, true);


--
-- Name: invoices_invoice_id_seq; Type: SEQUENCE SET; Schema: public; Owner: postgres
--

SELECT pg_catalog.setval('public.invoices_invoice_id_seq', 63, true);


--
-- Name: invoices_invoiceelement_id_seq; Type: SEQUENCE SET; Schema: public; Owner: postgres
--

SELECT pg_catalog.setval('public.invoices_invoiceelement_id_seq', 131, true);


--
-- Name: invoices_proforma_id_seq; Type: SEQUENCE SET; Schema: public; Owner: postgres
--

SELECT pg_catalog.setval('public.invoices_proforma_id_seq', 6, true);


--
-- Name: invoices_proformaelement_id_seq; Type: SEQUENCE SET; Schema: public; Owner: postgres
--

SELECT pg_catalog.setval('public.invoices_proformaelement_id_seq', 13, true);


--
-- Name: orders_offer_id_seq; Type: SEQUENCE SET; Schema: public; Owner: postgres
--

SELECT pg_catalog.setval('public.orders_offer_id_seq', 3, true);


--
-- Name: orders_offerelement_id_seq; Type: SEQUENCE SET; Schema: public; Owner: postgres
--

SELECT pg_catalog.setval('public.orders_offerelement_id_seq', 7, true);


--
-- Name: orders_order_id_seq; Type: SEQUENCE SET; Schema: public; Owner: postgres
--

SELECT pg_catalog.setval('public.orders_order_id_seq', 186, true);


--
-- Name: orders_orderelement_id_seq; Type: SEQUENCE SET; Schema: public; Owner: postgres
--

SELECT pg_catalog.setval('public.orders_orderelement_id_seq', 338, true);


--
-- Name: payments_payment_id_seq; Type: SEQUENCE SET; Schema: public; Owner: postgres
--

SELECT pg_catalog.setval('public.payments_payment_id_seq', 61, true);


--
-- Name: payments_paymentelement_id_seq; Type: SEQUENCE SET; Schema: public; Owner: postgres
--

SELECT pg_catalog.setval('public.payments_paymentelement_id_seq', 61, true);


--
-- Name: persons_person_id_seq; Type: SEQUENCE SET; Schema: public; Owner: postgres
--

SELECT pg_catalog.setval('public.persons_person_id_seq', 224, true);


--
-- Name: services_currency_id_seq; Type: SEQUENCE SET; Schema: public; Owner: postgres
--

SELECT pg_catalog.setval('public.services_currency_id_seq', 3, true);


--
-- Name: services_serial_id_seq; Type: SEQUENCE SET; Schema: public; Owner: postgres
--

SELECT pg_catalog.setval('public.services_serial_id_seq', 1, true);


--
-- Name: services_service_id_seq; Type: SEQUENCE SET; Schema: public; Owner: postgres
--

SELECT pg_catalog.setval('public.services_service_id_seq', 9, true);


--
-- Name: services_status_id_seq; Type: SEQUENCE SET; Schema: public; Owner: postgres
--

SELECT pg_catalog.setval('public.services_status_id_seq', 6, true);


--
-- Name: services_um_id_seq; Type: SEQUENCE SET; Schema: public; Owner: postgres
--

SELECT pg_catalog.setval('public.services_um_id_seq', 6, true);


--
-- Name: users_customuser_groups_id_seq; Type: SEQUENCE SET; Schema: public; Owner: postgres
--

SELECT pg_catalog.setval('public.users_customuser_groups_id_seq', 1, false);


--
-- Name: users_customuser_id_seq; Type: SEQUENCE SET; Schema: public; Owner: postgres
--

SELECT pg_catalog.setval('public.users_customuser_id_seq', 1, true);


--
-- Name: users_customuser_user_permissions_id_seq; Type: SEQUENCE SET; Schema: public; Owner: postgres
--

SELECT pg_catalog.setval('public.users_customuser_user_permissions_id_seq', 1, false);


--
-- Name: appointments_appointment appointments_appointment_pkey; Type: CONSTRAINT; Schema: public; Owner: postgres
--

ALTER TABLE ONLY public.appointments_appointment
    ADD CONSTRAINT appointments_appointment_pkey PRIMARY KEY (id);


--
-- Name: auth_group auth_group_name_key; Type: CONSTRAINT; Schema: public; Owner: postgres
--

ALTER TABLE ONLY public.auth_group
    ADD CONSTRAINT auth_group_name_key UNIQUE (name);


--
-- Name: auth_group_permissions auth_group_permissions_group_id_permission_id_0cd325b0_uniq; Type: CONSTRAINT; Schema: public; Owner: postgres
--

ALTER TABLE ONLY public.auth_group_permissions
    ADD CONSTRAINT auth_group_permissions_group_id_permission_id_0cd325b0_uniq UNIQUE (group_id, permission_id);


--
-- Name: auth_group_permissions auth_group_permissions_pkey; Type: CONSTRAINT; Schema: public; Owner: postgres
--

ALTER TABLE ONLY public.auth_group_permissions
    ADD CONSTRAINT auth_group_permissions_pkey PRIMARY KEY (id);


--
-- Name: auth_group auth_group_pkey; Type: CONSTRAINT; Schema: public; Owner: postgres
--

ALTER TABLE ONLY public.auth_group
    ADD CONSTRAINT auth_group_pkey PRIMARY KEY (id);


--
-- Name: auth_permission auth_permission_content_type_id_codename_01ab375a_uniq; Type: CONSTRAINT; Schema: public; Owner: postgres
--

ALTER TABLE ONLY public.auth_permission
    ADD CONSTRAINT auth_permission_content_type_id_codename_01ab375a_uniq UNIQUE (content_type_id, codename);


--
-- Name: auth_permission auth_permission_pkey; Type: CONSTRAINT; Schema: public; Owner: postgres
--

ALTER TABLE ONLY public.auth_permission
    ADD CONSTRAINT auth_permission_pkey PRIMARY KEY (id);


--
-- Name: django_admin_log django_admin_log_pkey; Type: CONSTRAINT; Schema: public; Owner: postgres
--

ALTER TABLE ONLY public.django_admin_log
    ADD CONSTRAINT django_admin_log_pkey PRIMARY KEY (id);


--
-- Name: django_content_type django_content_type_app_label_model_76bd3d3b_uniq; Type: CONSTRAINT; Schema: public; Owner: postgres
--

ALTER TABLE ONLY public.django_content_type
    ADD CONSTRAINT django_content_type_app_label_model_76bd3d3b_uniq UNIQUE (app_label, model);


--
-- Name: django_content_type django_content_type_pkey; Type: CONSTRAINT; Schema: public; Owner: postgres
--

ALTER TABLE ONLY public.django_content_type
    ADD CONSTRAINT django_content_type_pkey PRIMARY KEY (id);


--
-- Name: django_migrations django_migrations_pkey; Type: CONSTRAINT; Schema: public; Owner: postgres
--

ALTER TABLE ONLY public.django_migrations
    ADD CONSTRAINT django_migrations_pkey PRIMARY KEY (id);


--
-- Name: django_session django_session_pkey; Type: CONSTRAINT; Schema: public; Owner: postgres
--

ALTER TABLE ONLY public.django_session
    ADD CONSTRAINT django_session_pkey PRIMARY KEY (session_key);


--
-- Name: invoices_invoice invoices_invoice_pkey; Type: CONSTRAINT; Schema: public; Owner: postgres
--

ALTER TABLE ONLY public.invoices_invoice
    ADD CONSTRAINT invoices_invoice_pkey PRIMARY KEY (id);


--
-- Name: invoices_invoiceelement invoices_invoiceelement_pkey; Type: CONSTRAINT; Schema: public; Owner: postgres
--

ALTER TABLE ONLY public.invoices_invoiceelement
    ADD CONSTRAINT invoices_invoiceelement_pkey PRIMARY KEY (id);


--
-- Name: invoices_proforma invoices_proforma_pkey; Type: CONSTRAINT; Schema: public; Owner: postgres
--

ALTER TABLE ONLY public.invoices_proforma
    ADD CONSTRAINT invoices_proforma_pkey PRIMARY KEY (id);


--
-- Name: invoices_proformaelement invoices_proformaelement_pkey; Type: CONSTRAINT; Schema: public; Owner: postgres
--

ALTER TABLE ONLY public.invoices_proformaelement
    ADD CONSTRAINT invoices_proformaelement_pkey PRIMARY KEY (id);


--
-- Name: orders_offer orders_offer_pkey; Type: CONSTRAINT; Schema: public; Owner: postgres
--

ALTER TABLE ONLY public.orders_offer
    ADD CONSTRAINT orders_offer_pkey PRIMARY KEY (id);


--
-- Name: orders_offerelement orders_offerelement_pkey; Type: CONSTRAINT; Schema: public; Owner: postgres
--

ALTER TABLE ONLY public.orders_offerelement
    ADD CONSTRAINT orders_offerelement_pkey PRIMARY KEY (id);


--
-- Name: orders_order orders_order_pkey; Type: CONSTRAINT; Schema: public; Owner: postgres
--

ALTER TABLE ONLY public.orders_order
    ADD CONSTRAINT orders_order_pkey PRIMARY KEY (id);


--
-- Name: orders_orderelement orders_orderelement_pkey; Type: CONSTRAINT; Schema: public; Owner: postgres
--

ALTER TABLE ONLY public.orders_orderelement
    ADD CONSTRAINT orders_orderelement_pkey PRIMARY KEY (id);


--
-- Name: payments_payment payments_payment_pkey; Type: CONSTRAINT; Schema: public; Owner: postgres
--

ALTER TABLE ONLY public.payments_payment
    ADD CONSTRAINT payments_payment_pkey PRIMARY KEY (id);


--
-- Name: payments_paymentelement payments_paymentelement_pkey; Type: CONSTRAINT; Schema: public; Owner: postgres
--

ALTER TABLE ONLY public.payments_paymentelement
    ADD CONSTRAINT payments_paymentelement_pkey PRIMARY KEY (id);


--
-- Name: persons_person persons_person_pkey; Type: CONSTRAINT; Schema: public; Owner: postgres
--

ALTER TABLE ONLY public.persons_person
    ADD CONSTRAINT persons_person_pkey PRIMARY KEY (id);


--
-- Name: services_currency services_currency_pkey; Type: CONSTRAINT; Schema: public; Owner: postgres
--

ALTER TABLE ONLY public.services_currency
    ADD CONSTRAINT services_currency_pkey PRIMARY KEY (id);


--
-- Name: services_serial services_serial_pkey; Type: CONSTRAINT; Schema: public; Owner: postgres
--

ALTER TABLE ONLY public.services_serial
    ADD CONSTRAINT services_serial_pkey PRIMARY KEY (id);


--
-- Name: services_service services_service_pkey; Type: CONSTRAINT; Schema: public; Owner: postgres
--

ALTER TABLE ONLY public.services_service
    ADD CONSTRAINT services_service_pkey PRIMARY KEY (id);


--
-- Name: services_status services_status_pkey; Type: CONSTRAINT; Schema: public; Owner: postgres
--

ALTER TABLE ONLY public.services_status
    ADD CONSTRAINT services_status_pkey PRIMARY KEY (id);


--
-- Name: services_um services_um_pkey; Type: CONSTRAINT; Schema: public; Owner: postgres
--

ALTER TABLE ONLY public.services_um
    ADD CONSTRAINT services_um_pkey PRIMARY KEY (id);


--
-- Name: users_customuser_groups users_customuser_groups_customuser_id_group_id_76b619e3_uniq; Type: CONSTRAINT; Schema: public; Owner: postgres
--

ALTER TABLE ONLY public.users_customuser_groups
    ADD CONSTRAINT users_customuser_groups_customuser_id_group_id_76b619e3_uniq UNIQUE (customuser_id, group_id);


--
-- Name: users_customuser_groups users_customuser_groups_pkey; Type: CONSTRAINT; Schema: public; Owner: postgres
--

ALTER TABLE ONLY public.users_customuser_groups
    ADD CONSTRAINT users_customuser_groups_pkey PRIMARY KEY (id);


--
-- Name: users_customuser users_customuser_pkey; Type: CONSTRAINT; Schema: public; Owner: postgres
--

ALTER TABLE ONLY public.users_customuser
    ADD CONSTRAINT users_customuser_pkey PRIMARY KEY (id);


--
-- Name: users_customuser_user_permissions users_customuser_user_pe_customuser_id_permission_7a7debf6_uniq; Type: CONSTRAINT; Schema: public; Owner: postgres
--

ALTER TABLE ONLY public.users_customuser_user_permissions
    ADD CONSTRAINT users_customuser_user_pe_customuser_id_permission_7a7debf6_uniq UNIQUE (customuser_id, permission_id);


--
-- Name: users_customuser_user_permissions users_customuser_user_permissions_pkey; Type: CONSTRAINT; Schema: public; Owner: postgres
--

ALTER TABLE ONLY public.users_customuser_user_permissions
    ADD CONSTRAINT users_customuser_user_permissions_pkey PRIMARY KEY (id);


--
-- Name: users_customuser users_customuser_username_key; Type: CONSTRAINT; Schema: public; Owner: postgres
--

ALTER TABLE ONLY public.users_customuser
    ADD CONSTRAINT users_customuser_username_key UNIQUE (username);


--
-- Name: appointments_appointment_created_by_id_f78ea98d; Type: INDEX; Schema: public; Owner: postgres
--

CREATE INDEX appointments_appointment_created_by_id_f78ea98d ON public.appointments_appointment USING btree (created_by_id);


--
-- Name: appointments_appointment_modified_by_id_22436d17; Type: INDEX; Schema: public; Owner: postgres
--

CREATE INDEX appointments_appointment_modified_by_id_22436d17 ON public.appointments_appointment USING btree (modified_by_id);


--
-- Name: appointments_appointment_order_id_669d6867; Type: INDEX; Schema: public; Owner: postgres
--

CREATE INDEX appointments_appointment_order_id_669d6867 ON public.appointments_appointment USING btree (order_id);


--
-- Name: appointments_appointment_person_id_b980751b; Type: INDEX; Schema: public; Owner: postgres
--

CREATE INDEX appointments_appointment_person_id_b980751b ON public.appointments_appointment USING btree (person_id);


--
-- Name: appointments_appointment_status_id_cc02a144; Type: INDEX; Schema: public; Owner: postgres
--

CREATE INDEX appointments_appointment_status_id_cc02a144 ON public.appointments_appointment USING btree (status_id);


--
-- Name: appointments_appointment_with_person_id_aa6ee716; Type: INDEX; Schema: public; Owner: postgres
--

CREATE INDEX appointments_appointment_with_person_id_aa6ee716 ON public.appointments_appointment USING btree (with_person_id);


--
-- Name: auth_group_name_a6ea08ec_like; Type: INDEX; Schema: public; Owner: postgres
--

CREATE INDEX auth_group_name_a6ea08ec_like ON public.auth_group USING btree (name varchar_pattern_ops);


--
-- Name: auth_group_permissions_group_id_b120cbf9; Type: INDEX; Schema: public; Owner: postgres
--

CREATE INDEX auth_group_permissions_group_id_b120cbf9 ON public.auth_group_permissions USING btree (group_id);


--
-- Name: auth_group_permissions_permission_id_84c5c92e; Type: INDEX; Schema: public; Owner: postgres
--

CREATE INDEX auth_group_permissions_permission_id_84c5c92e ON public.auth_group_permissions USING btree (permission_id);


--
-- Name: auth_permission_content_type_id_2f476e4b; Type: INDEX; Schema: public; Owner: postgres
--

CREATE INDEX auth_permission_content_type_id_2f476e4b ON public.auth_permission USING btree (content_type_id);


--
-- Name: django_admin_log_content_type_id_c4bce8eb; Type: INDEX; Schema: public; Owner: postgres
--

CREATE INDEX django_admin_log_content_type_id_c4bce8eb ON public.django_admin_log USING btree (content_type_id);


--
-- Name: django_admin_log_user_id_c564eba6; Type: INDEX; Schema: public; Owner: postgres
--

CREATE INDEX django_admin_log_user_id_c564eba6 ON public.django_admin_log USING btree (user_id);


--
-- Name: django_session_expire_date_a5c62663; Type: INDEX; Schema: public; Owner: postgres
--

CREATE INDEX django_session_expire_date_a5c62663 ON public.django_session USING btree (expire_date);


--
-- Name: django_session_session_key_c0390e0f_like; Type: INDEX; Schema: public; Owner: postgres
--

CREATE INDEX django_session_session_key_c0390e0f_like ON public.django_session USING btree (session_key varchar_pattern_ops);


--
-- Name: invoices_invoice_cancellation_to_id_faa13c89; Type: INDEX; Schema: public; Owner: postgres
--

CREATE INDEX invoices_invoice_cancellation_to_id_faa13c89 ON public.invoices_invoice USING btree (cancellation_to_id);


--
-- Name: invoices_invoice_cancelled_from_id_0cfb7df9; Type: INDEX; Schema: public; Owner: postgres
--

CREATE INDEX invoices_invoice_cancelled_from_id_0cfb7df9 ON public.invoices_invoice USING btree (cancelled_from_id);


--
-- Name: invoices_invoice_created_by_id_9b878bcd; Type: INDEX; Schema: public; Owner: postgres
--

CREATE INDEX invoices_invoice_created_by_id_9b878bcd ON public.invoices_invoice USING btree (created_by_id);


--
-- Name: invoices_invoice_currency_id_f922a250; Type: INDEX; Schema: public; Owner: postgres
--

CREATE INDEX invoices_invoice_currency_id_f922a250 ON public.invoices_invoice USING btree (currency_id);


--
-- Name: invoices_invoice_modified_by_id_6d226ff8; Type: INDEX; Schema: public; Owner: postgres
--

CREATE INDEX invoices_invoice_modified_by_id_6d226ff8 ON public.invoices_invoice USING btree (modified_by_id);


--
-- Name: invoices_invoice_person_id_f4f3d6cc; Type: INDEX; Schema: public; Owner: postgres
--

CREATE INDEX invoices_invoice_person_id_f4f3d6cc ON public.invoices_invoice USING btree (person_id);


--
-- Name: invoices_invoiceelement_element_id_19cbec62; Type: INDEX; Schema: public; Owner: postgres
--

CREATE INDEX invoices_invoiceelement_element_id_19cbec62 ON public.invoices_invoiceelement USING btree (element_id);


--
-- Name: invoices_invoiceelement_invoice_id_1f706342; Type: INDEX; Schema: public; Owner: postgres
--

CREATE INDEX invoices_invoiceelement_invoice_id_1f706342 ON public.invoices_invoiceelement USING btree (invoice_id);


--
-- Name: invoices_proforma_created_by_id_efdf6620; Type: INDEX; Schema: public; Owner: postgres
--

CREATE INDEX invoices_proforma_created_by_id_efdf6620 ON public.invoices_proforma USING btree (created_by_id);


--
-- Name: invoices_proforma_currency_id_df09c137; Type: INDEX; Schema: public; Owner: postgres
--

CREATE INDEX invoices_proforma_currency_id_df09c137 ON public.invoices_proforma USING btree (currency_id);


--
-- Name: invoices_proforma_invoice_id_80fba2d3; Type: INDEX; Schema: public; Owner: postgres
--

CREATE INDEX invoices_proforma_invoice_id_80fba2d3 ON public.invoices_proforma USING btree (invoice_id);


--
-- Name: invoices_proforma_modified_by_id_b04a2ae5; Type: INDEX; Schema: public; Owner: postgres
--

CREATE INDEX invoices_proforma_modified_by_id_b04a2ae5 ON public.invoices_proforma USING btree (modified_by_id);


--
-- Name: invoices_proforma_person_id_7b137bae; Type: INDEX; Schema: public; Owner: postgres
--

CREATE INDEX invoices_proforma_person_id_7b137bae ON public.invoices_proforma USING btree (person_id);


--
-- Name: invoices_proformaelement_element_id_8a5c686e; Type: INDEX; Schema: public; Owner: postgres
--

CREATE INDEX invoices_proformaelement_element_id_8a5c686e ON public.invoices_proformaelement USING btree (element_id);


--
-- Name: invoices_proformaelement_proforma_id_aa050f75; Type: INDEX; Schema: public; Owner: postgres
--

CREATE INDEX invoices_proformaelement_proforma_id_aa050f75 ON public.invoices_proformaelement USING btree (proforma_id);


--
-- Name: orders_offer_created_by_id_369700b8; Type: INDEX; Schema: public; Owner: postgres
--

CREATE INDEX orders_offer_created_by_id_369700b8 ON public.orders_offer USING btree (created_by_id);


--
-- Name: orders_offer_currency_id_696eb297; Type: INDEX; Schema: public; Owner: postgres
--

CREATE INDEX orders_offer_currency_id_696eb297 ON public.orders_offer USING btree (currency_id);


--
-- Name: orders_offer_modified_by_id_ee8bcab9; Type: INDEX; Schema: public; Owner: postgres
--

CREATE INDEX orders_offer_modified_by_id_ee8bcab9 ON public.orders_offer USING btree (modified_by_id);


--
-- Name: orders_offer_order_id_9bf658f4; Type: INDEX; Schema: public; Owner: postgres
--

CREATE INDEX orders_offer_order_id_9bf658f4 ON public.orders_offer USING btree (order_id);


--
-- Name: orders_offer_person_id_de817dc8; Type: INDEX; Schema: public; Owner: postgres
--

CREATE INDEX orders_offer_person_id_de817dc8 ON public.orders_offer USING btree (person_id);


--
-- Name: orders_offer_status_id_c83cfd8e; Type: INDEX; Schema: public; Owner: postgres
--

CREATE INDEX orders_offer_status_id_c83cfd8e ON public.orders_offer USING btree (status_id);


--
-- Name: orders_offerelement_offer_id_6734b70c; Type: INDEX; Schema: public; Owner: postgres
--

CREATE INDEX orders_offerelement_offer_id_6734b70c ON public.orders_offerelement USING btree (offer_id);


--
-- Name: orders_offerelement_service_id_0924159f; Type: INDEX; Schema: public; Owner: postgres
--

CREATE INDEX orders_offerelement_service_id_0924159f ON public.orders_offerelement USING btree (service_id);


--
-- Name: orders_offerelement_um_id_de0a57f0; Type: INDEX; Schema: public; Owner: postgres
--

CREATE INDEX orders_offerelement_um_id_de0a57f0 ON public.orders_offerelement USING btree (um_id);


--
-- Name: orders_order_created_by_id_d5f5e69c; Type: INDEX; Schema: public; Owner: postgres
--

CREATE INDEX orders_order_created_by_id_d5f5e69c ON public.orders_order USING btree (created_by_id);


--
-- Name: orders_order_currency_id_9cff0fbe; Type: INDEX; Schema: public; Owner: postgres
--

CREATE INDEX orders_order_currency_id_9cff0fbe ON public.orders_order USING btree (currency_id);


--
-- Name: orders_order_modified_by_id_e3d0e963; Type: INDEX; Schema: public; Owner: postgres
--

CREATE INDEX orders_order_modified_by_id_e3d0e963 ON public.orders_order USING btree (modified_by_id);


--
-- Name: orders_order_person_id_d83c6a37; Type: INDEX; Schema: public; Owner: postgres
--

CREATE INDEX orders_order_person_id_d83c6a37 ON public.orders_order USING btree (person_id);


--
-- Name: orders_order_status_id_d80abc38; Type: INDEX; Schema: public; Owner: postgres
--

CREATE INDEX orders_order_status_id_d80abc38 ON public.orders_order USING btree (status_id);


--
-- Name: orders_orderelement_order_id_9397fdd1; Type: INDEX; Schema: public; Owner: postgres
--

CREATE INDEX orders_orderelement_order_id_9397fdd1 ON public.orders_orderelement USING btree (order_id);


--
-- Name: orders_orderelement_service_id_91009470; Type: INDEX; Schema: public; Owner: postgres
--

CREATE INDEX orders_orderelement_service_id_91009470 ON public.orders_orderelement USING btree (service_id);


--
-- Name: orders_orderelement_status_id_73c77d38; Type: INDEX; Schema: public; Owner: postgres
--

CREATE INDEX orders_orderelement_status_id_73c77d38 ON public.orders_orderelement USING btree (status_id);


--
-- Name: orders_orderelement_um_id_ddb5193a; Type: INDEX; Schema: public; Owner: postgres
--

CREATE INDEX orders_orderelement_um_id_ddb5193a ON public.orders_orderelement USING btree (um_id);


--
-- Name: payments_payment_created_by_id_28f0e284; Type: INDEX; Schema: public; Owner: postgres
--

CREATE INDEX payments_payment_created_by_id_28f0e284 ON public.payments_payment USING btree (created_by_id);


--
-- Name: payments_payment_currency_id_f5833642; Type: INDEX; Schema: public; Owner: postgres
--

CREATE INDEX payments_payment_currency_id_f5833642 ON public.payments_payment USING btree (currency_id);


--
-- Name: payments_payment_modified_by_id_ba7b68cf; Type: INDEX; Schema: public; Owner: postgres
--

CREATE INDEX payments_payment_modified_by_id_ba7b68cf ON public.payments_payment USING btree (modified_by_id);


--
-- Name: payments_payment_person_id_2dfa1221; Type: INDEX; Schema: public; Owner: postgres
--

CREATE INDEX payments_payment_person_id_2dfa1221 ON public.payments_payment USING btree (person_id);


--
-- Name: payments_paymentelement_invoice_id_0d1e7066; Type: INDEX; Schema: public; Owner: postgres
--

CREATE INDEX payments_paymentelement_invoice_id_0d1e7066 ON public.payments_paymentelement USING btree (invoice_id);


--
-- Name: payments_paymentelement_payment_id_0b3094b8; Type: INDEX; Schema: public; Owner: postgres
--

CREATE INDEX payments_paymentelement_payment_id_0b3094b8 ON public.payments_paymentelement USING btree (payment_id);


--
-- Name: persons_person_created_by_id_b461943e; Type: INDEX; Schema: public; Owner: postgres
--

CREATE INDEX persons_person_created_by_id_b461943e ON public.persons_person USING btree (created_by_id);


--
-- Name: persons_person_modified_by_id_f946de2c; Type: INDEX; Schema: public; Owner: postgres
--

CREATE INDEX persons_person_modified_by_id_f946de2c ON public.persons_person USING btree (modified_by_id);


--
-- Name: services_service_currency_id_52bfeed9; Type: INDEX; Schema: public; Owner: postgres
--

CREATE INDEX services_service_currency_id_52bfeed9 ON public.services_service USING btree (currency_id);


--
-- Name: services_service_um_id_b105f1b2; Type: INDEX; Schema: public; Owner: postgres
--

CREATE INDEX services_service_um_id_b105f1b2 ON public.services_service USING btree (um_id);


--
-- Name: users_customuser_groups_customuser_id_958147bf; Type: INDEX; Schema: public; Owner: postgres
--

CREATE INDEX users_customuser_groups_customuser_id_958147bf ON public.users_customuser_groups USING btree (customuser_id);


--
-- Name: users_customuser_groups_group_id_01390b14; Type: INDEX; Schema: public; Owner: postgres
--

CREATE INDEX users_customuser_groups_group_id_01390b14 ON public.users_customuser_groups USING btree (group_id);


--
-- Name: users_customuser_user_permissions_customuser_id_5771478b; Type: INDEX; Schema: public; Owner: postgres
--

CREATE INDEX users_customuser_user_permissions_customuser_id_5771478b ON public.users_customuser_user_permissions USING btree (customuser_id);


--
-- Name: users_customuser_user_permissions_permission_id_baaa2f74; Type: INDEX; Schema: public; Owner: postgres
--

CREATE INDEX users_customuser_user_permissions_permission_id_baaa2f74 ON public.users_customuser_user_permissions USING btree (permission_id);


--
-- Name: users_customuser_username_80452fdf_like; Type: INDEX; Schema: public; Owner: postgres
--

CREATE INDEX users_customuser_username_80452fdf_like ON public.users_customuser USING btree (username varchar_pattern_ops);


--
-- Name: appointments_appointment appointments_appoint_created_by_id_f78ea98d_fk_users_cus; Type: FK CONSTRAINT; Schema: public; Owner: postgres
--

ALTER TABLE ONLY public.appointments_appointment
    ADD CONSTRAINT appointments_appoint_created_by_id_f78ea98d_fk_users_cus FOREIGN KEY (created_by_id) REFERENCES public.users_customuser(id) DEFERRABLE INITIALLY DEFERRED;


--
-- Name: appointments_appointment appointments_appoint_modified_by_id_22436d17_fk_users_cus; Type: FK CONSTRAINT; Schema: public; Owner: postgres
--

ALTER TABLE ONLY public.appointments_appointment
    ADD CONSTRAINT appointments_appoint_modified_by_id_22436d17_fk_users_cus FOREIGN KEY (modified_by_id) REFERENCES public.users_customuser(id) DEFERRABLE INITIALLY DEFERRED;


--
-- Name: appointments_appointment appointments_appoint_person_id_b980751b_fk_persons_p; Type: FK CONSTRAINT; Schema: public; Owner: postgres
--

ALTER TABLE ONLY public.appointments_appointment
    ADD CONSTRAINT appointments_appoint_person_id_b980751b_fk_persons_p FOREIGN KEY (person_id) REFERENCES public.persons_person(id) DEFERRABLE INITIALLY DEFERRED;


--
-- Name: appointments_appointment appointments_appoint_status_id_cc02a144_fk_services_; Type: FK CONSTRAINT; Schema: public; Owner: postgres
--

ALTER TABLE ONLY public.appointments_appointment
    ADD CONSTRAINT appointments_appoint_status_id_cc02a144_fk_services_ FOREIGN KEY (status_id) REFERENCES public.services_status(id) DEFERRABLE INITIALLY DEFERRED;


--
-- Name: appointments_appointment appointments_appoint_with_person_id_aa6ee716_fk_persons_p; Type: FK CONSTRAINT; Schema: public; Owner: postgres
--

ALTER TABLE ONLY public.appointments_appointment
    ADD CONSTRAINT appointments_appoint_with_person_id_aa6ee716_fk_persons_p FOREIGN KEY (with_person_id) REFERENCES public.persons_person(id) DEFERRABLE INITIALLY DEFERRED;


--
-- Name: appointments_appointment appointments_appointment_order_id_669d6867_fk_orders_order_id; Type: FK CONSTRAINT; Schema: public; Owner: postgres
--

ALTER TABLE ONLY public.appointments_appointment
    ADD CONSTRAINT appointments_appointment_order_id_669d6867_fk_orders_order_id FOREIGN KEY (order_id) REFERENCES public.orders_order(id) DEFERRABLE INITIALLY DEFERRED;


--
-- Name: auth_group_permissions auth_group_permissio_permission_id_84c5c92e_fk_auth_perm; Type: FK CONSTRAINT; Schema: public; Owner: postgres
--

ALTER TABLE ONLY public.auth_group_permissions
    ADD CONSTRAINT auth_group_permissio_permission_id_84c5c92e_fk_auth_perm FOREIGN KEY (permission_id) REFERENCES public.auth_permission(id) DEFERRABLE INITIALLY DEFERRED;


--
-- Name: auth_group_permissions auth_group_permissions_group_id_b120cbf9_fk_auth_group_id; Type: FK CONSTRAINT; Schema: public; Owner: postgres
--

ALTER TABLE ONLY public.auth_group_permissions
    ADD CONSTRAINT auth_group_permissions_group_id_b120cbf9_fk_auth_group_id FOREIGN KEY (group_id) REFERENCES public.auth_group(id) DEFERRABLE INITIALLY DEFERRED;


--
-- Name: auth_permission auth_permission_content_type_id_2f476e4b_fk_django_co; Type: FK CONSTRAINT; Schema: public; Owner: postgres
--

ALTER TABLE ONLY public.auth_permission
    ADD CONSTRAINT auth_permission_content_type_id_2f476e4b_fk_django_co FOREIGN KEY (content_type_id) REFERENCES public.django_content_type(id) DEFERRABLE INITIALLY DEFERRED;


--
-- Name: django_admin_log django_admin_log_content_type_id_c4bce8eb_fk_django_co; Type: FK CONSTRAINT; Schema: public; Owner: postgres
--

ALTER TABLE ONLY public.django_admin_log
    ADD CONSTRAINT django_admin_log_content_type_id_c4bce8eb_fk_django_co FOREIGN KEY (content_type_id) REFERENCES public.django_content_type(id) DEFERRABLE INITIALLY DEFERRED;


--
-- Name: django_admin_log django_admin_log_user_id_c564eba6_fk_users_customuser_id; Type: FK CONSTRAINT; Schema: public; Owner: postgres
--

ALTER TABLE ONLY public.django_admin_log
    ADD CONSTRAINT django_admin_log_user_id_c564eba6_fk_users_customuser_id FOREIGN KEY (user_id) REFERENCES public.users_customuser(id) DEFERRABLE INITIALLY DEFERRED;


--
-- Name: invoices_invoice invoices_invoice_cancellation_to_id_faa13c89_fk_invoices_; Type: FK CONSTRAINT; Schema: public; Owner: postgres
--

ALTER TABLE ONLY public.invoices_invoice
    ADD CONSTRAINT invoices_invoice_cancellation_to_id_faa13c89_fk_invoices_ FOREIGN KEY (cancellation_to_id) REFERENCES public.invoices_invoice(id) DEFERRABLE INITIALLY DEFERRED;


--
-- Name: invoices_invoice invoices_invoice_cancelled_from_id_0cfb7df9_fk_invoices_; Type: FK CONSTRAINT; Schema: public; Owner: postgres
--

ALTER TABLE ONLY public.invoices_invoice
    ADD CONSTRAINT invoices_invoice_cancelled_from_id_0cfb7df9_fk_invoices_ FOREIGN KEY (cancelled_from_id) REFERENCES public.invoices_invoice(id) DEFERRABLE INITIALLY DEFERRED;


--
-- Name: invoices_invoice invoices_invoice_created_by_id_9b878bcd_fk_users_customuser_id; Type: FK CONSTRAINT; Schema: public; Owner: postgres
--

ALTER TABLE ONLY public.invoices_invoice
    ADD CONSTRAINT invoices_invoice_created_by_id_9b878bcd_fk_users_customuser_id FOREIGN KEY (created_by_id) REFERENCES public.users_customuser(id) DEFERRABLE INITIALLY DEFERRED;


--
-- Name: invoices_invoice invoices_invoice_currency_id_f922a250_fk_services_currency_id; Type: FK CONSTRAINT; Schema: public; Owner: postgres
--

ALTER TABLE ONLY public.invoices_invoice
    ADD CONSTRAINT invoices_invoice_currency_id_f922a250_fk_services_currency_id FOREIGN KEY (currency_id) REFERENCES public.services_currency(id) DEFERRABLE INITIALLY DEFERRED;


--
-- Name: invoices_invoice invoices_invoice_modified_by_id_6d226ff8_fk_users_customuser_id; Type: FK CONSTRAINT; Schema: public; Owner: postgres
--

ALTER TABLE ONLY public.invoices_invoice
    ADD CONSTRAINT invoices_invoice_modified_by_id_6d226ff8_fk_users_customuser_id FOREIGN KEY (modified_by_id) REFERENCES public.users_customuser(id) DEFERRABLE INITIALLY DEFERRED;


--
-- Name: invoices_invoice invoices_invoice_person_id_f4f3d6cc_fk_persons_person_id; Type: FK CONSTRAINT; Schema: public; Owner: postgres
--

ALTER TABLE ONLY public.invoices_invoice
    ADD CONSTRAINT invoices_invoice_person_id_f4f3d6cc_fk_persons_person_id FOREIGN KEY (person_id) REFERENCES public.persons_person(id) DEFERRABLE INITIALLY DEFERRED;


--
-- Name: invoices_invoiceelement invoices_invoiceelem_element_id_19cbec62_fk_orders_or; Type: FK CONSTRAINT; Schema: public; Owner: postgres
--

ALTER TABLE ONLY public.invoices_invoiceelement
    ADD CONSTRAINT invoices_invoiceelem_element_id_19cbec62_fk_orders_or FOREIGN KEY (element_id) REFERENCES public.orders_orderelement(id) DEFERRABLE INITIALLY DEFERRED;


--
-- Name: invoices_invoiceelement invoices_invoiceelem_invoice_id_1f706342_fk_invoices_; Type: FK CONSTRAINT; Schema: public; Owner: postgres
--

ALTER TABLE ONLY public.invoices_invoiceelement
    ADD CONSTRAINT invoices_invoiceelem_invoice_id_1f706342_fk_invoices_ FOREIGN KEY (invoice_id) REFERENCES public.invoices_invoice(id) DEFERRABLE INITIALLY DEFERRED;


--
-- Name: invoices_proforma invoices_proforma_created_by_id_efdf6620_fk_users_customuser_id; Type: FK CONSTRAINT; Schema: public; Owner: postgres
--

ALTER TABLE ONLY public.invoices_proforma
    ADD CONSTRAINT invoices_proforma_created_by_id_efdf6620_fk_users_customuser_id FOREIGN KEY (created_by_id) REFERENCES public.users_customuser(id) DEFERRABLE INITIALLY DEFERRED;


--
-- Name: invoices_proforma invoices_proforma_currency_id_df09c137_fk_services_currency_id; Type: FK CONSTRAINT; Schema: public; Owner: postgres
--

ALTER TABLE ONLY public.invoices_proforma
    ADD CONSTRAINT invoices_proforma_currency_id_df09c137_fk_services_currency_id FOREIGN KEY (currency_id) REFERENCES public.services_currency(id) DEFERRABLE INITIALLY DEFERRED;


--
-- Name: invoices_proforma invoices_proforma_invoice_id_80fba2d3_fk_invoices_invoice_id; Type: FK CONSTRAINT; Schema: public; Owner: postgres
--

ALTER TABLE ONLY public.invoices_proforma
    ADD CONSTRAINT invoices_proforma_invoice_id_80fba2d3_fk_invoices_invoice_id FOREIGN KEY (invoice_id) REFERENCES public.invoices_invoice(id) DEFERRABLE INITIALLY DEFERRED;


--
-- Name: invoices_proforma invoices_proforma_modified_by_id_b04a2ae5_fk_users_cus; Type: FK CONSTRAINT; Schema: public; Owner: postgres
--

ALTER TABLE ONLY public.invoices_proforma
    ADD CONSTRAINT invoices_proforma_modified_by_id_b04a2ae5_fk_users_cus FOREIGN KEY (modified_by_id) REFERENCES public.users_customuser(id) DEFERRABLE INITIALLY DEFERRED;


--
-- Name: invoices_proforma invoices_proforma_person_id_7b137bae_fk_persons_person_id; Type: FK CONSTRAINT; Schema: public; Owner: postgres
--

ALTER TABLE ONLY public.invoices_proforma
    ADD CONSTRAINT invoices_proforma_person_id_7b137bae_fk_persons_person_id FOREIGN KEY (person_id) REFERENCES public.persons_person(id) DEFERRABLE INITIALLY DEFERRED;


--
-- Name: invoices_proformaelement invoices_proformaele_element_id_8a5c686e_fk_orders_or; Type: FK CONSTRAINT; Schema: public; Owner: postgres
--

ALTER TABLE ONLY public.invoices_proformaelement
    ADD CONSTRAINT invoices_proformaele_element_id_8a5c686e_fk_orders_or FOREIGN KEY (element_id) REFERENCES public.orders_orderelement(id) DEFERRABLE INITIALLY DEFERRED;


--
-- Name: invoices_proformaelement invoices_proformaele_proforma_id_aa050f75_fk_invoices_; Type: FK CONSTRAINT; Schema: public; Owner: postgres
--

ALTER TABLE ONLY public.invoices_proformaelement
    ADD CONSTRAINT invoices_proformaele_proforma_id_aa050f75_fk_invoices_ FOREIGN KEY (proforma_id) REFERENCES public.invoices_proforma(id) DEFERRABLE INITIALLY DEFERRED;


--
-- Name: orders_offer orders_offer_created_by_id_369700b8_fk_users_customuser_id; Type: FK CONSTRAINT; Schema: public; Owner: postgres
--

ALTER TABLE ONLY public.orders_offer
    ADD CONSTRAINT orders_offer_created_by_id_369700b8_fk_users_customuser_id FOREIGN KEY (created_by_id) REFERENCES public.users_customuser(id) DEFERRABLE INITIALLY DEFERRED;


--
-- Name: orders_offer orders_offer_currency_id_696eb297_fk_services_currency_id; Type: FK CONSTRAINT; Schema: public; Owner: postgres
--

ALTER TABLE ONLY public.orders_offer
    ADD CONSTRAINT orders_offer_currency_id_696eb297_fk_services_currency_id FOREIGN KEY (currency_id) REFERENCES public.services_currency(id) DEFERRABLE INITIALLY DEFERRED;


--
-- Name: orders_offer orders_offer_modified_by_id_ee8bcab9_fk_users_customuser_id; Type: FK CONSTRAINT; Schema: public; Owner: postgres
--

ALTER TABLE ONLY public.orders_offer
    ADD CONSTRAINT orders_offer_modified_by_id_ee8bcab9_fk_users_customuser_id FOREIGN KEY (modified_by_id) REFERENCES public.users_customuser(id) DEFERRABLE INITIALLY DEFERRED;


--
-- Name: orders_offer orders_offer_order_id_9bf658f4_fk_orders_order_id; Type: FK CONSTRAINT; Schema: public; Owner: postgres
--

ALTER TABLE ONLY public.orders_offer
    ADD CONSTRAINT orders_offer_order_id_9bf658f4_fk_orders_order_id FOREIGN KEY (order_id) REFERENCES public.orders_order(id) DEFERRABLE INITIALLY DEFERRED;


--
-- Name: orders_offer orders_offer_person_id_de817dc8_fk_persons_person_id; Type: FK CONSTRAINT; Schema: public; Owner: postgres
--

ALTER TABLE ONLY public.orders_offer
    ADD CONSTRAINT orders_offer_person_id_de817dc8_fk_persons_person_id FOREIGN KEY (person_id) REFERENCES public.persons_person(id) DEFERRABLE INITIALLY DEFERRED;


--
-- Name: orders_offer orders_offer_status_id_c83cfd8e_fk_services_status_id; Type: FK CONSTRAINT; Schema: public; Owner: postgres
--

ALTER TABLE ONLY public.orders_offer
    ADD CONSTRAINT orders_offer_status_id_c83cfd8e_fk_services_status_id FOREIGN KEY (status_id) REFERENCES public.services_status(id) DEFERRABLE INITIALLY DEFERRED;


--
-- Name: orders_offerelement orders_offerelement_offer_id_6734b70c_fk_orders_offer_id; Type: FK CONSTRAINT; Schema: public; Owner: postgres
--

ALTER TABLE ONLY public.orders_offerelement
    ADD CONSTRAINT orders_offerelement_offer_id_6734b70c_fk_orders_offer_id FOREIGN KEY (offer_id) REFERENCES public.orders_offer(id) DEFERRABLE INITIALLY DEFERRED;


--
-- Name: orders_offerelement orders_offerelement_service_id_0924159f_fk_services_service_id; Type: FK CONSTRAINT; Schema: public; Owner: postgres
--

ALTER TABLE ONLY public.orders_offerelement
    ADD CONSTRAINT orders_offerelement_service_id_0924159f_fk_services_service_id FOREIGN KEY (service_id) REFERENCES public.services_service(id) DEFERRABLE INITIALLY DEFERRED;


--
-- Name: orders_offerelement orders_offerelement_um_id_de0a57f0_fk_services_um_id; Type: FK CONSTRAINT; Schema: public; Owner: postgres
--

ALTER TABLE ONLY public.orders_offerelement
    ADD CONSTRAINT orders_offerelement_um_id_de0a57f0_fk_services_um_id FOREIGN KEY (um_id) REFERENCES public.services_um(id) DEFERRABLE INITIALLY DEFERRED;


--
-- Name: orders_order orders_order_created_by_id_d5f5e69c_fk_users_customuser_id; Type: FK CONSTRAINT; Schema: public; Owner: postgres
--

ALTER TABLE ONLY public.orders_order
    ADD CONSTRAINT orders_order_created_by_id_d5f5e69c_fk_users_customuser_id FOREIGN KEY (created_by_id) REFERENCES public.users_customuser(id) DEFERRABLE INITIALLY DEFERRED;


--
-- Name: orders_order orders_order_currency_id_9cff0fbe_fk_services_currency_id; Type: FK CONSTRAINT; Schema: public; Owner: postgres
--

ALTER TABLE ONLY public.orders_order
    ADD CONSTRAINT orders_order_currency_id_9cff0fbe_fk_services_currency_id FOREIGN KEY (currency_id) REFERENCES public.services_currency(id) DEFERRABLE INITIALLY DEFERRED;


--
-- Name: orders_order orders_order_modified_by_id_e3d0e963_fk_users_customuser_id; Type: FK CONSTRAINT; Schema: public; Owner: postgres
--

ALTER TABLE ONLY public.orders_order
    ADD CONSTRAINT orders_order_modified_by_id_e3d0e963_fk_users_customuser_id FOREIGN KEY (modified_by_id) REFERENCES public.users_customuser(id) DEFERRABLE INITIALLY DEFERRED;


--
-- Name: orders_order orders_order_person_id_d83c6a37_fk_persons_person_id; Type: FK CONSTRAINT; Schema: public; Owner: postgres
--

ALTER TABLE ONLY public.orders_order
    ADD CONSTRAINT orders_order_person_id_d83c6a37_fk_persons_person_id FOREIGN KEY (person_id) REFERENCES public.persons_person(id) DEFERRABLE INITIALLY DEFERRED;


--
-- Name: orders_order orders_order_status_id_d80abc38_fk_services_status_id; Type: FK CONSTRAINT; Schema: public; Owner: postgres
--

ALTER TABLE ONLY public.orders_order
    ADD CONSTRAINT orders_order_status_id_d80abc38_fk_services_status_id FOREIGN KEY (status_id) REFERENCES public.services_status(id) DEFERRABLE INITIALLY DEFERRED;


--
-- Name: orders_orderelement orders_orderelement_order_id_9397fdd1_fk_orders_order_id; Type: FK CONSTRAINT; Schema: public; Owner: postgres
--

ALTER TABLE ONLY public.orders_orderelement
    ADD CONSTRAINT orders_orderelement_order_id_9397fdd1_fk_orders_order_id FOREIGN KEY (order_id) REFERENCES public.orders_order(id) DEFERRABLE INITIALLY DEFERRED;


--
-- Name: orders_orderelement orders_orderelement_service_id_91009470_fk_services_service_id; Type: FK CONSTRAINT; Schema: public; Owner: postgres
--

ALTER TABLE ONLY public.orders_orderelement
    ADD CONSTRAINT orders_orderelement_service_id_91009470_fk_services_service_id FOREIGN KEY (service_id) REFERENCES public.services_service(id) DEFERRABLE INITIALLY DEFERRED;


--
-- Name: orders_orderelement orders_orderelement_status_id_73c77d38_fk_services_status_id; Type: FK CONSTRAINT; Schema: public; Owner: postgres
--

ALTER TABLE ONLY public.orders_orderelement
    ADD CONSTRAINT orders_orderelement_status_id_73c77d38_fk_services_status_id FOREIGN KEY (status_id) REFERENCES public.services_status(id) DEFERRABLE INITIALLY DEFERRED;


--
-- Name: orders_orderelement orders_orderelement_um_id_ddb5193a_fk_services_um_id; Type: FK CONSTRAINT; Schema: public; Owner: postgres
--

ALTER TABLE ONLY public.orders_orderelement
    ADD CONSTRAINT orders_orderelement_um_id_ddb5193a_fk_services_um_id FOREIGN KEY (um_id) REFERENCES public.services_um(id) DEFERRABLE INITIALLY DEFERRED;


--
-- Name: payments_payment payments_payment_created_by_id_28f0e284_fk_users_customuser_id; Type: FK CONSTRAINT; Schema: public; Owner: postgres
--

ALTER TABLE ONLY public.payments_payment
    ADD CONSTRAINT payments_payment_created_by_id_28f0e284_fk_users_customuser_id FOREIGN KEY (created_by_id) REFERENCES public.users_customuser(id) DEFERRABLE INITIALLY DEFERRED;


--
-- Name: payments_payment payments_payment_currency_id_f5833642_fk_services_currency_id; Type: FK CONSTRAINT; Schema: public; Owner: postgres
--

ALTER TABLE ONLY public.payments_payment
    ADD CONSTRAINT payments_payment_currency_id_f5833642_fk_services_currency_id FOREIGN KEY (currency_id) REFERENCES public.services_currency(id) DEFERRABLE INITIALLY DEFERRED;


--
-- Name: payments_payment payments_payment_modified_by_id_ba7b68cf_fk_users_customuser_id; Type: FK CONSTRAINT; Schema: public; Owner: postgres
--

ALTER TABLE ONLY public.payments_payment
    ADD CONSTRAINT payments_payment_modified_by_id_ba7b68cf_fk_users_customuser_id FOREIGN KEY (modified_by_id) REFERENCES public.users_customuser(id) DEFERRABLE INITIALLY DEFERRED;


--
-- Name: payments_payment payments_payment_person_id_2dfa1221_fk_persons_person_id; Type: FK CONSTRAINT; Schema: public; Owner: postgres
--

ALTER TABLE ONLY public.payments_payment
    ADD CONSTRAINT payments_payment_person_id_2dfa1221_fk_persons_person_id FOREIGN KEY (person_id) REFERENCES public.persons_person(id) DEFERRABLE INITIALLY DEFERRED;


--
-- Name: payments_paymentelement payments_paymentelem_invoice_id_0d1e7066_fk_invoices_; Type: FK CONSTRAINT; Schema: public; Owner: postgres
--

ALTER TABLE ONLY public.payments_paymentelement
    ADD CONSTRAINT payments_paymentelem_invoice_id_0d1e7066_fk_invoices_ FOREIGN KEY (invoice_id) REFERENCES public.invoices_invoice(id) DEFERRABLE INITIALLY DEFERRED;


--
-- Name: payments_paymentelement payments_paymentelem_payment_id_0b3094b8_fk_payments_; Type: FK CONSTRAINT; Schema: public; Owner: postgres
--

ALTER TABLE ONLY public.payments_paymentelement
    ADD CONSTRAINT payments_paymentelem_payment_id_0b3094b8_fk_payments_ FOREIGN KEY (payment_id) REFERENCES public.payments_payment(id) DEFERRABLE INITIALLY DEFERRED;


--
-- Name: persons_person persons_person_created_by_id_b461943e_fk_users_customuser_id; Type: FK CONSTRAINT; Schema: public; Owner: postgres
--

ALTER TABLE ONLY public.persons_person
    ADD CONSTRAINT persons_person_created_by_id_b461943e_fk_users_customuser_id FOREIGN KEY (created_by_id) REFERENCES public.users_customuser(id) DEFERRABLE INITIALLY DEFERRED;


--
-- Name: persons_person persons_person_modified_by_id_f946de2c_fk_users_customuser_id; Type: FK CONSTRAINT; Schema: public; Owner: postgres
--

ALTER TABLE ONLY public.persons_person
    ADD CONSTRAINT persons_person_modified_by_id_f946de2c_fk_users_customuser_id FOREIGN KEY (modified_by_id) REFERENCES public.users_customuser(id) DEFERRABLE INITIALLY DEFERRED;


--
-- Name: services_service services_service_currency_id_52bfeed9_fk_services_currency_id; Type: FK CONSTRAINT; Schema: public; Owner: postgres
--

ALTER TABLE ONLY public.services_service
    ADD CONSTRAINT services_service_currency_id_52bfeed9_fk_services_currency_id FOREIGN KEY (currency_id) REFERENCES public.services_currency(id) DEFERRABLE INITIALLY DEFERRED;


--
-- Name: services_service services_service_um_id_b105f1b2_fk_services_um_id; Type: FK CONSTRAINT; Schema: public; Owner: postgres
--

ALTER TABLE ONLY public.services_service
    ADD CONSTRAINT services_service_um_id_b105f1b2_fk_services_um_id FOREIGN KEY (um_id) REFERENCES public.services_um(id) DEFERRABLE INITIALLY DEFERRED;


--
-- Name: users_customuser_groups users_customuser_gro_customuser_id_958147bf_fk_users_cus; Type: FK CONSTRAINT; Schema: public; Owner: postgres
--

ALTER TABLE ONLY public.users_customuser_groups
    ADD CONSTRAINT users_customuser_gro_customuser_id_958147bf_fk_users_cus FOREIGN KEY (customuser_id) REFERENCES public.users_customuser(id) DEFERRABLE INITIALLY DEFERRED;


--
-- Name: users_customuser_groups users_customuser_groups_group_id_01390b14_fk_auth_group_id; Type: FK CONSTRAINT; Schema: public; Owner: postgres
--

ALTER TABLE ONLY public.users_customuser_groups
    ADD CONSTRAINT users_customuser_groups_group_id_01390b14_fk_auth_group_id FOREIGN KEY (group_id) REFERENCES public.auth_group(id) DEFERRABLE INITIALLY DEFERRED;


--
-- Name: users_customuser_user_permissions users_customuser_use_customuser_id_5771478b_fk_users_cus; Type: FK CONSTRAINT; Schema: public; Owner: postgres
--

ALTER TABLE ONLY public.users_customuser_user_permissions
    ADD CONSTRAINT users_customuser_use_customuser_id_5771478b_fk_users_cus FOREIGN KEY (customuser_id) REFERENCES public.users_customuser(id) DEFERRABLE INITIALLY DEFERRED;


--
-- Name: users_customuser_user_permissions users_customuser_use_permission_id_baaa2f74_fk_auth_perm; Type: FK CONSTRAINT; Schema: public; Owner: postgres
--

ALTER TABLE ONLY public.users_customuser_user_permissions
    ADD CONSTRAINT users_customuser_use_permission_id_baaa2f74_fk_auth_perm FOREIGN KEY (permission_id) REFERENCES public.auth_permission(id) DEFERRABLE INITIALLY DEFERRED;


--
-- PostgreSQL database dump complete
--

